[2025-05-14 10:46:55] local.INFO: Podcast: {"post":null} 
[2025-05-14 10:46:55] local.INFO: Podcast: {"post":null} 
[2025-05-14 10:47:46] local.INFO: Podcast: {"post":{"App\\Podcast":{"id":9,"url":"URL","published":true,"published_format":"<i class='fas fa-circle text-success'></i>","date_format":"14 may. 2025","tags":[{"id":15,"name":"THIS IS MY TAG","podcast_id":9}]}}} 
[2025-05-14 10:47:46] local.INFO: Podcast: {"post":{"App\\Podcast":{"id":9,"url":"URL","published":true,"published_format":"<i class='fas fa-circle text-success'></i>","date_format":"14 may. 2025","tags":[{"id":15,"name":"THIS IS MY TAG","podcast_id":9}]}}} 
[2025-05-14 10:49:52] local.INFO: Podcast: {"post":{"App\\Podcast":{"id":9,"url":"URL","published_format":"<i class='fas fa-circle text-danger'></i>","date_format":"14 may. 2025","tags":[{"id":15,"name":"THIS IS MY TAG","podcast_id":9}]}}} 
[2025-05-14 10:49:52] local.INFO: Podcast: {"post":{"App\\Podcast":{"id":9,"url":"URL","published_format":"<i class='fas fa-circle text-danger'></i>","date_format":"14 may. 2025","tags":[{"id":15,"name":"THIS IS MY TAG","podcast_id":9}]}}} 
[2025-05-14 12:55:14] local.ERROR: SQLSTATE[23000]: Integrity constraint violation: 1062 Duplicate entry '31' for key 'master_modules.PRIMARY' (SQL: insert into `master_modules` (`id`, `name`, `slug`, `parent`, `icon`, `index`) values (31, Hi,Play, hiplay, 0, fas fa-film, 17)) {"exception":"[object] (Illuminate\\Database\\QueryException(code: 23000): SQLSTATE[23000]: Integrity constraint violation: 1062 Duplicate entry '31' for key 'master_modules.PRIMARY' (SQL: insert into `master_modules` (`id`, `name`, `slug`, `parent`, `icon`, `index`) values (31, Hi,Play, hiplay, 0, fas fa-film, 17)) at /home/alejandro/play-work/playgroup-admin---laravel/vendor/laravel/framework/src/Illuminate/Database/Connection.php:669)
[stacktrace]
#0 /home/alejandro/play-work/playgroup-admin---laravel/vendor/laravel/framework/src/Illuminate/Database/Connection.php(629): Illuminate\\Database\\Connection->runQueryCallback()
#1 /home/alejandro/play-work/playgroup-admin---laravel/vendor/laravel/framework/src/Illuminate/Database/Connection.php(464): Illuminate\\Database\\Connection->run()
#2 /home/alejandro/play-work/playgroup-admin---laravel/vendor/laravel/framework/src/Illuminate/Database/Connection.php(416): Illuminate\\Database\\Connection->statement()
#3 /home/alejandro/play-work/playgroup-admin---laravel/vendor/laravel/framework/src/Illuminate/Database/Query/Builder.php(2661): Illuminate\\Database\\Connection->insert()
#4 /home/alejandro/play-work/playgroup-admin---laravel/database/seeds/HiPlaySeeder.php(16): Illuminate\\Database\\Query\\Builder->insert()
#5 /home/alejandro/play-work/playgroup-admin---laravel/vendor/laravel/framework/src/Illuminate/Container/BoundMethod.php(36): HiPlaySeeder->run()
#6 /home/alejandro/play-work/playgroup-admin---laravel/vendor/laravel/framework/src/Illuminate/Container/Util.php(37): Illuminate\\Container\\BoundMethod::Illuminate\\Container\\{closure}()
#7 /home/alejandro/play-work/playgroup-admin---laravel/vendor/laravel/framework/src/Illuminate/Container/BoundMethod.php(93): Illuminate\\Container\\Util::unwrapIfClosure()
#8 /home/alejandro/play-work/playgroup-admin---laravel/vendor/laravel/framework/src/Illuminate/Container/BoundMethod.php(37): Illuminate\\Container\\BoundMethod::callBoundMethod()
#9 /home/alejandro/play-work/playgroup-admin---laravel/vendor/laravel/framework/src/Illuminate/Container/Container.php(590): Illuminate\\Container\\BoundMethod::call()
#10 /home/alejandro/play-work/playgroup-admin---laravel/vendor/laravel/framework/src/Illuminate/Database/Seeder.php(134): Illuminate\\Container\\Container->call()
#11 /home/alejandro/play-work/playgroup-admin---laravel/vendor/laravel/framework/src/Illuminate/Database/Seeder.php(48): Illuminate\\Database\\Seeder->__invoke()
#12 /home/alejandro/play-work/playgroup-admin---laravel/database/seeds/DatabaseSeeder.php(53): Illuminate\\Database\\Seeder->call()
#13 /home/alejandro/play-work/playgroup-admin---laravel/vendor/laravel/framework/src/Illuminate/Container/BoundMethod.php(36): DatabaseSeeder->run()
#14 /home/alejandro/play-work/playgroup-admin---laravel/vendor/laravel/framework/src/Illuminate/Container/Util.php(37): Illuminate\\Container\\BoundMethod::Illuminate\\Container\\{closure}()
#15 /home/alejandro/play-work/playgroup-admin---laravel/vendor/laravel/framework/src/Illuminate/Container/BoundMethod.php(93): Illuminate\\Container\\Util::unwrapIfClosure()
#16 /home/alejandro/play-work/playgroup-admin---laravel/vendor/laravel/framework/src/Illuminate/Container/BoundMethod.php(37): Illuminate\\Container\\BoundMethod::callBoundMethod()
#17 /home/alejandro/play-work/playgroup-admin---laravel/vendor/laravel/framework/src/Illuminate/Container/Container.php(590): Illuminate\\Container\\BoundMethod::call()
#18 /home/alejandro/play-work/playgroup-admin---laravel/vendor/laravel/framework/src/Illuminate/Database/Seeder.php(134): Illuminate\\Container\\Container->call()
#19 /home/alejandro/play-work/playgroup-admin---laravel/vendor/laravel/framework/src/Illuminate/Database/Console/Seeds/SeedCommand.php(63): Illuminate\\Database\\Seeder->__invoke()
#20 /home/alejandro/play-work/playgroup-admin---laravel/vendor/laravel/framework/src/Illuminate/Database/Eloquent/Concerns/GuardsAttributes.php(129): Illuminate\\Database\\Console\\Seeds\\SeedCommand->Illuminate\\Database\\Console\\Seeds\\{closure}()
#21 /home/alejandro/play-work/playgroup-admin---laravel/vendor/laravel/framework/src/Illuminate/Database/Console/Seeds/SeedCommand.php(64): Illuminate\\Database\\Eloquent\\Model::unguarded()
#22 /home/alejandro/play-work/playgroup-admin---laravel/vendor/laravel/framework/src/Illuminate/Container/BoundMethod.php(36): Illuminate\\Database\\Console\\Seeds\\SeedCommand->handle()
#23 /home/alejandro/play-work/playgroup-admin---laravel/vendor/laravel/framework/src/Illuminate/Container/Util.php(37): Illuminate\\Container\\BoundMethod::Illuminate\\Container\\{closure}()
#24 /home/alejandro/play-work/playgroup-admin---laravel/vendor/laravel/framework/src/Illuminate/Container/BoundMethod.php(93): Illuminate\\Container\\Util::unwrapIfClosure()
#25 /home/alejandro/play-work/playgroup-admin---laravel/vendor/laravel/framework/src/Illuminate/Container/BoundMethod.php(37): Illuminate\\Container\\BoundMethod::callBoundMethod()
#26 /home/alejandro/play-work/playgroup-admin---laravel/vendor/laravel/framework/src/Illuminate/Container/Container.php(590): Illuminate\\Container\\BoundMethod::call()
#27 /home/alejandro/play-work/playgroup-admin---laravel/vendor/laravel/framework/src/Illuminate/Console/Command.php(134): Illuminate\\Container\\Container->call()
#28 /home/alejandro/play-work/playgroup-admin---laravel/vendor/symfony/console/Command/Command.php(255): Illuminate\\Console\\Command->execute()
#29 /home/alejandro/play-work/playgroup-admin---laravel/vendor/laravel/framework/src/Illuminate/Console/Command.php(121): Symfony\\Component\\Console\\Command\\Command->run()
#30 /home/alejandro/play-work/playgroup-admin---laravel/vendor/laravel/framework/src/Illuminate/Console/Concerns/CallsCommands.php(56): Illuminate\\Console\\Command->run()
#31 /home/alejandro/play-work/playgroup-admin---laravel/vendor/laravel/framework/src/Illuminate/Console/Concerns/CallsCommands.php(28): Illuminate\\Console\\Command->runCommand()
#32 /home/alejandro/play-work/playgroup-admin---laravel/vendor/laravel/framework/src/Illuminate/Database/Console/Migrations/FreshCommand.php(79): Illuminate\\Console\\Command->call()
#33 /home/alejandro/play-work/playgroup-admin---laravel/vendor/laravel/framework/src/Illuminate/Database/Console/Migrations/FreshCommand.php(56): Illuminate\\Database\\Console\\Migrations\\FreshCommand->runSeeder()
#34 /home/alejandro/play-work/playgroup-admin---laravel/vendor/laravel/framework/src/Illuminate/Container/BoundMethod.php(36): Illuminate\\Database\\Console\\Migrations\\FreshCommand->handle()
#35 /home/alejandro/play-work/playgroup-admin---laravel/vendor/laravel/framework/src/Illuminate/Container/Util.php(37): Illuminate\\Container\\BoundMethod::Illuminate\\Container\\{closure}()
#36 /home/alejandro/play-work/playgroup-admin---laravel/vendor/laravel/framework/src/Illuminate/Container/BoundMethod.php(93): Illuminate\\Container\\Util::unwrapIfClosure()
#37 /home/alejandro/play-work/playgroup-admin---laravel/vendor/laravel/framework/src/Illuminate/Container/BoundMethod.php(37): Illuminate\\Container\\BoundMethod::callBoundMethod()
#38 /home/alejandro/play-work/playgroup-admin---laravel/vendor/laravel/framework/src/Illuminate/Container/Container.php(590): Illuminate\\Container\\BoundMethod::call()
#39 /home/alejandro/play-work/playgroup-admin---laravel/vendor/laravel/framework/src/Illuminate/Console/Command.php(134): Illuminate\\Container\\Container->call()
#40 /home/alejandro/play-work/playgroup-admin---laravel/vendor/symfony/console/Command/Command.php(255): Illuminate\\Console\\Command->execute()
#41 /home/alejandro/play-work/playgroup-admin---laravel/vendor/laravel/framework/src/Illuminate/Console/Command.php(121): Symfony\\Component\\Console\\Command\\Command->run()
#42 /home/alejandro/play-work/playgroup-admin---laravel/vendor/symfony/console/Application.php(1021): Illuminate\\Console\\Command->run()
#43 /home/alejandro/play-work/playgroup-admin---laravel/vendor/symfony/console/Application.php(275): Symfony\\Component\\Console\\Application->doRunCommand()
#44 /home/alejandro/play-work/playgroup-admin---laravel/vendor/symfony/console/Application.php(149): Symfony\\Component\\Console\\Application->doRun()
#45 /home/alejandro/play-work/playgroup-admin---laravel/vendor/laravel/framework/src/Illuminate/Console/Application.php(93): Symfony\\Component\\Console\\Application->run()
#46 /home/alejandro/play-work/playgroup-admin---laravel/vendor/laravel/framework/src/Illuminate/Foundation/Console/Kernel.php(131): Illuminate\\Console\\Application->run()
#47 /home/alejandro/play-work/playgroup-admin---laravel/artisan(37): Illuminate\\Foundation\\Console\\Kernel->handle()
#48 {main}

[previous exception] [object] (Doctrine\\DBAL\\Driver\\PDO\\Exception(code: 23000): SQLSTATE[23000]: Integrity constraint violation: 1062 Duplicate entry '31' for key 'master_modules.PRIMARY' at /home/alejandro/play-work/playgroup-admin---laravel/vendor/doctrine/dbal/lib/Doctrine/DBAL/Driver/PDO/Exception.php:18)
[stacktrace]
#0 /home/alejandro/play-work/playgroup-admin---laravel/vendor/doctrine/dbal/lib/Doctrine/DBAL/Driver/PDOStatement.php(119): Doctrine\\DBAL\\Driver\\PDO\\Exception::new()
#1 /home/alejandro/play-work/playgroup-admin---laravel/vendor/laravel/framework/src/Illuminate/Database/Connection.php(463): Doctrine\\DBAL\\Driver\\PDOStatement->execute()
#2 /home/alejandro/play-work/playgroup-admin---laravel/vendor/laravel/framework/src/Illuminate/Database/Connection.php(662): Illuminate\\Database\\Connection->Illuminate\\Database\\{closure}()
#3 /home/alejandro/play-work/playgroup-admin---laravel/vendor/laravel/framework/src/Illuminate/Database/Connection.php(629): Illuminate\\Database\\Connection->runQueryCallback()
#4 /home/alejandro/play-work/playgroup-admin---laravel/vendor/laravel/framework/src/Illuminate/Database/Connection.php(464): Illuminate\\Database\\Connection->run()
#5 /home/alejandro/play-work/playgroup-admin---laravel/vendor/laravel/framework/src/Illuminate/Database/Connection.php(416): Illuminate\\Database\\Connection->statement()
#6 /home/alejandro/play-work/playgroup-admin---laravel/vendor/laravel/framework/src/Illuminate/Database/Query/Builder.php(2661): Illuminate\\Database\\Connection->insert()
#7 /home/alejandro/play-work/playgroup-admin---laravel/database/seeds/HiPlaySeeder.php(16): Illuminate\\Database\\Query\\Builder->insert()
#8 /home/alejandro/play-work/playgroup-admin---laravel/vendor/laravel/framework/src/Illuminate/Container/BoundMethod.php(36): HiPlaySeeder->run()
#9 /home/alejandro/play-work/playgroup-admin---laravel/vendor/laravel/framework/src/Illuminate/Container/Util.php(37): Illuminate\\Container\\BoundMethod::Illuminate\\Container\\{closure}()
#10 /home/alejandro/play-work/playgroup-admin---laravel/vendor/laravel/framework/src/Illuminate/Container/BoundMethod.php(93): Illuminate\\Container\\Util::unwrapIfClosure()
#11 /home/alejandro/play-work/playgroup-admin---laravel/vendor/laravel/framework/src/Illuminate/Container/BoundMethod.php(37): Illuminate\\Container\\BoundMethod::callBoundMethod()
#12 /home/alejandro/play-work/playgroup-admin---laravel/vendor/laravel/framework/src/Illuminate/Container/Container.php(590): Illuminate\\Container\\BoundMethod::call()
#13 /home/alejandro/play-work/playgroup-admin---laravel/vendor/laravel/framework/src/Illuminate/Database/Seeder.php(134): Illuminate\\Container\\Container->call()
#14 /home/alejandro/play-work/playgroup-admin---laravel/vendor/laravel/framework/src/Illuminate/Database/Seeder.php(48): Illuminate\\Database\\Seeder->__invoke()
#15 /home/alejandro/play-work/playgroup-admin---laravel/database/seeds/DatabaseSeeder.php(53): Illuminate\\Database\\Seeder->call()
#16 /home/alejandro/play-work/playgroup-admin---laravel/vendor/laravel/framework/src/Illuminate/Container/BoundMethod.php(36): DatabaseSeeder->run()
#17 /home/alejandro/play-work/playgroup-admin---laravel/vendor/laravel/framework/src/Illuminate/Container/Util.php(37): Illuminate\\Container\\BoundMethod::Illuminate\\Container\\{closure}()
#18 /home/alejandro/play-work/playgroup-admin---laravel/vendor/laravel/framework/src/Illuminate/Container/BoundMethod.php(93): Illuminate\\Container\\Util::unwrapIfClosure()
#19 /home/alejandro/play-work/playgroup-admin---laravel/vendor/laravel/framework/src/Illuminate/Container/BoundMethod.php(37): Illuminate\\Container\\BoundMethod::callBoundMethod()
#20 /home/alejandro/play-work/playgroup-admin---laravel/vendor/laravel/framework/src/Illuminate/Container/Container.php(590): Illuminate\\Container\\BoundMethod::call()
#21 /home/alejandro/play-work/playgroup-admin---laravel/vendor/laravel/framework/src/Illuminate/Database/Seeder.php(134): Illuminate\\Container\\Container->call()
#22 /home/alejandro/play-work/playgroup-admin---laravel/vendor/laravel/framework/src/Illuminate/Database/Console/Seeds/SeedCommand.php(63): Illuminate\\Database\\Seeder->__invoke()
#23 /home/alejandro/play-work/playgroup-admin---laravel/vendor/laravel/framework/src/Illuminate/Database/Eloquent/Concerns/GuardsAttributes.php(129): Illuminate\\Database\\Console\\Seeds\\SeedCommand->Illuminate\\Database\\Console\\Seeds\\{closure}()
#24 /home/alejandro/play-work/playgroup-admin---laravel/vendor/laravel/framework/src/Illuminate/Database/Console/Seeds/SeedCommand.php(64): Illuminate\\Database\\Eloquent\\Model::unguarded()
#25 /home/alejandro/play-work/playgroup-admin---laravel/vendor/laravel/framework/src/Illuminate/Container/BoundMethod.php(36): Illuminate\\Database\\Console\\Seeds\\SeedCommand->handle()
#26 /home/alejandro/play-work/playgroup-admin---laravel/vendor/laravel/framework/src/Illuminate/Container/Util.php(37): Illuminate\\Container\\BoundMethod::Illuminate\\Container\\{closure}()
#27 /home/alejandro/play-work/playgroup-admin---laravel/vendor/laravel/framework/src/Illuminate/Container/BoundMethod.php(93): Illuminate\\Container\\Util::unwrapIfClosure()
#28 /home/alejandro/play-work/playgroup-admin---laravel/vendor/laravel/framework/src/Illuminate/Container/BoundMethod.php(37): Illuminate\\Container\\BoundMethod::callBoundMethod()
#29 /home/alejandro/play-work/playgroup-admin---laravel/vendor/laravel/framework/src/Illuminate/Container/Container.php(590): Illuminate\\Container\\BoundMethod::call()
#30 /home/alejandro/play-work/playgroup-admin---laravel/vendor/laravel/framework/src/Illuminate/Console/Command.php(134): Illuminate\\Container\\Container->call()
#31 /home/alejandro/play-work/playgroup-admin---laravel/vendor/symfony/console/Command/Command.php(255): Illuminate\\Console\\Command->execute()
#32 /home/alejandro/play-work/playgroup-admin---laravel/vendor/laravel/framework/src/Illuminate/Console/Command.php(121): Symfony\\Component\\Console\\Command\\Command->run()
#33 /home/alejandro/play-work/playgroup-admin---laravel/vendor/laravel/framework/src/Illuminate/Console/Concerns/CallsCommands.php(56): Illuminate\\Console\\Command->run()
#34 /home/alejandro/play-work/playgroup-admin---laravel/vendor/laravel/framework/src/Illuminate/Console/Concerns/CallsCommands.php(28): Illuminate\\Console\\Command->runCommand()
#35 /home/alejandro/play-work/playgroup-admin---laravel/vendor/laravel/framework/src/Illuminate/Database/Console/Migrations/FreshCommand.php(79): Illuminate\\Console\\Command->call()
#36 /home/alejandro/play-work/playgroup-admin---laravel/vendor/laravel/framework/src/Illuminate/Database/Console/Migrations/FreshCommand.php(56): Illuminate\\Database\\Console\\Migrations\\FreshCommand->runSeeder()
#37 /home/alejandro/play-work/playgroup-admin---laravel/vendor/laravel/framework/src/Illuminate/Container/BoundMethod.php(36): Illuminate\\Database\\Console\\Migrations\\FreshCommand->handle()
#38 /home/alejandro/play-work/playgroup-admin---laravel/vendor/laravel/framework/src/Illuminate/Container/Util.php(37): Illuminate\\Container\\BoundMethod::Illuminate\\Container\\{closure}()
#39 /home/alejandro/play-work/playgroup-admin---laravel/vendor/laravel/framework/src/Illuminate/Container/BoundMethod.php(93): Illuminate\\Container\\Util::unwrapIfClosure()
#40 /home/alejandro/play-work/playgroup-admin---laravel/vendor/laravel/framework/src/Illuminate/Container/BoundMethod.php(37): Illuminate\\Container\\BoundMethod::callBoundMethod()
#41 /home/alejandro/play-work/playgroup-admin---laravel/vendor/laravel/framework/src/Illuminate/Container/Container.php(590): Illuminate\\Container\\BoundMethod::call()
#42 /home/alejandro/play-work/playgroup-admin---laravel/vendor/laravel/framework/src/Illuminate/Console/Command.php(134): Illuminate\\Container\\Container->call()
#43 /home/alejandro/play-work/playgroup-admin---laravel/vendor/symfony/console/Command/Command.php(255): Illuminate\\Console\\Command->execute()
#44 /home/alejandro/play-work/playgroup-admin---laravel/vendor/laravel/framework/src/Illuminate/Console/Command.php(121): Symfony\\Component\\Console\\Command\\Command->run()
#45 /home/alejandro/play-work/playgroup-admin---laravel/vendor/symfony/console/Application.php(1021): Illuminate\\Console\\Command->run()
#46 /home/alejandro/play-work/playgroup-admin---laravel/vendor/symfony/console/Application.php(275): Symfony\\Component\\Console\\Application->doRunCommand()
#47 /home/alejandro/play-work/playgroup-admin---laravel/vendor/symfony/console/Application.php(149): Symfony\\Component\\Console\\Application->doRun()
#48 /home/alejandro/play-work/playgroup-admin---laravel/vendor/laravel/framework/src/Illuminate/Console/Application.php(93): Symfony\\Component\\Console\\Application->run()
#49 /home/alejandro/play-work/playgroup-admin---laravel/vendor/laravel/framework/src/Illuminate/Foundation/Console/Kernel.php(131): Illuminate\\Console\\Application->run()
#50 /home/alejandro/play-work/playgroup-admin---laravel/artisan(37): Illuminate\\Foundation\\Console\\Kernel->handle()
#51 {main}

[previous exception] [object] (PDOException(code: 23000): SQLSTATE[23000]: Integrity constraint violation: 1062 Duplicate entry '31' for key 'master_modules.PRIMARY' at /home/alejandro/play-work/playgroup-admin---laravel/vendor/doctrine/dbal/lib/Doctrine/DBAL/Driver/PDOStatement.php:117)
[stacktrace]
#0 /home/alejandro/play-work/playgroup-admin---laravel/vendor/doctrine/dbal/lib/Doctrine/DBAL/Driver/PDOStatement.php(117): PDOStatement->execute()
#1 /home/alejandro/play-work/playgroup-admin---laravel/vendor/laravel/framework/src/Illuminate/Database/Connection.php(463): Doctrine\\DBAL\\Driver\\PDOStatement->execute()
#2 /home/alejandro/play-work/playgroup-admin---laravel/vendor/laravel/framework/src/Illuminate/Database/Connection.php(662): Illuminate\\Database\\Connection->Illuminate\\Database\\{closure}()
#3 /home/alejandro/play-work/playgroup-admin---laravel/vendor/laravel/framework/src/Illuminate/Database/Connection.php(629): Illuminate\\Database\\Connection->runQueryCallback()
#4 /home/alejandro/play-work/playgroup-admin---laravel/vendor/laravel/framework/src/Illuminate/Database/Connection.php(464): Illuminate\\Database\\Connection->run()
#5 /home/alejandro/play-work/playgroup-admin---laravel/vendor/laravel/framework/src/Illuminate/Database/Connection.php(416): Illuminate\\Database\\Connection->statement()
#6 /home/alejandro/play-work/playgroup-admin---laravel/vendor/laravel/framework/src/Illuminate/Database/Query/Builder.php(2661): Illuminate\\Database\\Connection->insert()
#7 /home/alejandro/play-work/playgroup-admin---laravel/database/seeds/HiPlaySeeder.php(16): Illuminate\\Database\\Query\\Builder->insert()
#8 /home/alejandro/play-work/playgroup-admin---laravel/vendor/laravel/framework/src/Illuminate/Container/BoundMethod.php(36): HiPlaySeeder->run()
#9 /home/alejandro/play-work/playgroup-admin---laravel/vendor/laravel/framework/src/Illuminate/Container/Util.php(37): Illuminate\\Container\\BoundMethod::Illuminate\\Container\\{closure}()
#10 /home/alejandro/play-work/playgroup-admin---laravel/vendor/laravel/framework/src/Illuminate/Container/BoundMethod.php(93): Illuminate\\Container\\Util::unwrapIfClosure()
#11 /home/alejandro/play-work/playgroup-admin---laravel/vendor/laravel/framework/src/Illuminate/Container/BoundMethod.php(37): Illuminate\\Container\\BoundMethod::callBoundMethod()
#12 /home/alejandro/play-work/playgroup-admin---laravel/vendor/laravel/framework/src/Illuminate/Container/Container.php(590): Illuminate\\Container\\BoundMethod::call()
#13 /home/alejandro/play-work/playgroup-admin---laravel/vendor/laravel/framework/src/Illuminate/Database/Seeder.php(134): Illuminate\\Container\\Container->call()
#14 /home/alejandro/play-work/playgroup-admin---laravel/vendor/laravel/framework/src/Illuminate/Database/Seeder.php(48): Illuminate\\Database\\Seeder->__invoke()
#15 /home/alejandro/play-work/playgroup-admin---laravel/database/seeds/DatabaseSeeder.php(53): Illuminate\\Database\\Seeder->call()
#16 /home/alejandro/play-work/playgroup-admin---laravel/vendor/laravel/framework/src/Illuminate/Container/BoundMethod.php(36): DatabaseSeeder->run()
#17 /home/alejandro/play-work/playgroup-admin---laravel/vendor/laravel/framework/src/Illuminate/Container/Util.php(37): Illuminate\\Container\\BoundMethod::Illuminate\\Container\\{closure}()
#18 /home/alejandro/play-work/playgroup-admin---laravel/vendor/laravel/framework/src/Illuminate/Container/BoundMethod.php(93): Illuminate\\Container\\Util::unwrapIfClosure()
#19 /home/alejandro/play-work/playgroup-admin---laravel/vendor/laravel/framework/src/Illuminate/Container/BoundMethod.php(37): Illuminate\\Container\\BoundMethod::callBoundMethod()
#20 /home/alejandro/play-work/playgroup-admin---laravel/vendor/laravel/framework/src/Illuminate/Container/Container.php(590): Illuminate\\Container\\BoundMethod::call()
#21 /home/alejandro/play-work/playgroup-admin---laravel/vendor/laravel/framework/src/Illuminate/Database/Seeder.php(134): Illuminate\\Container\\Container->call()
#22 /home/alejandro/play-work/playgroup-admin---laravel/vendor/laravel/framework/src/Illuminate/Database/Console/Seeds/SeedCommand.php(63): Illuminate\\Database\\Seeder->__invoke()
#23 /home/alejandro/play-work/playgroup-admin---laravel/vendor/laravel/framework/src/Illuminate/Database/Eloquent/Concerns/GuardsAttributes.php(129): Illuminate\\Database\\Console\\Seeds\\SeedCommand->Illuminate\\Database\\Console\\Seeds\\{closure}()
#24 /home/alejandro/play-work/playgroup-admin---laravel/vendor/laravel/framework/src/Illuminate/Database/Console/Seeds/SeedCommand.php(64): Illuminate\\Database\\Eloquent\\Model::unguarded()
#25 /home/alejandro/play-work/playgroup-admin---laravel/vendor/laravel/framework/src/Illuminate/Container/BoundMethod.php(36): Illuminate\\Database\\Console\\Seeds\\SeedCommand->handle()
#26 /home/alejandro/play-work/playgroup-admin---laravel/vendor/laravel/framework/src/Illuminate/Container/Util.php(37): Illuminate\\Container\\BoundMethod::Illuminate\\Container\\{closure}()
#27 /home/alejandro/play-work/playgroup-admin---laravel/vendor/laravel/framework/src/Illuminate/Container/BoundMethod.php(93): Illuminate\\Container\\Util::unwrapIfClosure()
#28 /home/alejandro/play-work/playgroup-admin---laravel/vendor/laravel/framework/src/Illuminate/Container/BoundMethod.php(37): Illuminate\\Container\\BoundMethod::callBoundMethod()
#29 /home/alejandro/play-work/playgroup-admin---laravel/vendor/laravel/framework/src/Illuminate/Container/Container.php(590): Illuminate\\Container\\BoundMethod::call()
#30 /home/alejandro/play-work/playgroup-admin---laravel/vendor/laravel/framework/src/Illuminate/Console/Command.php(134): Illuminate\\Container\\Container->call()
#31 /home/alejandro/play-work/playgroup-admin---laravel/vendor/symfony/console/Command/Command.php(255): Illuminate\\Console\\Command->execute()
#32 /home/alejandro/play-work/playgroup-admin---laravel/vendor/laravel/framework/src/Illuminate/Console/Command.php(121): Symfony\\Component\\Console\\Command\\Command->run()
#33 /home/alejandro/play-work/playgroup-admin---laravel/vendor/laravel/framework/src/Illuminate/Console/Concerns/CallsCommands.php(56): Illuminate\\Console\\Command->run()
#34 /home/alejandro/play-work/playgroup-admin---laravel/vendor/laravel/framework/src/Illuminate/Console/Concerns/CallsCommands.php(28): Illuminate\\Console\\Command->runCommand()
#35 /home/alejandro/play-work/playgroup-admin---laravel/vendor/laravel/framework/src/Illuminate/Database/Console/Migrations/FreshCommand.php(79): Illuminate\\Console\\Command->call()
#36 /home/alejandro/play-work/playgroup-admin---laravel/vendor/laravel/framework/src/Illuminate/Database/Console/Migrations/FreshCommand.php(56): Illuminate\\Database\\Console\\Migrations\\FreshCommand->runSeeder()
#37 /home/alejandro/play-work/playgroup-admin---laravel/vendor/laravel/framework/src/Illuminate/Container/BoundMethod.php(36): Illuminate\\Database\\Console\\Migrations\\FreshCommand->handle()
#38 /home/alejandro/play-work/playgroup-admin---laravel/vendor/laravel/framework/src/Illuminate/Container/Util.php(37): Illuminate\\Container\\BoundMethod::Illuminate\\Container\\{closure}()
#39 /home/alejandro/play-work/playgroup-admin---laravel/vendor/laravel/framework/src/Illuminate/Container/BoundMethod.php(93): Illuminate\\Container\\Util::unwrapIfClosure()
#40 /home/alejandro/play-work/playgroup-admin---laravel/vendor/laravel/framework/src/Illuminate/Container/BoundMethod.php(37): Illuminate\\Container\\BoundMethod::callBoundMethod()
#41 /home/alejandro/play-work/playgroup-admin---laravel/vendor/laravel/framework/src/Illuminate/Container/Container.php(590): Illuminate\\Container\\BoundMethod::call()
#42 /home/alejandro/play-work/playgroup-admin---laravel/vendor/laravel/framework/src/Illuminate/Console/Command.php(134): Illuminate\\Container\\Container->call()
#43 /home/alejandro/play-work/playgroup-admin---laravel/vendor/symfony/console/Command/Command.php(255): Illuminate\\Console\\Command->execute()
#44 /home/alejandro/play-work/playgroup-admin---laravel/vendor/laravel/framework/src/Illuminate/Console/Command.php(121): Symfony\\Component\\Console\\Command\\Command->run()
#45 /home/alejandro/play-work/playgroup-admin---laravel/vendor/symfony/console/Application.php(1021): Illuminate\\Console\\Command->run()
#46 /home/alejandro/play-work/playgroup-admin---laravel/vendor/symfony/console/Application.php(275): Symfony\\Component\\Console\\Application->doRunCommand()
#47 /home/alejandro/play-work/playgroup-admin---laravel/vendor/symfony/console/Application.php(149): Symfony\\Component\\Console\\Application->doRun()
#48 /home/alejandro/play-work/playgroup-admin---laravel/vendor/laravel/framework/src/Illuminate/Console/Application.php(93): Symfony\\Component\\Console\\Application->run()
#49 /home/alejandro/play-work/playgroup-admin---laravel/vendor/laravel/framework/src/Illuminate/Foundation/Console/Kernel.php(131): Illuminate\\Console\\Application->run()
#50 /home/alejandro/play-work/playgroup-admin---laravel/artisan(37): Illuminate\\Foundation\\Console\\Kernel->handle()
#51 {main}
"} 
[2025-05-14 12:56:01] local.ERROR: SQLSTATE[23000]: Integrity constraint violation: 1062 Duplicate entry '31' for key 'master_modules.PRIMARY' (SQL: insert into `master_modules` (`id`, `name`, `slug`, `parent`, `icon`, `index`) values (31, Hi,Play, hiplay, 0, fas fa-film, 17)) {"exception":"[object] (Illuminate\\Database\\QueryException(code: 23000): SQLSTATE[23000]: Integrity constraint violation: 1062 Duplicate entry '31' for key 'master_modules.PRIMARY' (SQL: insert into `master_modules` (`id`, `name`, `slug`, `parent`, `icon`, `index`) values (31, Hi,Play, hiplay, 0, fas fa-film, 17)) at /home/alejandro/play-work/playgroup-admin---laravel/vendor/laravel/framework/src/Illuminate/Database/Connection.php:669)
[stacktrace]
#0 /home/alejandro/play-work/playgroup-admin---laravel/vendor/laravel/framework/src/Illuminate/Database/Connection.php(629): Illuminate\\Database\\Connection->runQueryCallback()
#1 /home/alejandro/play-work/playgroup-admin---laravel/vendor/laravel/framework/src/Illuminate/Database/Connection.php(464): Illuminate\\Database\\Connection->run()
#2 /home/alejandro/play-work/playgroup-admin---laravel/vendor/laravel/framework/src/Illuminate/Database/Connection.php(416): Illuminate\\Database\\Connection->statement()
#3 /home/alejandro/play-work/playgroup-admin---laravel/vendor/laravel/framework/src/Illuminate/Database/Query/Builder.php(2661): Illuminate\\Database\\Connection->insert()
#4 /home/alejandro/play-work/playgroup-admin---laravel/database/seeds/HiPlaySeeder.php(16): Illuminate\\Database\\Query\\Builder->insert()
#5 /home/alejandro/play-work/playgroup-admin---laravel/vendor/laravel/framework/src/Illuminate/Container/BoundMethod.php(36): HiPlaySeeder->run()
#6 /home/alejandro/play-work/playgroup-admin---laravel/vendor/laravel/framework/src/Illuminate/Container/Util.php(37): Illuminate\\Container\\BoundMethod::Illuminate\\Container\\{closure}()
#7 /home/alejandro/play-work/playgroup-admin---laravel/vendor/laravel/framework/src/Illuminate/Container/BoundMethod.php(93): Illuminate\\Container\\Util::unwrapIfClosure()
#8 /home/alejandro/play-work/playgroup-admin---laravel/vendor/laravel/framework/src/Illuminate/Container/BoundMethod.php(37): Illuminate\\Container\\BoundMethod::callBoundMethod()
#9 /home/alejandro/play-work/playgroup-admin---laravel/vendor/laravel/framework/src/Illuminate/Container/Container.php(590): Illuminate\\Container\\BoundMethod::call()
#10 /home/alejandro/play-work/playgroup-admin---laravel/vendor/laravel/framework/src/Illuminate/Database/Seeder.php(134): Illuminate\\Container\\Container->call()
#11 /home/alejandro/play-work/playgroup-admin---laravel/vendor/laravel/framework/src/Illuminate/Database/Seeder.php(48): Illuminate\\Database\\Seeder->__invoke()
#12 /home/alejandro/play-work/playgroup-admin---laravel/database/seeds/DatabaseSeeder.php(53): Illuminate\\Database\\Seeder->call()
#13 /home/alejandro/play-work/playgroup-admin---laravel/vendor/laravel/framework/src/Illuminate/Container/BoundMethod.php(36): DatabaseSeeder->run()
#14 /home/alejandro/play-work/playgroup-admin---laravel/vendor/laravel/framework/src/Illuminate/Container/Util.php(37): Illuminate\\Container\\BoundMethod::Illuminate\\Container\\{closure}()
#15 /home/alejandro/play-work/playgroup-admin---laravel/vendor/laravel/framework/src/Illuminate/Container/BoundMethod.php(93): Illuminate\\Container\\Util::unwrapIfClosure()
#16 /home/alejandro/play-work/playgroup-admin---laravel/vendor/laravel/framework/src/Illuminate/Container/BoundMethod.php(37): Illuminate\\Container\\BoundMethod::callBoundMethod()
#17 /home/alejandro/play-work/playgroup-admin---laravel/vendor/laravel/framework/src/Illuminate/Container/Container.php(590): Illuminate\\Container\\BoundMethod::call()
#18 /home/alejandro/play-work/playgroup-admin---laravel/vendor/laravel/framework/src/Illuminate/Database/Seeder.php(134): Illuminate\\Container\\Container->call()
#19 /home/alejandro/play-work/playgroup-admin---laravel/vendor/laravel/framework/src/Illuminate/Database/Console/Seeds/SeedCommand.php(63): Illuminate\\Database\\Seeder->__invoke()
#20 /home/alejandro/play-work/playgroup-admin---laravel/vendor/laravel/framework/src/Illuminate/Database/Eloquent/Concerns/GuardsAttributes.php(129): Illuminate\\Database\\Console\\Seeds\\SeedCommand->Illuminate\\Database\\Console\\Seeds\\{closure}()
#21 /home/alejandro/play-work/playgroup-admin---laravel/vendor/laravel/framework/src/Illuminate/Database/Console/Seeds/SeedCommand.php(64): Illuminate\\Database\\Eloquent\\Model::unguarded()
#22 /home/alejandro/play-work/playgroup-admin---laravel/vendor/laravel/framework/src/Illuminate/Container/BoundMethod.php(36): Illuminate\\Database\\Console\\Seeds\\SeedCommand->handle()
#23 /home/alejandro/play-work/playgroup-admin---laravel/vendor/laravel/framework/src/Illuminate/Container/Util.php(37): Illuminate\\Container\\BoundMethod::Illuminate\\Container\\{closure}()
#24 /home/alejandro/play-work/playgroup-admin---laravel/vendor/laravel/framework/src/Illuminate/Container/BoundMethod.php(93): Illuminate\\Container\\Util::unwrapIfClosure()
#25 /home/alejandro/play-work/playgroup-admin---laravel/vendor/laravel/framework/src/Illuminate/Container/BoundMethod.php(37): Illuminate\\Container\\BoundMethod::callBoundMethod()
#26 /home/alejandro/play-work/playgroup-admin---laravel/vendor/laravel/framework/src/Illuminate/Container/Container.php(590): Illuminate\\Container\\BoundMethod::call()
#27 /home/alejandro/play-work/playgroup-admin---laravel/vendor/laravel/framework/src/Illuminate/Console/Command.php(134): Illuminate\\Container\\Container->call()
#28 /home/alejandro/play-work/playgroup-admin---laravel/vendor/symfony/console/Command/Command.php(255): Illuminate\\Console\\Command->execute()
#29 /home/alejandro/play-work/playgroup-admin---laravel/vendor/laravel/framework/src/Illuminate/Console/Command.php(121): Symfony\\Component\\Console\\Command\\Command->run()
#30 /home/alejandro/play-work/playgroup-admin---laravel/vendor/symfony/console/Application.php(1021): Illuminate\\Console\\Command->run()
#31 /home/alejandro/play-work/playgroup-admin---laravel/vendor/symfony/console/Application.php(275): Symfony\\Component\\Console\\Application->doRunCommand()
#32 /home/alejandro/play-work/playgroup-admin---laravel/vendor/symfony/console/Application.php(149): Symfony\\Component\\Console\\Application->doRun()
#33 /home/alejandro/play-work/playgroup-admin---laravel/vendor/laravel/framework/src/Illuminate/Console/Application.php(93): Symfony\\Component\\Console\\Application->run()
#34 /home/alejandro/play-work/playgroup-admin---laravel/vendor/laravel/framework/src/Illuminate/Foundation/Console/Kernel.php(131): Illuminate\\Console\\Application->run()
#35 /home/alejandro/play-work/playgroup-admin---laravel/artisan(37): Illuminate\\Foundation\\Console\\Kernel->handle()
#36 {main}

[previous exception] [object] (Doctrine\\DBAL\\Driver\\PDO\\Exception(code: 23000): SQLSTATE[23000]: Integrity constraint violation: 1062 Duplicate entry '31' for key 'master_modules.PRIMARY' at /home/alejandro/play-work/playgroup-admin---laravel/vendor/doctrine/dbal/lib/Doctrine/DBAL/Driver/PDO/Exception.php:18)
[stacktrace]
#0 /home/alejandro/play-work/playgroup-admin---laravel/vendor/doctrine/dbal/lib/Doctrine/DBAL/Driver/PDOStatement.php(119): Doctrine\\DBAL\\Driver\\PDO\\Exception::new()
#1 /home/alejandro/play-work/playgroup-admin---laravel/vendor/laravel/framework/src/Illuminate/Database/Connection.php(463): Doctrine\\DBAL\\Driver\\PDOStatement->execute()
#2 /home/alejandro/play-work/playgroup-admin---laravel/vendor/laravel/framework/src/Illuminate/Database/Connection.php(662): Illuminate\\Database\\Connection->Illuminate\\Database\\{closure}()
#3 /home/alejandro/play-work/playgroup-admin---laravel/vendor/laravel/framework/src/Illuminate/Database/Connection.php(629): Illuminate\\Database\\Connection->runQueryCallback()
#4 /home/alejandro/play-work/playgroup-admin---laravel/vendor/laravel/framework/src/Illuminate/Database/Connection.php(464): Illuminate\\Database\\Connection->run()
#5 /home/alejandro/play-work/playgroup-admin---laravel/vendor/laravel/framework/src/Illuminate/Database/Connection.php(416): Illuminate\\Database\\Connection->statement()
#6 /home/alejandro/play-work/playgroup-admin---laravel/vendor/laravel/framework/src/Illuminate/Database/Query/Builder.php(2661): Illuminate\\Database\\Connection->insert()
#7 /home/alejandro/play-work/playgroup-admin---laravel/database/seeds/HiPlaySeeder.php(16): Illuminate\\Database\\Query\\Builder->insert()
#8 /home/alejandro/play-work/playgroup-admin---laravel/vendor/laravel/framework/src/Illuminate/Container/BoundMethod.php(36): HiPlaySeeder->run()
#9 /home/alejandro/play-work/playgroup-admin---laravel/vendor/laravel/framework/src/Illuminate/Container/Util.php(37): Illuminate\\Container\\BoundMethod::Illuminate\\Container\\{closure}()
#10 /home/alejandro/play-work/playgroup-admin---laravel/vendor/laravel/framework/src/Illuminate/Container/BoundMethod.php(93): Illuminate\\Container\\Util::unwrapIfClosure()
#11 /home/alejandro/play-work/playgroup-admin---laravel/vendor/laravel/framework/src/Illuminate/Container/BoundMethod.php(37): Illuminate\\Container\\BoundMethod::callBoundMethod()
#12 /home/alejandro/play-work/playgroup-admin---laravel/vendor/laravel/framework/src/Illuminate/Container/Container.php(590): Illuminate\\Container\\BoundMethod::call()
#13 /home/alejandro/play-work/playgroup-admin---laravel/vendor/laravel/framework/src/Illuminate/Database/Seeder.php(134): Illuminate\\Container\\Container->call()
#14 /home/alejandro/play-work/playgroup-admin---laravel/vendor/laravel/framework/src/Illuminate/Database/Seeder.php(48): Illuminate\\Database\\Seeder->__invoke()
#15 /home/alejandro/play-work/playgroup-admin---laravel/database/seeds/DatabaseSeeder.php(53): Illuminate\\Database\\Seeder->call()
#16 /home/alejandro/play-work/playgroup-admin---laravel/vendor/laravel/framework/src/Illuminate/Container/BoundMethod.php(36): DatabaseSeeder->run()
#17 /home/alejandro/play-work/playgroup-admin---laravel/vendor/laravel/framework/src/Illuminate/Container/Util.php(37): Illuminate\\Container\\BoundMethod::Illuminate\\Container\\{closure}()
#18 /home/alejandro/play-work/playgroup-admin---laravel/vendor/laravel/framework/src/Illuminate/Container/BoundMethod.php(93): Illuminate\\Container\\Util::unwrapIfClosure()
#19 /home/alejandro/play-work/playgroup-admin---laravel/vendor/laravel/framework/src/Illuminate/Container/BoundMethod.php(37): Illuminate\\Container\\BoundMethod::callBoundMethod()
#20 /home/alejandro/play-work/playgroup-admin---laravel/vendor/laravel/framework/src/Illuminate/Container/Container.php(590): Illuminate\\Container\\BoundMethod::call()
#21 /home/alejandro/play-work/playgroup-admin---laravel/vendor/laravel/framework/src/Illuminate/Database/Seeder.php(134): Illuminate\\Container\\Container->call()
#22 /home/alejandro/play-work/playgroup-admin---laravel/vendor/laravel/framework/src/Illuminate/Database/Console/Seeds/SeedCommand.php(63): Illuminate\\Database\\Seeder->__invoke()
#23 /home/alejandro/play-work/playgroup-admin---laravel/vendor/laravel/framework/src/Illuminate/Database/Eloquent/Concerns/GuardsAttributes.php(129): Illuminate\\Database\\Console\\Seeds\\SeedCommand->Illuminate\\Database\\Console\\Seeds\\{closure}()
#24 /home/alejandro/play-work/playgroup-admin---laravel/vendor/laravel/framework/src/Illuminate/Database/Console/Seeds/SeedCommand.php(64): Illuminate\\Database\\Eloquent\\Model::unguarded()
#25 /home/alejandro/play-work/playgroup-admin---laravel/vendor/laravel/framework/src/Illuminate/Container/BoundMethod.php(36): Illuminate\\Database\\Console\\Seeds\\SeedCommand->handle()
#26 /home/alejandro/play-work/playgroup-admin---laravel/vendor/laravel/framework/src/Illuminate/Container/Util.php(37): Illuminate\\Container\\BoundMethod::Illuminate\\Container\\{closure}()
#27 /home/alejandro/play-work/playgroup-admin---laravel/vendor/laravel/framework/src/Illuminate/Container/BoundMethod.php(93): Illuminate\\Container\\Util::unwrapIfClosure()
#28 /home/alejandro/play-work/playgroup-admin---laravel/vendor/laravel/framework/src/Illuminate/Container/BoundMethod.php(37): Illuminate\\Container\\BoundMethod::callBoundMethod()
#29 /home/alejandro/play-work/playgroup-admin---laravel/vendor/laravel/framework/src/Illuminate/Container/Container.php(590): Illuminate\\Container\\BoundMethod::call()
#30 /home/alejandro/play-work/playgroup-admin---laravel/vendor/laravel/framework/src/Illuminate/Console/Command.php(134): Illuminate\\Container\\Container->call()
#31 /home/alejandro/play-work/playgroup-admin---laravel/vendor/symfony/console/Command/Command.php(255): Illuminate\\Console\\Command->execute()
#32 /home/alejandro/play-work/playgroup-admin---laravel/vendor/laravel/framework/src/Illuminate/Console/Command.php(121): Symfony\\Component\\Console\\Command\\Command->run()
#33 /home/alejandro/play-work/playgroup-admin---laravel/vendor/symfony/console/Application.php(1021): Illuminate\\Console\\Command->run()
#34 /home/alejandro/play-work/playgroup-admin---laravel/vendor/symfony/console/Application.php(275): Symfony\\Component\\Console\\Application->doRunCommand()
#35 /home/alejandro/play-work/playgroup-admin---laravel/vendor/symfony/console/Application.php(149): Symfony\\Component\\Console\\Application->doRun()
#36 /home/alejandro/play-work/playgroup-admin---laravel/vendor/laravel/framework/src/Illuminate/Console/Application.php(93): Symfony\\Component\\Console\\Application->run()
#37 /home/alejandro/play-work/playgroup-admin---laravel/vendor/laravel/framework/src/Illuminate/Foundation/Console/Kernel.php(131): Illuminate\\Console\\Application->run()
#38 /home/alejandro/play-work/playgroup-admin---laravel/artisan(37): Illuminate\\Foundation\\Console\\Kernel->handle()
#39 {main}

[previous exception] [object] (PDOException(code: 23000): SQLSTATE[23000]: Integrity constraint violation: 1062 Duplicate entry '31' for key 'master_modules.PRIMARY' at /home/alejandro/play-work/playgroup-admin---laravel/vendor/doctrine/dbal/lib/Doctrine/DBAL/Driver/PDOStatement.php:117)
[stacktrace]
#0 /home/alejandro/play-work/playgroup-admin---laravel/vendor/doctrine/dbal/lib/Doctrine/DBAL/Driver/PDOStatement.php(117): PDOStatement->execute()
#1 /home/alejandro/play-work/playgroup-admin---laravel/vendor/laravel/framework/src/Illuminate/Database/Connection.php(463): Doctrine\\DBAL\\Driver\\PDOStatement->execute()
#2 /home/alejandro/play-work/playgroup-admin---laravel/vendor/laravel/framework/src/Illuminate/Database/Connection.php(662): Illuminate\\Database\\Connection->Illuminate\\Database\\{closure}()
#3 /home/alejandro/play-work/playgroup-admin---laravel/vendor/laravel/framework/src/Illuminate/Database/Connection.php(629): Illuminate\\Database\\Connection->runQueryCallback()
#4 /home/alejandro/play-work/playgroup-admin---laravel/vendor/laravel/framework/src/Illuminate/Database/Connection.php(464): Illuminate\\Database\\Connection->run()
#5 /home/alejandro/play-work/playgroup-admin---laravel/vendor/laravel/framework/src/Illuminate/Database/Connection.php(416): Illuminate\\Database\\Connection->statement()
#6 /home/alejandro/play-work/playgroup-admin---laravel/vendor/laravel/framework/src/Illuminate/Database/Query/Builder.php(2661): Illuminate\\Database\\Connection->insert()
#7 /home/alejandro/play-work/playgroup-admin---laravel/database/seeds/HiPlaySeeder.php(16): Illuminate\\Database\\Query\\Builder->insert()
#8 /home/alejandro/play-work/playgroup-admin---laravel/vendor/laravel/framework/src/Illuminate/Container/BoundMethod.php(36): HiPlaySeeder->run()
#9 /home/alejandro/play-work/playgroup-admin---laravel/vendor/laravel/framework/src/Illuminate/Container/Util.php(37): Illuminate\\Container\\BoundMethod::Illuminate\\Container\\{closure}()
#10 /home/alejandro/play-work/playgroup-admin---laravel/vendor/laravel/framework/src/Illuminate/Container/BoundMethod.php(93): Illuminate\\Container\\Util::unwrapIfClosure()
#11 /home/alejandro/play-work/playgroup-admin---laravel/vendor/laravel/framework/src/Illuminate/Container/BoundMethod.php(37): Illuminate\\Container\\BoundMethod::callBoundMethod()
#12 /home/alejandro/play-work/playgroup-admin---laravel/vendor/laravel/framework/src/Illuminate/Container/Container.php(590): Illuminate\\Container\\BoundMethod::call()
#13 /home/alejandro/play-work/playgroup-admin---laravel/vendor/laravel/framework/src/Illuminate/Database/Seeder.php(134): Illuminate\\Container\\Container->call()
#14 /home/alejandro/play-work/playgroup-admin---laravel/vendor/laravel/framework/src/Illuminate/Database/Seeder.php(48): Illuminate\\Database\\Seeder->__invoke()
#15 /home/alejandro/play-work/playgroup-admin---laravel/database/seeds/DatabaseSeeder.php(53): Illuminate\\Database\\Seeder->call()
#16 /home/alejandro/play-work/playgroup-admin---laravel/vendor/laravel/framework/src/Illuminate/Container/BoundMethod.php(36): DatabaseSeeder->run()
#17 /home/alejandro/play-work/playgroup-admin---laravel/vendor/laravel/framework/src/Illuminate/Container/Util.php(37): Illuminate\\Container\\BoundMethod::Illuminate\\Container\\{closure}()
#18 /home/alejandro/play-work/playgroup-admin---laravel/vendor/laravel/framework/src/Illuminate/Container/BoundMethod.php(93): Illuminate\\Container\\Util::unwrapIfClosure()
#19 /home/alejandro/play-work/playgroup-admin---laravel/vendor/laravel/framework/src/Illuminate/Container/BoundMethod.php(37): Illuminate\\Container\\BoundMethod::callBoundMethod()
#20 /home/alejandro/play-work/playgroup-admin---laravel/vendor/laravel/framework/src/Illuminate/Container/Container.php(590): Illuminate\\Container\\BoundMethod::call()
#21 /home/alejandro/play-work/playgroup-admin---laravel/vendor/laravel/framework/src/Illuminate/Database/Seeder.php(134): Illuminate\\Container\\Container->call()
#22 /home/alejandro/play-work/playgroup-admin---laravel/vendor/laravel/framework/src/Illuminate/Database/Console/Seeds/SeedCommand.php(63): Illuminate\\Database\\Seeder->__invoke()
#23 /home/alejandro/play-work/playgroup-admin---laravel/vendor/laravel/framework/src/Illuminate/Database/Eloquent/Concerns/GuardsAttributes.php(129): Illuminate\\Database\\Console\\Seeds\\SeedCommand->Illuminate\\Database\\Console\\Seeds\\{closure}()
#24 /home/alejandro/play-work/playgroup-admin---laravel/vendor/laravel/framework/src/Illuminate/Database/Console/Seeds/SeedCommand.php(64): Illuminate\\Database\\Eloquent\\Model::unguarded()
#25 /home/alejandro/play-work/playgroup-admin---laravel/vendor/laravel/framework/src/Illuminate/Container/BoundMethod.php(36): Illuminate\\Database\\Console\\Seeds\\SeedCommand->handle()
#26 /home/alejandro/play-work/playgroup-admin---laravel/vendor/laravel/framework/src/Illuminate/Container/Util.php(37): Illuminate\\Container\\BoundMethod::Illuminate\\Container\\{closure}()
#27 /home/alejandro/play-work/playgroup-admin---laravel/vendor/laravel/framework/src/Illuminate/Container/BoundMethod.php(93): Illuminate\\Container\\Util::unwrapIfClosure()
#28 /home/alejandro/play-work/playgroup-admin---laravel/vendor/laravel/framework/src/Illuminate/Container/BoundMethod.php(37): Illuminate\\Container\\BoundMethod::callBoundMethod()
#29 /home/alejandro/play-work/playgroup-admin---laravel/vendor/laravel/framework/src/Illuminate/Container/Container.php(590): Illuminate\\Container\\BoundMethod::call()
#30 /home/alejandro/play-work/playgroup-admin---laravel/vendor/laravel/framework/src/Illuminate/Console/Command.php(134): Illuminate\\Container\\Container->call()
#31 /home/alejandro/play-work/playgroup-admin---laravel/vendor/symfony/console/Command/Command.php(255): Illuminate\\Console\\Command->execute()
#32 /home/alejandro/play-work/playgroup-admin---laravel/vendor/laravel/framework/src/Illuminate/Console/Command.php(121): Symfony\\Component\\Console\\Command\\Command->run()
#33 /home/alejandro/play-work/playgroup-admin---laravel/vendor/symfony/console/Application.php(1021): Illuminate\\Console\\Command->run()
#34 /home/alejandro/play-work/playgroup-admin---laravel/vendor/symfony/console/Application.php(275): Symfony\\Component\\Console\\Application->doRunCommand()
#35 /home/alejandro/play-work/playgroup-admin---laravel/vendor/symfony/console/Application.php(149): Symfony\\Component\\Console\\Application->doRun()
#36 /home/alejandro/play-work/playgroup-admin---laravel/vendor/laravel/framework/src/Illuminate/Console/Application.php(93): Symfony\\Component\\Console\\Application->run()
#37 /home/alejandro/play-work/playgroup-admin---laravel/vendor/laravel/framework/src/Illuminate/Foundation/Console/Kernel.php(131): Illuminate\\Console\\Application->run()
#38 /home/alejandro/play-work/playgroup-admin---laravel/artisan(37): Illuminate\\Foundation\\Console\\Kernel->handle()
#39 {main}
"} 
[2025-05-14 12:59:32] local.ERROR: Target class [QualityProcessSeeder] does not exist. {"exception":"[object] (Illuminate\\Contracts\\Container\\BindingResolutionException(code: 0): Target class [QualityProcessSeeder] does not exist. at /home/alejandro/play-work/playgroup-admin---laravel/vendor/laravel/framework/src/Illuminate/Container/Container.php:805)
[stacktrace]
#0 /home/alejandro/play-work/playgroup-admin---laravel/vendor/laravel/framework/src/Illuminate/Container/Container.php(681): Illuminate\\Container\\Container->build()
#1 /home/alejandro/play-work/playgroup-admin---laravel/vendor/laravel/framework/src/Illuminate/Foundation/Application.php(785): Illuminate\\Container\\Container->resolve()
#2 /home/alejandro/play-work/playgroup-admin---laravel/vendor/laravel/framework/src/Illuminate/Container/Container.php(629): Illuminate\\Foundation\\Application->resolve()
#3 /home/alejandro/play-work/playgroup-admin---laravel/vendor/laravel/framework/src/Illuminate/Foundation/Application.php(770): Illuminate\\Container\\Container->make()
#4 /home/alejandro/play-work/playgroup-admin---laravel/vendor/laravel/framework/src/Illuminate/Database/Seeder.php(80): Illuminate\\Foundation\\Application->make()
#5 /home/alejandro/play-work/playgroup-admin---laravel/vendor/laravel/framework/src/Illuminate/Database/Seeder.php(38): Illuminate\\Database\\Seeder->resolve()
#6 /home/alejandro/play-work/playgroup-admin---laravel/database/seeds/DatabaseSeeder.php(54): Illuminate\\Database\\Seeder->call()
#7 /home/alejandro/play-work/playgroup-admin---laravel/vendor/laravel/framework/src/Illuminate/Container/BoundMethod.php(36): DatabaseSeeder->run()
#8 /home/alejandro/play-work/playgroup-admin---laravel/vendor/laravel/framework/src/Illuminate/Container/Util.php(37): Illuminate\\Container\\BoundMethod::Illuminate\\Container\\{closure}()
#9 /home/alejandro/play-work/playgroup-admin---laravel/vendor/laravel/framework/src/Illuminate/Container/BoundMethod.php(93): Illuminate\\Container\\Util::unwrapIfClosure()
#10 /home/alejandro/play-work/playgroup-admin---laravel/vendor/laravel/framework/src/Illuminate/Container/BoundMethod.php(37): Illuminate\\Container\\BoundMethod::callBoundMethod()
#11 /home/alejandro/play-work/playgroup-admin---laravel/vendor/laravel/framework/src/Illuminate/Container/Container.php(590): Illuminate\\Container\\BoundMethod::call()
#12 /home/alejandro/play-work/playgroup-admin---laravel/vendor/laravel/framework/src/Illuminate/Database/Seeder.php(134): Illuminate\\Container\\Container->call()
#13 /home/alejandro/play-work/playgroup-admin---laravel/vendor/laravel/framework/src/Illuminate/Database/Console/Seeds/SeedCommand.php(63): Illuminate\\Database\\Seeder->__invoke()
#14 /home/alejandro/play-work/playgroup-admin---laravel/vendor/laravel/framework/src/Illuminate/Database/Eloquent/Concerns/GuardsAttributes.php(129): Illuminate\\Database\\Console\\Seeds\\SeedCommand->Illuminate\\Database\\Console\\Seeds\\{closure}()
#15 /home/alejandro/play-work/playgroup-admin---laravel/vendor/laravel/framework/src/Illuminate/Database/Console/Seeds/SeedCommand.php(64): Illuminate\\Database\\Eloquent\\Model::unguarded()
#16 /home/alejandro/play-work/playgroup-admin---laravel/vendor/laravel/framework/src/Illuminate/Container/BoundMethod.php(36): Illuminate\\Database\\Console\\Seeds\\SeedCommand->handle()
#17 /home/alejandro/play-work/playgroup-admin---laravel/vendor/laravel/framework/src/Illuminate/Container/Util.php(37): Illuminate\\Container\\BoundMethod::Illuminate\\Container\\{closure}()
#18 /home/alejandro/play-work/playgroup-admin---laravel/vendor/laravel/framework/src/Illuminate/Container/BoundMethod.php(93): Illuminate\\Container\\Util::unwrapIfClosure()
#19 /home/alejandro/play-work/playgroup-admin---laravel/vendor/laravel/framework/src/Illuminate/Container/BoundMethod.php(37): Illuminate\\Container\\BoundMethod::callBoundMethod()
#20 /home/alejandro/play-work/playgroup-admin---laravel/vendor/laravel/framework/src/Illuminate/Container/Container.php(590): Illuminate\\Container\\BoundMethod::call()
#21 /home/alejandro/play-work/playgroup-admin---laravel/vendor/laravel/framework/src/Illuminate/Console/Command.php(134): Illuminate\\Container\\Container->call()
#22 /home/alejandro/play-work/playgroup-admin---laravel/vendor/symfony/console/Command/Command.php(255): Illuminate\\Console\\Command->execute()
#23 /home/alejandro/play-work/playgroup-admin---laravel/vendor/laravel/framework/src/Illuminate/Console/Command.php(121): Symfony\\Component\\Console\\Command\\Command->run()
#24 /home/alejandro/play-work/playgroup-admin---laravel/vendor/laravel/framework/src/Illuminate/Console/Concerns/CallsCommands.php(56): Illuminate\\Console\\Command->run()
#25 /home/alejandro/play-work/playgroup-admin---laravel/vendor/laravel/framework/src/Illuminate/Console/Concerns/CallsCommands.php(28): Illuminate\\Console\\Command->runCommand()
#26 /home/alejandro/play-work/playgroup-admin---laravel/vendor/laravel/framework/src/Illuminate/Database/Console/Migrations/FreshCommand.php(79): Illuminate\\Console\\Command->call()
#27 /home/alejandro/play-work/playgroup-admin---laravel/vendor/laravel/framework/src/Illuminate/Database/Console/Migrations/FreshCommand.php(56): Illuminate\\Database\\Console\\Migrations\\FreshCommand->runSeeder()
#28 /home/alejandro/play-work/playgroup-admin---laravel/vendor/laravel/framework/src/Illuminate/Container/BoundMethod.php(36): Illuminate\\Database\\Console\\Migrations\\FreshCommand->handle()
#29 /home/alejandro/play-work/playgroup-admin---laravel/vendor/laravel/framework/src/Illuminate/Container/Util.php(37): Illuminate\\Container\\BoundMethod::Illuminate\\Container\\{closure}()
#30 /home/alejandro/play-work/playgroup-admin---laravel/vendor/laravel/framework/src/Illuminate/Container/BoundMethod.php(93): Illuminate\\Container\\Util::unwrapIfClosure()
#31 /home/alejandro/play-work/playgroup-admin---laravel/vendor/laravel/framework/src/Illuminate/Container/BoundMethod.php(37): Illuminate\\Container\\BoundMethod::callBoundMethod()
#32 /home/alejandro/play-work/playgroup-admin---laravel/vendor/laravel/framework/src/Illuminate/Container/Container.php(590): Illuminate\\Container\\BoundMethod::call()
#33 /home/alejandro/play-work/playgroup-admin---laravel/vendor/laravel/framework/src/Illuminate/Console/Command.php(134): Illuminate\\Container\\Container->call()
#34 /home/alejandro/play-work/playgroup-admin---laravel/vendor/symfony/console/Command/Command.php(255): Illuminate\\Console\\Command->execute()
#35 /home/alejandro/play-work/playgroup-admin---laravel/vendor/laravel/framework/src/Illuminate/Console/Command.php(121): Symfony\\Component\\Console\\Command\\Command->run()
#36 /home/alejandro/play-work/playgroup-admin---laravel/vendor/symfony/console/Application.php(1021): Illuminate\\Console\\Command->run()
#37 /home/alejandro/play-work/playgroup-admin---laravel/vendor/symfony/console/Application.php(275): Symfony\\Component\\Console\\Application->doRunCommand()
#38 /home/alejandro/play-work/playgroup-admin---laravel/vendor/symfony/console/Application.php(149): Symfony\\Component\\Console\\Application->doRun()
#39 /home/alejandro/play-work/playgroup-admin---laravel/vendor/laravel/framework/src/Illuminate/Console/Application.php(93): Symfony\\Component\\Console\\Application->run()
#40 /home/alejandro/play-work/playgroup-admin---laravel/vendor/laravel/framework/src/Illuminate/Foundation/Console/Kernel.php(131): Illuminate\\Console\\Application->run()
#41 /home/alejandro/play-work/playgroup-admin---laravel/artisan(37): Illuminate\\Foundation\\Console\\Kernel->handle()
#42 {main}

[previous exception] [object] (ReflectionException(code: -1): Class QualityProcessSeeder does not exist at /home/alejandro/play-work/playgroup-admin---laravel/vendor/laravel/framework/src/Illuminate/Container/Container.php:803)
[stacktrace]
#0 /home/alejandro/play-work/playgroup-admin---laravel/vendor/laravel/framework/src/Illuminate/Container/Container.php(803): ReflectionClass->__construct()
#1 /home/alejandro/play-work/playgroup-admin---laravel/vendor/laravel/framework/src/Illuminate/Container/Container.php(681): Illuminate\\Container\\Container->build()
#2 /home/alejandro/play-work/playgroup-admin---laravel/vendor/laravel/framework/src/Illuminate/Foundation/Application.php(785): Illuminate\\Container\\Container->resolve()
#3 /home/alejandro/play-work/playgroup-admin---laravel/vendor/laravel/framework/src/Illuminate/Container/Container.php(629): Illuminate\\Foundation\\Application->resolve()
#4 /home/alejandro/play-work/playgroup-admin---laravel/vendor/laravel/framework/src/Illuminate/Foundation/Application.php(770): Illuminate\\Container\\Container->make()
#5 /home/alejandro/play-work/playgroup-admin---laravel/vendor/laravel/framework/src/Illuminate/Database/Seeder.php(80): Illuminate\\Foundation\\Application->make()
#6 /home/alejandro/play-work/playgroup-admin---laravel/vendor/laravel/framework/src/Illuminate/Database/Seeder.php(38): Illuminate\\Database\\Seeder->resolve()
#7 /home/alejandro/play-work/playgroup-admin---laravel/database/seeds/DatabaseSeeder.php(54): Illuminate\\Database\\Seeder->call()
#8 /home/alejandro/play-work/playgroup-admin---laravel/vendor/laravel/framework/src/Illuminate/Container/BoundMethod.php(36): DatabaseSeeder->run()
#9 /home/alejandro/play-work/playgroup-admin---laravel/vendor/laravel/framework/src/Illuminate/Container/Util.php(37): Illuminate\\Container\\BoundMethod::Illuminate\\Container\\{closure}()
#10 /home/alejandro/play-work/playgroup-admin---laravel/vendor/laravel/framework/src/Illuminate/Container/BoundMethod.php(93): Illuminate\\Container\\Util::unwrapIfClosure()
#11 /home/alejandro/play-work/playgroup-admin---laravel/vendor/laravel/framework/src/Illuminate/Container/BoundMethod.php(37): Illuminate\\Container\\BoundMethod::callBoundMethod()
#12 /home/alejandro/play-work/playgroup-admin---laravel/vendor/laravel/framework/src/Illuminate/Container/Container.php(590): Illuminate\\Container\\BoundMethod::call()
#13 /home/alejandro/play-work/playgroup-admin---laravel/vendor/laravel/framework/src/Illuminate/Database/Seeder.php(134): Illuminate\\Container\\Container->call()
#14 /home/alejandro/play-work/playgroup-admin---laravel/vendor/laravel/framework/src/Illuminate/Database/Console/Seeds/SeedCommand.php(63): Illuminate\\Database\\Seeder->__invoke()
#15 /home/alejandro/play-work/playgroup-admin---laravel/vendor/laravel/framework/src/Illuminate/Database/Eloquent/Concerns/GuardsAttributes.php(129): Illuminate\\Database\\Console\\Seeds\\SeedCommand->Illuminate\\Database\\Console\\Seeds\\{closure}()
#16 /home/alejandro/play-work/playgroup-admin---laravel/vendor/laravel/framework/src/Illuminate/Database/Console/Seeds/SeedCommand.php(64): Illuminate\\Database\\Eloquent\\Model::unguarded()
#17 /home/alejandro/play-work/playgroup-admin---laravel/vendor/laravel/framework/src/Illuminate/Container/BoundMethod.php(36): Illuminate\\Database\\Console\\Seeds\\SeedCommand->handle()
#18 /home/alejandro/play-work/playgroup-admin---laravel/vendor/laravel/framework/src/Illuminate/Container/Util.php(37): Illuminate\\Container\\BoundMethod::Illuminate\\Container\\{closure}()
#19 /home/alejandro/play-work/playgroup-admin---laravel/vendor/laravel/framework/src/Illuminate/Container/BoundMethod.php(93): Illuminate\\Container\\Util::unwrapIfClosure()
#20 /home/alejandro/play-work/playgroup-admin---laravel/vendor/laravel/framework/src/Illuminate/Container/BoundMethod.php(37): Illuminate\\Container\\BoundMethod::callBoundMethod()
#21 /home/alejandro/play-work/playgroup-admin---laravel/vendor/laravel/framework/src/Illuminate/Container/Container.php(590): Illuminate\\Container\\BoundMethod::call()
#22 /home/alejandro/play-work/playgroup-admin---laravel/vendor/laravel/framework/src/Illuminate/Console/Command.php(134): Illuminate\\Container\\Container->call()
#23 /home/alejandro/play-work/playgroup-admin---laravel/vendor/symfony/console/Command/Command.php(255): Illuminate\\Console\\Command->execute()
#24 /home/alejandro/play-work/playgroup-admin---laravel/vendor/laravel/framework/src/Illuminate/Console/Command.php(121): Symfony\\Component\\Console\\Command\\Command->run()
#25 /home/alejandro/play-work/playgroup-admin---laravel/vendor/laravel/framework/src/Illuminate/Console/Concerns/CallsCommands.php(56): Illuminate\\Console\\Command->run()
#26 /home/alejandro/play-work/playgroup-admin---laravel/vendor/laravel/framework/src/Illuminate/Console/Concerns/CallsCommands.php(28): Illuminate\\Console\\Command->runCommand()
#27 /home/alejandro/play-work/playgroup-admin---laravel/vendor/laravel/framework/src/Illuminate/Database/Console/Migrations/FreshCommand.php(79): Illuminate\\Console\\Command->call()
#28 /home/alejandro/play-work/playgroup-admin---laravel/vendor/laravel/framework/src/Illuminate/Database/Console/Migrations/FreshCommand.php(56): Illuminate\\Database\\Console\\Migrations\\FreshCommand->runSeeder()
#29 /home/alejandro/play-work/playgroup-admin---laravel/vendor/laravel/framework/src/Illuminate/Container/BoundMethod.php(36): Illuminate\\Database\\Console\\Migrations\\FreshCommand->handle()
#30 /home/alejandro/play-work/playgroup-admin---laravel/vendor/laravel/framework/src/Illuminate/Container/Util.php(37): Illuminate\\Container\\BoundMethod::Illuminate\\Container\\{closure}()
#31 /home/alejandro/play-work/playgroup-admin---laravel/vendor/laravel/framework/src/Illuminate/Container/BoundMethod.php(93): Illuminate\\Container\\Util::unwrapIfClosure()
#32 /home/alejandro/play-work/playgroup-admin---laravel/vendor/laravel/framework/src/Illuminate/Container/BoundMethod.php(37): Illuminate\\Container\\BoundMethod::callBoundMethod()
#33 /home/alejandro/play-work/playgroup-admin---laravel/vendor/laravel/framework/src/Illuminate/Container/Container.php(590): Illuminate\\Container\\BoundMethod::call()
#34 /home/alejandro/play-work/playgroup-admin---laravel/vendor/laravel/framework/src/Illuminate/Console/Command.php(134): Illuminate\\Container\\Container->call()
#35 /home/alejandro/play-work/playgroup-admin---laravel/vendor/symfony/console/Command/Command.php(255): Illuminate\\Console\\Command->execute()
#36 /home/alejandro/play-work/playgroup-admin---laravel/vendor/laravel/framework/src/Illuminate/Console/Command.php(121): Symfony\\Component\\Console\\Command\\Command->run()
#37 /home/alejandro/play-work/playgroup-admin---laravel/vendor/symfony/console/Application.php(1021): Illuminate\\Console\\Command->run()
#38 /home/alejandro/play-work/playgroup-admin---laravel/vendor/symfony/console/Application.php(275): Symfony\\Component\\Console\\Application->doRunCommand()
#39 /home/alejandro/play-work/playgroup-admin---laravel/vendor/symfony/console/Application.php(149): Symfony\\Component\\Console\\Application->doRun()
#40 /home/alejandro/play-work/playgroup-admin---laravel/vendor/laravel/framework/src/Illuminate/Console/Application.php(93): Symfony\\Component\\Console\\Application->run()
#41 /home/alejandro/play-work/playgroup-admin---laravel/vendor/laravel/framework/src/Illuminate/Foundation/Console/Kernel.php(131): Illuminate\\Console\\Application->run()
#42 /home/alejandro/play-work/playgroup-admin---laravel/artisan(37): Illuminate\\Foundation\\Console\\Kernel->handle()
#43 {main}
"} 
[2025-05-14 13:01:29] local.ERROR: Target class [QualityProcessSeeder] does not exist. {"exception":"[object] (Illuminate\\Contracts\\Container\\BindingResolutionException(code: 0): Target class [QualityProcessSeeder] does not exist. at /home/alejandro/play-work/playgroup-admin---laravel/vendor/laravel/framework/src/Illuminate/Container/Container.php:805)
[stacktrace]
#0 /home/alejandro/play-work/playgroup-admin---laravel/vendor/laravel/framework/src/Illuminate/Container/Container.php(681): Illuminate\\Container\\Container->build()
#1 /home/alejandro/play-work/playgroup-admin---laravel/vendor/laravel/framework/src/Illuminate/Foundation/Application.php(785): Illuminate\\Container\\Container->resolve()
#2 /home/alejandro/play-work/playgroup-admin---laravel/vendor/laravel/framework/src/Illuminate/Container/Container.php(629): Illuminate\\Foundation\\Application->resolve()
#3 /home/alejandro/play-work/playgroup-admin---laravel/vendor/laravel/framework/src/Illuminate/Foundation/Application.php(770): Illuminate\\Container\\Container->make()
#4 /home/alejandro/play-work/playgroup-admin---laravel/vendor/laravel/framework/src/Illuminate/Database/Seeder.php(80): Illuminate\\Foundation\\Application->make()
#5 /home/alejandro/play-work/playgroup-admin---laravel/vendor/laravel/framework/src/Illuminate/Database/Seeder.php(38): Illuminate\\Database\\Seeder->resolve()
#6 /home/alejandro/play-work/playgroup-admin---laravel/database/seeds/DatabaseSeeder.php(54): Illuminate\\Database\\Seeder->call()
#7 /home/alejandro/play-work/playgroup-admin---laravel/vendor/laravel/framework/src/Illuminate/Container/BoundMethod.php(36): DatabaseSeeder->run()
#8 /home/alejandro/play-work/playgroup-admin---laravel/vendor/laravel/framework/src/Illuminate/Container/Util.php(37): Illuminate\\Container\\BoundMethod::Illuminate\\Container\\{closure}()
#9 /home/alejandro/play-work/playgroup-admin---laravel/vendor/laravel/framework/src/Illuminate/Container/BoundMethod.php(93): Illuminate\\Container\\Util::unwrapIfClosure()
#10 /home/alejandro/play-work/playgroup-admin---laravel/vendor/laravel/framework/src/Illuminate/Container/BoundMethod.php(37): Illuminate\\Container\\BoundMethod::callBoundMethod()
#11 /home/alejandro/play-work/playgroup-admin---laravel/vendor/laravel/framework/src/Illuminate/Container/Container.php(590): Illuminate\\Container\\BoundMethod::call()
#12 /home/alejandro/play-work/playgroup-admin---laravel/vendor/laravel/framework/src/Illuminate/Database/Seeder.php(134): Illuminate\\Container\\Container->call()
#13 /home/alejandro/play-work/playgroup-admin---laravel/vendor/laravel/framework/src/Illuminate/Database/Console/Seeds/SeedCommand.php(63): Illuminate\\Database\\Seeder->__invoke()
#14 /home/alejandro/play-work/playgroup-admin---laravel/vendor/laravel/framework/src/Illuminate/Database/Eloquent/Concerns/GuardsAttributes.php(129): Illuminate\\Database\\Console\\Seeds\\SeedCommand->Illuminate\\Database\\Console\\Seeds\\{closure}()
#15 /home/alejandro/play-work/playgroup-admin---laravel/vendor/laravel/framework/src/Illuminate/Database/Console/Seeds/SeedCommand.php(64): Illuminate\\Database\\Eloquent\\Model::unguarded()
#16 /home/alejandro/play-work/playgroup-admin---laravel/vendor/laravel/framework/src/Illuminate/Container/BoundMethod.php(36): Illuminate\\Database\\Console\\Seeds\\SeedCommand->handle()
#17 /home/alejandro/play-work/playgroup-admin---laravel/vendor/laravel/framework/src/Illuminate/Container/Util.php(37): Illuminate\\Container\\BoundMethod::Illuminate\\Container\\{closure}()
#18 /home/alejandro/play-work/playgroup-admin---laravel/vendor/laravel/framework/src/Illuminate/Container/BoundMethod.php(93): Illuminate\\Container\\Util::unwrapIfClosure()
#19 /home/alejandro/play-work/playgroup-admin---laravel/vendor/laravel/framework/src/Illuminate/Container/BoundMethod.php(37): Illuminate\\Container\\BoundMethod::callBoundMethod()
#20 /home/alejandro/play-work/playgroup-admin---laravel/vendor/laravel/framework/src/Illuminate/Container/Container.php(590): Illuminate\\Container\\BoundMethod::call()
#21 /home/alejandro/play-work/playgroup-admin---laravel/vendor/laravel/framework/src/Illuminate/Console/Command.php(134): Illuminate\\Container\\Container->call()
#22 /home/alejandro/play-work/playgroup-admin---laravel/vendor/symfony/console/Command/Command.php(255): Illuminate\\Console\\Command->execute()
#23 /home/alejandro/play-work/playgroup-admin---laravel/vendor/laravel/framework/src/Illuminate/Console/Command.php(121): Symfony\\Component\\Console\\Command\\Command->run()
#24 /home/alejandro/play-work/playgroup-admin---laravel/vendor/laravel/framework/src/Illuminate/Console/Concerns/CallsCommands.php(56): Illuminate\\Console\\Command->run()
#25 /home/alejandro/play-work/playgroup-admin---laravel/vendor/laravel/framework/src/Illuminate/Console/Concerns/CallsCommands.php(28): Illuminate\\Console\\Command->runCommand()
#26 /home/alejandro/play-work/playgroup-admin---laravel/vendor/laravel/framework/src/Illuminate/Database/Console/Migrations/FreshCommand.php(79): Illuminate\\Console\\Command->call()
#27 /home/alejandro/play-work/playgroup-admin---laravel/vendor/laravel/framework/src/Illuminate/Database/Console/Migrations/FreshCommand.php(56): Illuminate\\Database\\Console\\Migrations\\FreshCommand->runSeeder()
#28 /home/alejandro/play-work/playgroup-admin---laravel/vendor/laravel/framework/src/Illuminate/Container/BoundMethod.php(36): Illuminate\\Database\\Console\\Migrations\\FreshCommand->handle()
#29 /home/alejandro/play-work/playgroup-admin---laravel/vendor/laravel/framework/src/Illuminate/Container/Util.php(37): Illuminate\\Container\\BoundMethod::Illuminate\\Container\\{closure}()
#30 /home/alejandro/play-work/playgroup-admin---laravel/vendor/laravel/framework/src/Illuminate/Container/BoundMethod.php(93): Illuminate\\Container\\Util::unwrapIfClosure()
#31 /home/alejandro/play-work/playgroup-admin---laravel/vendor/laravel/framework/src/Illuminate/Container/BoundMethod.php(37): Illuminate\\Container\\BoundMethod::callBoundMethod()
#32 /home/alejandro/play-work/playgroup-admin---laravel/vendor/laravel/framework/src/Illuminate/Container/Container.php(590): Illuminate\\Container\\BoundMethod::call()
#33 /home/alejandro/play-work/playgroup-admin---laravel/vendor/laravel/framework/src/Illuminate/Console/Command.php(134): Illuminate\\Container\\Container->call()
#34 /home/alejandro/play-work/playgroup-admin---laravel/vendor/symfony/console/Command/Command.php(255): Illuminate\\Console\\Command->execute()
#35 /home/alejandro/play-work/playgroup-admin---laravel/vendor/laravel/framework/src/Illuminate/Console/Command.php(121): Symfony\\Component\\Console\\Command\\Command->run()
#36 /home/alejandro/play-work/playgroup-admin---laravel/vendor/symfony/console/Application.php(1021): Illuminate\\Console\\Command->run()
#37 /home/alejandro/play-work/playgroup-admin---laravel/vendor/symfony/console/Application.php(275): Symfony\\Component\\Console\\Application->doRunCommand()
#38 /home/alejandro/play-work/playgroup-admin---laravel/vendor/symfony/console/Application.php(149): Symfony\\Component\\Console\\Application->doRun()
#39 /home/alejandro/play-work/playgroup-admin---laravel/vendor/laravel/framework/src/Illuminate/Console/Application.php(93): Symfony\\Component\\Console\\Application->run()
#40 /home/alejandro/play-work/playgroup-admin---laravel/vendor/laravel/framework/src/Illuminate/Foundation/Console/Kernel.php(131): Illuminate\\Console\\Application->run()
#41 /home/alejandro/play-work/playgroup-admin---laravel/artisan(37): Illuminate\\Foundation\\Console\\Kernel->handle()
#42 {main}

[previous exception] [object] (ReflectionException(code: -1): Class QualityProcessSeeder does not exist at /home/alejandro/play-work/playgroup-admin---laravel/vendor/laravel/framework/src/Illuminate/Container/Container.php:803)
[stacktrace]
#0 /home/alejandro/play-work/playgroup-admin---laravel/vendor/laravel/framework/src/Illuminate/Container/Container.php(803): ReflectionClass->__construct()
#1 /home/alejandro/play-work/playgroup-admin---laravel/vendor/laravel/framework/src/Illuminate/Container/Container.php(681): Illuminate\\Container\\Container->build()
#2 /home/alejandro/play-work/playgroup-admin---laravel/vendor/laravel/framework/src/Illuminate/Foundation/Application.php(785): Illuminate\\Container\\Container->resolve()
#3 /home/alejandro/play-work/playgroup-admin---laravel/vendor/laravel/framework/src/Illuminate/Container/Container.php(629): Illuminate\\Foundation\\Application->resolve()
#4 /home/alejandro/play-work/playgroup-admin---laravel/vendor/laravel/framework/src/Illuminate/Foundation/Application.php(770): Illuminate\\Container\\Container->make()
#5 /home/alejandro/play-work/playgroup-admin---laravel/vendor/laravel/framework/src/Illuminate/Database/Seeder.php(80): Illuminate\\Foundation\\Application->make()
#6 /home/alejandro/play-work/playgroup-admin---laravel/vendor/laravel/framework/src/Illuminate/Database/Seeder.php(38): Illuminate\\Database\\Seeder->resolve()
#7 /home/alejandro/play-work/playgroup-admin---laravel/database/seeds/DatabaseSeeder.php(54): Illuminate\\Database\\Seeder->call()
#8 /home/alejandro/play-work/playgroup-admin---laravel/vendor/laravel/framework/src/Illuminate/Container/BoundMethod.php(36): DatabaseSeeder->run()
#9 /home/alejandro/play-work/playgroup-admin---laravel/vendor/laravel/framework/src/Illuminate/Container/Util.php(37): Illuminate\\Container\\BoundMethod::Illuminate\\Container\\{closure}()
#10 /home/alejandro/play-work/playgroup-admin---laravel/vendor/laravel/framework/src/Illuminate/Container/BoundMethod.php(93): Illuminate\\Container\\Util::unwrapIfClosure()
#11 /home/alejandro/play-work/playgroup-admin---laravel/vendor/laravel/framework/src/Illuminate/Container/BoundMethod.php(37): Illuminate\\Container\\BoundMethod::callBoundMethod()
#12 /home/alejandro/play-work/playgroup-admin---laravel/vendor/laravel/framework/src/Illuminate/Container/Container.php(590): Illuminate\\Container\\BoundMethod::call()
#13 /home/alejandro/play-work/playgroup-admin---laravel/vendor/laravel/framework/src/Illuminate/Database/Seeder.php(134): Illuminate\\Container\\Container->call()
#14 /home/alejandro/play-work/playgroup-admin---laravel/vendor/laravel/framework/src/Illuminate/Database/Console/Seeds/SeedCommand.php(63): Illuminate\\Database\\Seeder->__invoke()
#15 /home/alejandro/play-work/playgroup-admin---laravel/vendor/laravel/framework/src/Illuminate/Database/Eloquent/Concerns/GuardsAttributes.php(129): Illuminate\\Database\\Console\\Seeds\\SeedCommand->Illuminate\\Database\\Console\\Seeds\\{closure}()
#16 /home/alejandro/play-work/playgroup-admin---laravel/vendor/laravel/framework/src/Illuminate/Database/Console/Seeds/SeedCommand.php(64): Illuminate\\Database\\Eloquent\\Model::unguarded()
#17 /home/alejandro/play-work/playgroup-admin---laravel/vendor/laravel/framework/src/Illuminate/Container/BoundMethod.php(36): Illuminate\\Database\\Console\\Seeds\\SeedCommand->handle()
#18 /home/alejandro/play-work/playgroup-admin---laravel/vendor/laravel/framework/src/Illuminate/Container/Util.php(37): Illuminate\\Container\\BoundMethod::Illuminate\\Container\\{closure}()
#19 /home/alejandro/play-work/playgroup-admin---laravel/vendor/laravel/framework/src/Illuminate/Container/BoundMethod.php(93): Illuminate\\Container\\Util::unwrapIfClosure()
#20 /home/alejandro/play-work/playgroup-admin---laravel/vendor/laravel/framework/src/Illuminate/Container/BoundMethod.php(37): Illuminate\\Container\\BoundMethod::callBoundMethod()
#21 /home/alejandro/play-work/playgroup-admin---laravel/vendor/laravel/framework/src/Illuminate/Container/Container.php(590): Illuminate\\Container\\BoundMethod::call()
#22 /home/alejandro/play-work/playgroup-admin---laravel/vendor/laravel/framework/src/Illuminate/Console/Command.php(134): Illuminate\\Container\\Container->call()
#23 /home/alejandro/play-work/playgroup-admin---laravel/vendor/symfony/console/Command/Command.php(255): Illuminate\\Console\\Command->execute()
#24 /home/alejandro/play-work/playgroup-admin---laravel/vendor/laravel/framework/src/Illuminate/Console/Command.php(121): Symfony\\Component\\Console\\Command\\Command->run()
#25 /home/alejandro/play-work/playgroup-admin---laravel/vendor/laravel/framework/src/Illuminate/Console/Concerns/CallsCommands.php(56): Illuminate\\Console\\Command->run()
#26 /home/alejandro/play-work/playgroup-admin---laravel/vendor/laravel/framework/src/Illuminate/Console/Concerns/CallsCommands.php(28): Illuminate\\Console\\Command->runCommand()
#27 /home/alejandro/play-work/playgroup-admin---laravel/vendor/laravel/framework/src/Illuminate/Database/Console/Migrations/FreshCommand.php(79): Illuminate\\Console\\Command->call()
#28 /home/alejandro/play-work/playgroup-admin---laravel/vendor/laravel/framework/src/Illuminate/Database/Console/Migrations/FreshCommand.php(56): Illuminate\\Database\\Console\\Migrations\\FreshCommand->runSeeder()
#29 /home/alejandro/play-work/playgroup-admin---laravel/vendor/laravel/framework/src/Illuminate/Container/BoundMethod.php(36): Illuminate\\Database\\Console\\Migrations\\FreshCommand->handle()
#30 /home/alejandro/play-work/playgroup-admin---laravel/vendor/laravel/framework/src/Illuminate/Container/Util.php(37): Illuminate\\Container\\BoundMethod::Illuminate\\Container\\{closure}()
#31 /home/alejandro/play-work/playgroup-admin---laravel/vendor/laravel/framework/src/Illuminate/Container/BoundMethod.php(93): Illuminate\\Container\\Util::unwrapIfClosure()
#32 /home/alejandro/play-work/playgroup-admin---laravel/vendor/laravel/framework/src/Illuminate/Container/BoundMethod.php(37): Illuminate\\Container\\BoundMethod::callBoundMethod()
#33 /home/alejandro/play-work/playgroup-admin---laravel/vendor/laravel/framework/src/Illuminate/Container/Container.php(590): Illuminate\\Container\\BoundMethod::call()
#34 /home/alejandro/play-work/playgroup-admin---laravel/vendor/laravel/framework/src/Illuminate/Console/Command.php(134): Illuminate\\Container\\Container->call()
#35 /home/alejandro/play-work/playgroup-admin---laravel/vendor/symfony/console/Command/Command.php(255): Illuminate\\Console\\Command->execute()
#36 /home/alejandro/play-work/playgroup-admin---laravel/vendor/laravel/framework/src/Illuminate/Console/Command.php(121): Symfony\\Component\\Console\\Command\\Command->run()
#37 /home/alejandro/play-work/playgroup-admin---laravel/vendor/symfony/console/Application.php(1021): Illuminate\\Console\\Command->run()
#38 /home/alejandro/play-work/playgroup-admin---laravel/vendor/symfony/console/Application.php(275): Symfony\\Component\\Console\\Application->doRunCommand()
#39 /home/alejandro/play-work/playgroup-admin---laravel/vendor/symfony/console/Application.php(149): Symfony\\Component\\Console\\Application->doRun()
#40 /home/alejandro/play-work/playgroup-admin---laravel/vendor/laravel/framework/src/Illuminate/Console/Application.php(93): Symfony\\Component\\Console\\Application->run()
#41 /home/alejandro/play-work/playgroup-admin---laravel/vendor/laravel/framework/src/Illuminate/Foundation/Console/Kernel.php(131): Illuminate\\Console\\Application->run()
#42 /home/alejandro/play-work/playgroup-admin---laravel/artisan(37): Illuminate\\Foundation\\Console\\Kernel->handle()
#43 {main}
"} 
[2025-05-14 13:05:05] local.ERROR: Call to a member function unsetRelation() on null {"exception":"[object] (Symfony\\Component\\Debug\\Exception\\FatalThrowableError(code: 0): Call to a member function unsetRelation() on null at /home/alejandro/play-work/playgroup-admin---laravel/app/Http/Controllers/Api/PageController.php:45)
[stacktrace]
#0 /home/alejandro/play-work/playgroup-admin---laravel/vendor/laravel/framework/src/Illuminate/Routing/Controller.php(54): App\\Http\\Controllers\\Api\\PageController->getPodcasts()
#1 /home/alejandro/play-work/playgroup-admin---laravel/vendor/laravel/framework/src/Illuminate/Routing/ControllerDispatcher.php(45): Illuminate\\Routing\\Controller->callAction()
#2 /home/alejandro/play-work/playgroup-admin---laravel/vendor/laravel/framework/src/Illuminate/Routing/Route.php(219): Illuminate\\Routing\\ControllerDispatcher->dispatch()
#3 /home/alejandro/play-work/playgroup-admin---laravel/vendor/laravel/framework/src/Illuminate/Routing/Route.php(176): Illuminate\\Routing\\Route->runController()
#4 /home/alejandro/play-work/playgroup-admin---laravel/vendor/laravel/framework/src/Illuminate/Routing/Router.php(681): Illuminate\\Routing\\Route->run()
#5 /home/alejandro/play-work/playgroup-admin---laravel/vendor/laravel/framework/src/Illuminate/Pipeline/Pipeline.php(130): Illuminate\\Routing\\Router->Illuminate\\Routing\\{closure}()
#6 /home/alejandro/play-work/playgroup-admin---laravel/vendor/laravel/framework/src/Illuminate/Routing/Middleware/SubstituteBindings.php(41): Illuminate\\Pipeline\\Pipeline->Illuminate\\Pipeline\\{closure}()
#7 /home/alejandro/play-work/playgroup-admin---laravel/vendor/laravel/framework/src/Illuminate/Pipeline/Pipeline.php(171): Illuminate\\Routing\\Middleware\\SubstituteBindings->handle()
#8 /home/alejandro/play-work/playgroup-admin---laravel/vendor/laravel/framework/src/Illuminate/Pipeline/Pipeline.php(105): Illuminate\\Pipeline\\Pipeline->Illuminate\\Pipeline\\{closure}()
#9 /home/alejandro/play-work/playgroup-admin---laravel/vendor/laravel/framework/src/Illuminate/Routing/Router.php(683): Illuminate\\Pipeline\\Pipeline->then()
#10 /home/alejandro/play-work/playgroup-admin---laravel/vendor/laravel/framework/src/Illuminate/Routing/Router.php(658): Illuminate\\Routing\\Router->runRouteWithinStack()
#11 /home/alejandro/play-work/playgroup-admin---laravel/vendor/laravel/framework/src/Illuminate/Routing/Router.php(624): Illuminate\\Routing\\Router->runRoute()
#12 /home/alejandro/play-work/playgroup-admin---laravel/vendor/laravel/framework/src/Illuminate/Routing/Router.php(613): Illuminate\\Routing\\Router->dispatchToRoute()
#13 /home/alejandro/play-work/playgroup-admin---laravel/vendor/laravel/framework/src/Illuminate/Foundation/Http/Kernel.php(170): Illuminate\\Routing\\Router->dispatch()
#14 /home/alejandro/play-work/playgroup-admin---laravel/vendor/laravel/framework/src/Illuminate/Pipeline/Pipeline.php(130): Illuminate\\Foundation\\Http\\Kernel->Illuminate\\Foundation\\Http\\{closure}()
#15 /home/alejandro/play-work/playgroup-admin---laravel/vendor/laravel/framework/src/Illuminate/Foundation/Http/Middleware/TransformsRequest.php(21): Illuminate\\Pipeline\\Pipeline->Illuminate\\Pipeline\\{closure}()
#16 /home/alejandro/play-work/playgroup-admin---laravel/vendor/laravel/framework/src/Illuminate/Pipeline/Pipeline.php(171): Illuminate\\Foundation\\Http\\Middleware\\TransformsRequest->handle()
#17 /home/alejandro/play-work/playgroup-admin---laravel/vendor/laravel/framework/src/Illuminate/Foundation/Http/Middleware/TransformsRequest.php(21): Illuminate\\Pipeline\\Pipeline->Illuminate\\Pipeline\\{closure}()
#18 /home/alejandro/play-work/playgroup-admin---laravel/vendor/laravel/framework/src/Illuminate/Pipeline/Pipeline.php(171): Illuminate\\Foundation\\Http\\Middleware\\TransformsRequest->handle()
#19 /home/alejandro/play-work/playgroup-admin---laravel/vendor/laravel/framework/src/Illuminate/Foundation/Http/Middleware/ValidatePostSize.php(27): Illuminate\\Pipeline\\Pipeline->Illuminate\\Pipeline\\{closure}()
#20 /home/alejandro/play-work/playgroup-admin---laravel/vendor/laravel/framework/src/Illuminate/Pipeline/Pipeline.php(171): Illuminate\\Foundation\\Http\\Middleware\\ValidatePostSize->handle()
#21 /home/alejandro/play-work/playgroup-admin---laravel/vendor/laravel/framework/src/Illuminate/Foundation/Http/Middleware/CheckForMaintenanceMode.php(63): Illuminate\\Pipeline\\Pipeline->Illuminate\\Pipeline\\{closure}()
#22 /home/alejandro/play-work/playgroup-admin---laravel/vendor/laravel/framework/src/Illuminate/Pipeline/Pipeline.php(171): Illuminate\\Foundation\\Http\\Middleware\\CheckForMaintenanceMode->handle()
#23 /home/alejandro/play-work/playgroup-admin---laravel/vendor/fideloper/proxy/src/TrustProxies.php(57): Illuminate\\Pipeline\\Pipeline->Illuminate\\Pipeline\\{closure}()
#24 /home/alejandro/play-work/playgroup-admin---laravel/vendor/laravel/framework/src/Illuminate/Pipeline/Pipeline.php(171): Fideloper\\Proxy\\TrustProxies->handle()
#25 /home/alejandro/play-work/playgroup-admin---laravel/vendor/laravel/framework/src/Illuminate/Pipeline/Pipeline.php(105): Illuminate\\Pipeline\\Pipeline->Illuminate\\Pipeline\\{closure}()
#26 /home/alejandro/play-work/playgroup-admin---laravel/vendor/laravel/framework/src/Illuminate/Foundation/Http/Kernel.php(145): Illuminate\\Pipeline\\Pipeline->then()
#27 /home/alejandro/play-work/playgroup-admin---laravel/vendor/laravel/framework/src/Illuminate/Foundation/Http/Kernel.php(110): Illuminate\\Foundation\\Http\\Kernel->sendRequestThroughRouter()
#28 /home/alejandro/play-work/playgroup-admin---laravel/public/index.php(55): Illuminate\\Foundation\\Http\\Kernel->handle()
#29 /home/alejandro/play-work/playgroup-admin---laravel/server.php(21): require_once('/home/alejandro...')
#30 {main}
"} 
[2025-05-14 13:05:05] local.ERROR: Call to a member function unsetRelation() on null {"exception":"[object] (Symfony\\Component\\Debug\\Exception\\FatalThrowableError(code: 0): Call to a member function unsetRelation() on null at /home/alejandro/play-work/playgroup-admin---laravel/app/Http/Controllers/Api/PageController.php:45)
[stacktrace]
#0 /home/alejandro/play-work/playgroup-admin---laravel/vendor/laravel/framework/src/Illuminate/Routing/Controller.php(54): App\\Http\\Controllers\\Api\\PageController->getPodcasts()
#1 /home/alejandro/play-work/playgroup-admin---laravel/vendor/laravel/framework/src/Illuminate/Routing/ControllerDispatcher.php(45): Illuminate\\Routing\\Controller->callAction()
#2 /home/alejandro/play-work/playgroup-admin---laravel/vendor/laravel/framework/src/Illuminate/Routing/Route.php(219): Illuminate\\Routing\\ControllerDispatcher->dispatch()
#3 /home/alejandro/play-work/playgroup-admin---laravel/vendor/laravel/framework/src/Illuminate/Routing/Route.php(176): Illuminate\\Routing\\Route->runController()
#4 /home/alejandro/play-work/playgroup-admin---laravel/vendor/laravel/framework/src/Illuminate/Routing/Router.php(681): Illuminate\\Routing\\Route->run()
#5 /home/alejandro/play-work/playgroup-admin---laravel/vendor/laravel/framework/src/Illuminate/Pipeline/Pipeline.php(130): Illuminate\\Routing\\Router->Illuminate\\Routing\\{closure}()
#6 /home/alejandro/play-work/playgroup-admin---laravel/vendor/laravel/framework/src/Illuminate/Routing/Middleware/SubstituteBindings.php(41): Illuminate\\Pipeline\\Pipeline->Illuminate\\Pipeline\\{closure}()
#7 /home/alejandro/play-work/playgroup-admin---laravel/vendor/laravel/framework/src/Illuminate/Pipeline/Pipeline.php(171): Illuminate\\Routing\\Middleware\\SubstituteBindings->handle()
#8 /home/alejandro/play-work/playgroup-admin---laravel/vendor/laravel/framework/src/Illuminate/Pipeline/Pipeline.php(105): Illuminate\\Pipeline\\Pipeline->Illuminate\\Pipeline\\{closure}()
#9 /home/alejandro/play-work/playgroup-admin---laravel/vendor/laravel/framework/src/Illuminate/Routing/Router.php(683): Illuminate\\Pipeline\\Pipeline->then()
#10 /home/alejandro/play-work/playgroup-admin---laravel/vendor/laravel/framework/src/Illuminate/Routing/Router.php(658): Illuminate\\Routing\\Router->runRouteWithinStack()
#11 /home/alejandro/play-work/playgroup-admin---laravel/vendor/laravel/framework/src/Illuminate/Routing/Router.php(624): Illuminate\\Routing\\Router->runRoute()
#12 /home/alejandro/play-work/playgroup-admin---laravel/vendor/laravel/framework/src/Illuminate/Routing/Router.php(613): Illuminate\\Routing\\Router->dispatchToRoute()
#13 /home/alejandro/play-work/playgroup-admin---laravel/vendor/laravel/framework/src/Illuminate/Foundation/Http/Kernel.php(170): Illuminate\\Routing\\Router->dispatch()
#14 /home/alejandro/play-work/playgroup-admin---laravel/vendor/laravel/framework/src/Illuminate/Pipeline/Pipeline.php(130): Illuminate\\Foundation\\Http\\Kernel->Illuminate\\Foundation\\Http\\{closure}()
#15 /home/alejandro/play-work/playgroup-admin---laravel/vendor/laravel/framework/src/Illuminate/Foundation/Http/Middleware/TransformsRequest.php(21): Illuminate\\Pipeline\\Pipeline->Illuminate\\Pipeline\\{closure}()
#16 /home/alejandro/play-work/playgroup-admin---laravel/vendor/laravel/framework/src/Illuminate/Pipeline/Pipeline.php(171): Illuminate\\Foundation\\Http\\Middleware\\TransformsRequest->handle()
#17 /home/alejandro/play-work/playgroup-admin---laravel/vendor/laravel/framework/src/Illuminate/Foundation/Http/Middleware/TransformsRequest.php(21): Illuminate\\Pipeline\\Pipeline->Illuminate\\Pipeline\\{closure}()
#18 /home/alejandro/play-work/playgroup-admin---laravel/vendor/laravel/framework/src/Illuminate/Pipeline/Pipeline.php(171): Illuminate\\Foundation\\Http\\Middleware\\TransformsRequest->handle()
#19 /home/alejandro/play-work/playgroup-admin---laravel/vendor/laravel/framework/src/Illuminate/Foundation/Http/Middleware/ValidatePostSize.php(27): Illuminate\\Pipeline\\Pipeline->Illuminate\\Pipeline\\{closure}()
#20 /home/alejandro/play-work/playgroup-admin---laravel/vendor/laravel/framework/src/Illuminate/Pipeline/Pipeline.php(171): Illuminate\\Foundation\\Http\\Middleware\\ValidatePostSize->handle()
#21 /home/alejandro/play-work/playgroup-admin---laravel/vendor/laravel/framework/src/Illuminate/Foundation/Http/Middleware/CheckForMaintenanceMode.php(63): Illuminate\\Pipeline\\Pipeline->Illuminate\\Pipeline\\{closure}()
#22 /home/alejandro/play-work/playgroup-admin---laravel/vendor/laravel/framework/src/Illuminate/Pipeline/Pipeline.php(171): Illuminate\\Foundation\\Http\\Middleware\\CheckForMaintenanceMode->handle()
#23 /home/alejandro/play-work/playgroup-admin---laravel/vendor/fideloper/proxy/src/TrustProxies.php(57): Illuminate\\Pipeline\\Pipeline->Illuminate\\Pipeline\\{closure}()
#24 /home/alejandro/play-work/playgroup-admin---laravel/vendor/laravel/framework/src/Illuminate/Pipeline/Pipeline.php(171): Fideloper\\Proxy\\TrustProxies->handle()
#25 /home/alejandro/play-work/playgroup-admin---laravel/vendor/laravel/framework/src/Illuminate/Pipeline/Pipeline.php(105): Illuminate\\Pipeline\\Pipeline->Illuminate\\Pipeline\\{closure}()
#26 /home/alejandro/play-work/playgroup-admin---laravel/vendor/laravel/framework/src/Illuminate/Foundation/Http/Kernel.php(145): Illuminate\\Pipeline\\Pipeline->then()
#27 /home/alejandro/play-work/playgroup-admin---laravel/vendor/laravel/framework/src/Illuminate/Foundation/Http/Kernel.php(110): Illuminate\\Foundation\\Http\\Kernel->sendRequestThroughRouter()
#28 /home/alejandro/play-work/playgroup-admin---laravel/public/index.php(55): Illuminate\\Foundation\\Http\\Kernel->handle()
#29 /home/alejandro/play-work/playgroup-admin---laravel/server.php(21): require_once('/home/alejandro...')
#30 {main}
"} 
[2025-05-14 14:48:47] local.ERROR: syntax error, unexpected 'const' (T_CONST) {"exception":"[object] (Symfony\\Component\\Debug\\Exception\\FatalThrowableError(code: 0): syntax error, unexpected 'const' (T_CONST) at /home/alejandro/play-work/playgroup-admin---laravel/app/Http/Controllers/Admin/Information/PagesController.php:67)
[stacktrace]
#0 /home/alejandro/play-work/playgroup-admin---laravel/vendor/composer/ClassLoader.php(427): Composer\\Autoload\\{closure}()
#1 [internal function]: Composer\\Autoload\\ClassLoader->loadClass()
#2 [internal function]: spl_autoload_call()
#3 /home/alejandro/play-work/playgroup-admin---laravel/vendor/laravel/framework/src/Illuminate/Container/Container.php(803): ReflectionClass->__construct()
#4 /home/alejandro/play-work/playgroup-admin---laravel/vendor/laravel/framework/src/Illuminate/Container/Container.php(681): Illuminate\\Container\\Container->build()
#5 /home/alejandro/play-work/playgroup-admin---laravel/vendor/laravel/framework/src/Illuminate/Foundation/Application.php(785): Illuminate\\Container\\Container->resolve()
#6 /home/alejandro/play-work/playgroup-admin---laravel/vendor/laravel/framework/src/Illuminate/Container/Container.php(629): Illuminate\\Foundation\\Application->resolve()
#7 /home/alejandro/play-work/playgroup-admin---laravel/vendor/laravel/framework/src/Illuminate/Foundation/Application.php(770): Illuminate\\Container\\Container->make()
#8 /home/alejandro/play-work/playgroup-admin---laravel/vendor/laravel/framework/src/Illuminate/Routing/Route.php(233): Illuminate\\Foundation\\Application->make()
#9 /home/alejandro/play-work/playgroup-admin---laravel/vendor/laravel/framework/src/Illuminate/Routing/Route.php(833): Illuminate\\Routing\\Route->getController()
#10 /home/alejandro/play-work/playgroup-admin---laravel/vendor/laravel/framework/src/Illuminate/Routing/Route.php(794): Illuminate\\Routing\\Route->controllerMiddleware()
#11 /home/alejandro/play-work/playgroup-admin---laravel/vendor/laravel/framework/src/Illuminate/Routing/Router.php(694): Illuminate\\Routing\\Route->gatherMiddleware()
#12 /home/alejandro/play-work/playgroup-admin---laravel/vendor/laravel/framework/src/Illuminate/Routing/Router.php(674): Illuminate\\Routing\\Router->gatherRouteMiddleware()
#13 /home/alejandro/play-work/playgroup-admin---laravel/vendor/laravel/framework/src/Illuminate/Routing/Router.php(658): Illuminate\\Routing\\Router->runRouteWithinStack()
#14 /home/alejandro/play-work/playgroup-admin---laravel/vendor/laravel/framework/src/Illuminate/Routing/Router.php(624): Illuminate\\Routing\\Router->runRoute()
#15 /home/alejandro/play-work/playgroup-admin---laravel/vendor/laravel/framework/src/Illuminate/Routing/Router.php(613): Illuminate\\Routing\\Router->dispatchToRoute()
#16 /home/alejandro/play-work/playgroup-admin---laravel/vendor/laravel/framework/src/Illuminate/Foundation/Http/Kernel.php(170): Illuminate\\Routing\\Router->dispatch()
#17 /home/alejandro/play-work/playgroup-admin---laravel/vendor/laravel/framework/src/Illuminate/Pipeline/Pipeline.php(130): Illuminate\\Foundation\\Http\\Kernel->Illuminate\\Foundation\\Http\\{closure}()
#18 /home/alejandro/play-work/playgroup-admin---laravel/vendor/laravel/framework/src/Illuminate/Foundation/Http/Middleware/TransformsRequest.php(21): Illuminate\\Pipeline\\Pipeline->Illuminate\\Pipeline\\{closure}()
#19 /home/alejandro/play-work/playgroup-admin---laravel/vendor/laravel/framework/src/Illuminate/Pipeline/Pipeline.php(171): Illuminate\\Foundation\\Http\\Middleware\\TransformsRequest->handle()
#20 /home/alejandro/play-work/playgroup-admin---laravel/vendor/laravel/framework/src/Illuminate/Foundation/Http/Middleware/TransformsRequest.php(21): Illuminate\\Pipeline\\Pipeline->Illuminate\\Pipeline\\{closure}()
#21 /home/alejandro/play-work/playgroup-admin---laravel/vendor/laravel/framework/src/Illuminate/Pipeline/Pipeline.php(171): Illuminate\\Foundation\\Http\\Middleware\\TransformsRequest->handle()
#22 /home/alejandro/play-work/playgroup-admin---laravel/vendor/laravel/framework/src/Illuminate/Foundation/Http/Middleware/ValidatePostSize.php(27): Illuminate\\Pipeline\\Pipeline->Illuminate\\Pipeline\\{closure}()
#23 /home/alejandro/play-work/playgroup-admin---laravel/vendor/laravel/framework/src/Illuminate/Pipeline/Pipeline.php(171): Illuminate\\Foundation\\Http\\Middleware\\ValidatePostSize->handle()
#24 /home/alejandro/play-work/playgroup-admin---laravel/vendor/laravel/framework/src/Illuminate/Foundation/Http/Middleware/CheckForMaintenanceMode.php(63): Illuminate\\Pipeline\\Pipeline->Illuminate\\Pipeline\\{closure}()
#25 /home/alejandro/play-work/playgroup-admin---laravel/vendor/laravel/framework/src/Illuminate/Pipeline/Pipeline.php(171): Illuminate\\Foundation\\Http\\Middleware\\CheckForMaintenanceMode->handle()
#26 /home/alejandro/play-work/playgroup-admin---laravel/vendor/fideloper/proxy/src/TrustProxies.php(57): Illuminate\\Pipeline\\Pipeline->Illuminate\\Pipeline\\{closure}()
#27 /home/alejandro/play-work/playgroup-admin---laravel/vendor/laravel/framework/src/Illuminate/Pipeline/Pipeline.php(171): Fideloper\\Proxy\\TrustProxies->handle()
#28 /home/alejandro/play-work/playgroup-admin---laravel/vendor/laravel/framework/src/Illuminate/Pipeline/Pipeline.php(105): Illuminate\\Pipeline\\Pipeline->Illuminate\\Pipeline\\{closure}()
#29 /home/alejandro/play-work/playgroup-admin---laravel/vendor/laravel/framework/src/Illuminate/Foundation/Http/Kernel.php(145): Illuminate\\Pipeline\\Pipeline->then()
#30 /home/alejandro/play-work/playgroup-admin---laravel/vendor/laravel/framework/src/Illuminate/Foundation/Http/Kernel.php(110): Illuminate\\Foundation\\Http\\Kernel->sendRequestThroughRouter()
#31 /home/alejandro/play-work/playgroup-admin---laravel/public/index.php(55): Illuminate\\Foundation\\Http\\Kernel->handle()
#32 /home/alejandro/play-work/playgroup-admin---laravel/server.php(21): require_once('/home/alejandro...')
#33 {main}
"} 
[2025-05-14 14:48:48] local.ERROR: syntax error, unexpected 'const' (T_CONST) {"exception":"[object] (Symfony\\Component\\Debug\\Exception\\FatalThrowableError(code: 0): syntax error, unexpected 'const' (T_CONST) at /home/alejandro/play-work/playgroup-admin---laravel/app/Http/Controllers/Admin/Information/PagesController.php:67)
[stacktrace]
#0 /home/alejandro/play-work/playgroup-admin---laravel/vendor/composer/ClassLoader.php(427): Composer\\Autoload\\{closure}()
#1 [internal function]: Composer\\Autoload\\ClassLoader->loadClass()
#2 [internal function]: spl_autoload_call()
#3 /home/alejandro/play-work/playgroup-admin---laravel/vendor/laravel/framework/src/Illuminate/Container/Container.php(803): ReflectionClass->__construct()
#4 /home/alejandro/play-work/playgroup-admin---laravel/vendor/laravel/framework/src/Illuminate/Container/Container.php(681): Illuminate\\Container\\Container->build()
#5 /home/alejandro/play-work/playgroup-admin---laravel/vendor/laravel/framework/src/Illuminate/Foundation/Application.php(785): Illuminate\\Container\\Container->resolve()
#6 /home/alejandro/play-work/playgroup-admin---laravel/vendor/laravel/framework/src/Illuminate/Container/Container.php(629): Illuminate\\Foundation\\Application->resolve()
#7 /home/alejandro/play-work/playgroup-admin---laravel/vendor/laravel/framework/src/Illuminate/Foundation/Application.php(770): Illuminate\\Container\\Container->make()
#8 /home/alejandro/play-work/playgroup-admin---laravel/vendor/laravel/framework/src/Illuminate/Routing/Route.php(233): Illuminate\\Foundation\\Application->make()
#9 /home/alejandro/play-work/playgroup-admin---laravel/vendor/laravel/framework/src/Illuminate/Routing/Route.php(833): Illuminate\\Routing\\Route->getController()
#10 /home/alejandro/play-work/playgroup-admin---laravel/vendor/laravel/framework/src/Illuminate/Routing/Route.php(794): Illuminate\\Routing\\Route->controllerMiddleware()
#11 /home/alejandro/play-work/playgroup-admin---laravel/vendor/laravel/framework/src/Illuminate/Routing/Router.php(694): Illuminate\\Routing\\Route->gatherMiddleware()
#12 /home/alejandro/play-work/playgroup-admin---laravel/vendor/laravel/framework/src/Illuminate/Routing/Router.php(674): Illuminate\\Routing\\Router->gatherRouteMiddleware()
#13 /home/alejandro/play-work/playgroup-admin---laravel/vendor/laravel/framework/src/Illuminate/Routing/Router.php(658): Illuminate\\Routing\\Router->runRouteWithinStack()
#14 /home/alejandro/play-work/playgroup-admin---laravel/vendor/laravel/framework/src/Illuminate/Routing/Router.php(624): Illuminate\\Routing\\Router->runRoute()
#15 /home/alejandro/play-work/playgroup-admin---laravel/vendor/laravel/framework/src/Illuminate/Routing/Router.php(613): Illuminate\\Routing\\Router->dispatchToRoute()
#16 /home/alejandro/play-work/playgroup-admin---laravel/vendor/laravel/framework/src/Illuminate/Foundation/Http/Kernel.php(170): Illuminate\\Routing\\Router->dispatch()
#17 /home/alejandro/play-work/playgroup-admin---laravel/vendor/laravel/framework/src/Illuminate/Pipeline/Pipeline.php(130): Illuminate\\Foundation\\Http\\Kernel->Illuminate\\Foundation\\Http\\{closure}()
#18 /home/alejandro/play-work/playgroup-admin---laravel/vendor/laravel/framework/src/Illuminate/Foundation/Http/Middleware/TransformsRequest.php(21): Illuminate\\Pipeline\\Pipeline->Illuminate\\Pipeline\\{closure}()
#19 /home/alejandro/play-work/playgroup-admin---laravel/vendor/laravel/framework/src/Illuminate/Pipeline/Pipeline.php(171): Illuminate\\Foundation\\Http\\Middleware\\TransformsRequest->handle()
#20 /home/alejandro/play-work/playgroup-admin---laravel/vendor/laravel/framework/src/Illuminate/Foundation/Http/Middleware/TransformsRequest.php(21): Illuminate\\Pipeline\\Pipeline->Illuminate\\Pipeline\\{closure}()
#21 /home/alejandro/play-work/playgroup-admin---laravel/vendor/laravel/framework/src/Illuminate/Pipeline/Pipeline.php(171): Illuminate\\Foundation\\Http\\Middleware\\TransformsRequest->handle()
#22 /home/alejandro/play-work/playgroup-admin---laravel/vendor/laravel/framework/src/Illuminate/Foundation/Http/Middleware/ValidatePostSize.php(27): Illuminate\\Pipeline\\Pipeline->Illuminate\\Pipeline\\{closure}()
#23 /home/alejandro/play-work/playgroup-admin---laravel/vendor/laravel/framework/src/Illuminate/Pipeline/Pipeline.php(171): Illuminate\\Foundation\\Http\\Middleware\\ValidatePostSize->handle()
#24 /home/alejandro/play-work/playgroup-admin---laravel/vendor/laravel/framework/src/Illuminate/Foundation/Http/Middleware/CheckForMaintenanceMode.php(63): Illuminate\\Pipeline\\Pipeline->Illuminate\\Pipeline\\{closure}()
#25 /home/alejandro/play-work/playgroup-admin---laravel/vendor/laravel/framework/src/Illuminate/Pipeline/Pipeline.php(171): Illuminate\\Foundation\\Http\\Middleware\\CheckForMaintenanceMode->handle()
#26 /home/alejandro/play-work/playgroup-admin---laravel/vendor/fideloper/proxy/src/TrustProxies.php(57): Illuminate\\Pipeline\\Pipeline->Illuminate\\Pipeline\\{closure}()
#27 /home/alejandro/play-work/playgroup-admin---laravel/vendor/laravel/framework/src/Illuminate/Pipeline/Pipeline.php(171): Fideloper\\Proxy\\TrustProxies->handle()
#28 /home/alejandro/play-work/playgroup-admin---laravel/vendor/laravel/framework/src/Illuminate/Pipeline/Pipeline.php(105): Illuminate\\Pipeline\\Pipeline->Illuminate\\Pipeline\\{closure}()
#29 /home/alejandro/play-work/playgroup-admin---laravel/vendor/laravel/framework/src/Illuminate/Foundation/Http/Kernel.php(145): Illuminate\\Pipeline\\Pipeline->then()
#30 /home/alejandro/play-work/playgroup-admin---laravel/vendor/laravel/framework/src/Illuminate/Foundation/Http/Kernel.php(110): Illuminate\\Foundation\\Http\\Kernel->sendRequestThroughRouter()
#31 /home/alejandro/play-work/playgroup-admin---laravel/public/index.php(55): Illuminate\\Foundation\\Http\\Kernel->handle()
#32 /home/alejandro/play-work/playgroup-admin---laravel/server.php(21): require_once('/home/alejandro...')
#33 {main}
"} 
[2025-05-14 14:50:08] local.ERROR: syntax error, unexpected '->' (T_OBJECT_OPERATOR) {"exception":"[object] (Symfony\\Component\\Debug\\Exception\\FatalThrowableError(code: 0): syntax error, unexpected '->' (T_OBJECT_OPERATOR) at /home/alejandro/play-work/playgroup-admin---laravel/app/Http/Controllers/Admin/Information/PagesController.php:71)
[stacktrace]
#0 /home/alejandro/play-work/playgroup-admin---laravel/vendor/composer/ClassLoader.php(427): Composer\\Autoload\\{closure}()
#1 [internal function]: Composer\\Autoload\\ClassLoader->loadClass()
#2 [internal function]: spl_autoload_call()
#3 /home/alejandro/play-work/playgroup-admin---laravel/vendor/laravel/framework/src/Illuminate/Container/Container.php(803): ReflectionClass->__construct()
#4 /home/alejandro/play-work/playgroup-admin---laravel/vendor/laravel/framework/src/Illuminate/Container/Container.php(681): Illuminate\\Container\\Container->build()
#5 /home/alejandro/play-work/playgroup-admin---laravel/vendor/laravel/framework/src/Illuminate/Foundation/Application.php(785): Illuminate\\Container\\Container->resolve()
#6 /home/alejandro/play-work/playgroup-admin---laravel/vendor/laravel/framework/src/Illuminate/Container/Container.php(629): Illuminate\\Foundation\\Application->resolve()
#7 /home/alejandro/play-work/playgroup-admin---laravel/vendor/laravel/framework/src/Illuminate/Foundation/Application.php(770): Illuminate\\Container\\Container->make()
#8 /home/alejandro/play-work/playgroup-admin---laravel/vendor/laravel/framework/src/Illuminate/Routing/Route.php(233): Illuminate\\Foundation\\Application->make()
#9 /home/alejandro/play-work/playgroup-admin---laravel/vendor/laravel/framework/src/Illuminate/Routing/Route.php(833): Illuminate\\Routing\\Route->getController()
#10 /home/alejandro/play-work/playgroup-admin---laravel/vendor/laravel/framework/src/Illuminate/Routing/Route.php(794): Illuminate\\Routing\\Route->controllerMiddleware()
#11 /home/alejandro/play-work/playgroup-admin---laravel/vendor/laravel/framework/src/Illuminate/Routing/Router.php(694): Illuminate\\Routing\\Route->gatherMiddleware()
#12 /home/alejandro/play-work/playgroup-admin---laravel/vendor/laravel/framework/src/Illuminate/Routing/Router.php(674): Illuminate\\Routing\\Router->gatherRouteMiddleware()
#13 /home/alejandro/play-work/playgroup-admin---laravel/vendor/laravel/framework/src/Illuminate/Routing/Router.php(658): Illuminate\\Routing\\Router->runRouteWithinStack()
#14 /home/alejandro/play-work/playgroup-admin---laravel/vendor/laravel/framework/src/Illuminate/Routing/Router.php(624): Illuminate\\Routing\\Router->runRoute()
#15 /home/alejandro/play-work/playgroup-admin---laravel/vendor/laravel/framework/src/Illuminate/Routing/Router.php(613): Illuminate\\Routing\\Router->dispatchToRoute()
#16 /home/alejandro/play-work/playgroup-admin---laravel/vendor/laravel/framework/src/Illuminate/Foundation/Http/Kernel.php(170): Illuminate\\Routing\\Router->dispatch()
#17 /home/alejandro/play-work/playgroup-admin---laravel/vendor/laravel/framework/src/Illuminate/Pipeline/Pipeline.php(130): Illuminate\\Foundation\\Http\\Kernel->Illuminate\\Foundation\\Http\\{closure}()
#18 /home/alejandro/play-work/playgroup-admin---laravel/vendor/laravel/framework/src/Illuminate/Foundation/Http/Middleware/TransformsRequest.php(21): Illuminate\\Pipeline\\Pipeline->Illuminate\\Pipeline\\{closure}()
#19 /home/alejandro/play-work/playgroup-admin---laravel/vendor/laravel/framework/src/Illuminate/Pipeline/Pipeline.php(171): Illuminate\\Foundation\\Http\\Middleware\\TransformsRequest->handle()
#20 /home/alejandro/play-work/playgroup-admin---laravel/vendor/laravel/framework/src/Illuminate/Foundation/Http/Middleware/TransformsRequest.php(21): Illuminate\\Pipeline\\Pipeline->Illuminate\\Pipeline\\{closure}()
#21 /home/alejandro/play-work/playgroup-admin---laravel/vendor/laravel/framework/src/Illuminate/Pipeline/Pipeline.php(171): Illuminate\\Foundation\\Http\\Middleware\\TransformsRequest->handle()
#22 /home/alejandro/play-work/playgroup-admin---laravel/vendor/laravel/framework/src/Illuminate/Foundation/Http/Middleware/ValidatePostSize.php(27): Illuminate\\Pipeline\\Pipeline->Illuminate\\Pipeline\\{closure}()
#23 /home/alejandro/play-work/playgroup-admin---laravel/vendor/laravel/framework/src/Illuminate/Pipeline/Pipeline.php(171): Illuminate\\Foundation\\Http\\Middleware\\ValidatePostSize->handle()
#24 /home/alejandro/play-work/playgroup-admin---laravel/vendor/laravel/framework/src/Illuminate/Foundation/Http/Middleware/CheckForMaintenanceMode.php(63): Illuminate\\Pipeline\\Pipeline->Illuminate\\Pipeline\\{closure}()
#25 /home/alejandro/play-work/playgroup-admin---laravel/vendor/laravel/framework/src/Illuminate/Pipeline/Pipeline.php(171): Illuminate\\Foundation\\Http\\Middleware\\CheckForMaintenanceMode->handle()
#26 /home/alejandro/play-work/playgroup-admin---laravel/vendor/fideloper/proxy/src/TrustProxies.php(57): Illuminate\\Pipeline\\Pipeline->Illuminate\\Pipeline\\{closure}()
#27 /home/alejandro/play-work/playgroup-admin---laravel/vendor/laravel/framework/src/Illuminate/Pipeline/Pipeline.php(171): Fideloper\\Proxy\\TrustProxies->handle()
#28 /home/alejandro/play-work/playgroup-admin---laravel/vendor/laravel/framework/src/Illuminate/Pipeline/Pipeline.php(105): Illuminate\\Pipeline\\Pipeline->Illuminate\\Pipeline\\{closure}()
#29 /home/alejandro/play-work/playgroup-admin---laravel/vendor/laravel/framework/src/Illuminate/Foundation/Http/Kernel.php(145): Illuminate\\Pipeline\\Pipeline->then()
#30 /home/alejandro/play-work/playgroup-admin---laravel/vendor/laravel/framework/src/Illuminate/Foundation/Http/Kernel.php(110): Illuminate\\Foundation\\Http\\Kernel->sendRequestThroughRouter()
#31 /home/alejandro/play-work/playgroup-admin---laravel/public/index.php(55): Illuminate\\Foundation\\Http\\Kernel->handle()
#32 /home/alejandro/play-work/playgroup-admin---laravel/server.php(21): require_once('/home/alejandro...')
#33 {main}
"} 
[2025-05-14 14:50:09] local.ERROR: syntax error, unexpected '->' (T_OBJECT_OPERATOR) {"exception":"[object] (Symfony\\Component\\Debug\\Exception\\FatalThrowableError(code: 0): syntax error, unexpected '->' (T_OBJECT_OPERATOR) at /home/alejandro/play-work/playgroup-admin---laravel/app/Http/Controllers/Admin/Information/PagesController.php:71)
[stacktrace]
#0 /home/alejandro/play-work/playgroup-admin---laravel/vendor/composer/ClassLoader.php(427): Composer\\Autoload\\{closure}()
#1 [internal function]: Composer\\Autoload\\ClassLoader->loadClass()
#2 [internal function]: spl_autoload_call()
#3 /home/alejandro/play-work/playgroup-admin---laravel/vendor/laravel/framework/src/Illuminate/Container/Container.php(803): ReflectionClass->__construct()
#4 /home/alejandro/play-work/playgroup-admin---laravel/vendor/laravel/framework/src/Illuminate/Container/Container.php(681): Illuminate\\Container\\Container->build()
#5 /home/alejandro/play-work/playgroup-admin---laravel/vendor/laravel/framework/src/Illuminate/Foundation/Application.php(785): Illuminate\\Container\\Container->resolve()
#6 /home/alejandro/play-work/playgroup-admin---laravel/vendor/laravel/framework/src/Illuminate/Container/Container.php(629): Illuminate\\Foundation\\Application->resolve()
#7 /home/alejandro/play-work/playgroup-admin---laravel/vendor/laravel/framework/src/Illuminate/Foundation/Application.php(770): Illuminate\\Container\\Container->make()
#8 /home/alejandro/play-work/playgroup-admin---laravel/vendor/laravel/framework/src/Illuminate/Routing/Route.php(233): Illuminate\\Foundation\\Application->make()
#9 /home/alejandro/play-work/playgroup-admin---laravel/vendor/laravel/framework/src/Illuminate/Routing/Route.php(833): Illuminate\\Routing\\Route->getController()
#10 /home/alejandro/play-work/playgroup-admin---laravel/vendor/laravel/framework/src/Illuminate/Routing/Route.php(794): Illuminate\\Routing\\Route->controllerMiddleware()
#11 /home/alejandro/play-work/playgroup-admin---laravel/vendor/laravel/framework/src/Illuminate/Routing/Router.php(694): Illuminate\\Routing\\Route->gatherMiddleware()
#12 /home/alejandro/play-work/playgroup-admin---laravel/vendor/laravel/framework/src/Illuminate/Routing/Router.php(674): Illuminate\\Routing\\Router->gatherRouteMiddleware()
#13 /home/alejandro/play-work/playgroup-admin---laravel/vendor/laravel/framework/src/Illuminate/Routing/Router.php(658): Illuminate\\Routing\\Router->runRouteWithinStack()
#14 /home/alejandro/play-work/playgroup-admin---laravel/vendor/laravel/framework/src/Illuminate/Routing/Router.php(624): Illuminate\\Routing\\Router->runRoute()
#15 /home/alejandro/play-work/playgroup-admin---laravel/vendor/laravel/framework/src/Illuminate/Routing/Router.php(613): Illuminate\\Routing\\Router->dispatchToRoute()
#16 /home/alejandro/play-work/playgroup-admin---laravel/vendor/laravel/framework/src/Illuminate/Foundation/Http/Kernel.php(170): Illuminate\\Routing\\Router->dispatch()
#17 /home/alejandro/play-work/playgroup-admin---laravel/vendor/laravel/framework/src/Illuminate/Pipeline/Pipeline.php(130): Illuminate\\Foundation\\Http\\Kernel->Illuminate\\Foundation\\Http\\{closure}()
#18 /home/alejandro/play-work/playgroup-admin---laravel/vendor/laravel/framework/src/Illuminate/Foundation/Http/Middleware/TransformsRequest.php(21): Illuminate\\Pipeline\\Pipeline->Illuminate\\Pipeline\\{closure}()
#19 /home/alejandro/play-work/playgroup-admin---laravel/vendor/laravel/framework/src/Illuminate/Pipeline/Pipeline.php(171): Illuminate\\Foundation\\Http\\Middleware\\TransformsRequest->handle()
#20 /home/alejandro/play-work/playgroup-admin---laravel/vendor/laravel/framework/src/Illuminate/Foundation/Http/Middleware/TransformsRequest.php(21): Illuminate\\Pipeline\\Pipeline->Illuminate\\Pipeline\\{closure}()
#21 /home/alejandro/play-work/playgroup-admin---laravel/vendor/laravel/framework/src/Illuminate/Pipeline/Pipeline.php(171): Illuminate\\Foundation\\Http\\Middleware\\TransformsRequest->handle()
#22 /home/alejandro/play-work/playgroup-admin---laravel/vendor/laravel/framework/src/Illuminate/Foundation/Http/Middleware/ValidatePostSize.php(27): Illuminate\\Pipeline\\Pipeline->Illuminate\\Pipeline\\{closure}()
#23 /home/alejandro/play-work/playgroup-admin---laravel/vendor/laravel/framework/src/Illuminate/Pipeline/Pipeline.php(171): Illuminate\\Foundation\\Http\\Middleware\\ValidatePostSize->handle()
#24 /home/alejandro/play-work/playgroup-admin---laravel/vendor/laravel/framework/src/Illuminate/Foundation/Http/Middleware/CheckForMaintenanceMode.php(63): Illuminate\\Pipeline\\Pipeline->Illuminate\\Pipeline\\{closure}()
#25 /home/alejandro/play-work/playgroup-admin---laravel/vendor/laravel/framework/src/Illuminate/Pipeline/Pipeline.php(171): Illuminate\\Foundation\\Http\\Middleware\\CheckForMaintenanceMode->handle()
#26 /home/alejandro/play-work/playgroup-admin---laravel/vendor/fideloper/proxy/src/TrustProxies.php(57): Illuminate\\Pipeline\\Pipeline->Illuminate\\Pipeline\\{closure}()
#27 /home/alejandro/play-work/playgroup-admin---laravel/vendor/laravel/framework/src/Illuminate/Pipeline/Pipeline.php(171): Fideloper\\Proxy\\TrustProxies->handle()
#28 /home/alejandro/play-work/playgroup-admin---laravel/vendor/laravel/framework/src/Illuminate/Pipeline/Pipeline.php(105): Illuminate\\Pipeline\\Pipeline->Illuminate\\Pipeline\\{closure}()
#29 /home/alejandro/play-work/playgroup-admin---laravel/vendor/laravel/framework/src/Illuminate/Foundation/Http/Kernel.php(145): Illuminate\\Pipeline\\Pipeline->then()
#30 /home/alejandro/play-work/playgroup-admin---laravel/vendor/laravel/framework/src/Illuminate/Foundation/Http/Kernel.php(110): Illuminate\\Foundation\\Http\\Kernel->sendRequestThroughRouter()
#31 /home/alejandro/play-work/playgroup-admin---laravel/public/index.php(55): Illuminate\\Foundation\\Http\\Kernel->handle()
#32 /home/alejandro/play-work/playgroup-admin---laravel/server.php(21): require_once('/home/alejandro...')
#33 {main}
"} 
[2025-05-14 14:54:50] local.INFO: sec {"section":{"App\\MasterSection":{"id":40,"name":"Proceso de Calidad","master_page_id":6,"created_at":null,"updated_at":null,"content_formatted":[],"content":[]}}} 
[2025-05-14 15:03:54] local.ERROR: syntax error, unexpected ';' {"exception":"[object] (Symfony\\Component\\Debug\\Exception\\FatalThrowableError(code: 0): syntax error, unexpected ';' at /home/alejandro/play-work/playgroup-admin---laravel/app/Http/Controllers/Admin/Information/PagesController.php:72)
[stacktrace]
#0 /home/alejandro/play-work/playgroup-admin---laravel/vendor/composer/ClassLoader.php(427): Composer\\Autoload\\{closure}()
#1 [internal function]: Composer\\Autoload\\ClassLoader->loadClass()
#2 [internal function]: spl_autoload_call()
#3 /home/alejandro/play-work/playgroup-admin---laravel/vendor/laravel/framework/src/Illuminate/Container/Container.php(803): ReflectionClass->__construct()
#4 /home/alejandro/play-work/playgroup-admin---laravel/vendor/laravel/framework/src/Illuminate/Container/Container.php(681): Illuminate\\Container\\Container->build()
#5 /home/alejandro/play-work/playgroup-admin---laravel/vendor/laravel/framework/src/Illuminate/Foundation/Application.php(785): Illuminate\\Container\\Container->resolve()
#6 /home/alejandro/play-work/playgroup-admin---laravel/vendor/laravel/framework/src/Illuminate/Container/Container.php(629): Illuminate\\Foundation\\Application->resolve()
#7 /home/alejandro/play-work/playgroup-admin---laravel/vendor/laravel/framework/src/Illuminate/Foundation/Application.php(770): Illuminate\\Container\\Container->make()
#8 /home/alejandro/play-work/playgroup-admin---laravel/vendor/laravel/framework/src/Illuminate/Routing/Route.php(233): Illuminate\\Foundation\\Application->make()
#9 /home/alejandro/play-work/playgroup-admin---laravel/vendor/laravel/framework/src/Illuminate/Routing/Route.php(833): Illuminate\\Routing\\Route->getController()
#10 /home/alejandro/play-work/playgroup-admin---laravel/vendor/laravel/framework/src/Illuminate/Routing/Route.php(794): Illuminate\\Routing\\Route->controllerMiddleware()
#11 /home/alejandro/play-work/playgroup-admin---laravel/vendor/laravel/framework/src/Illuminate/Routing/Router.php(694): Illuminate\\Routing\\Route->gatherMiddleware()
#12 /home/alejandro/play-work/playgroup-admin---laravel/vendor/laravel/framework/src/Illuminate/Routing/Router.php(674): Illuminate\\Routing\\Router->gatherRouteMiddleware()
#13 /home/alejandro/play-work/playgroup-admin---laravel/vendor/laravel/framework/src/Illuminate/Routing/Router.php(658): Illuminate\\Routing\\Router->runRouteWithinStack()
#14 /home/alejandro/play-work/playgroup-admin---laravel/vendor/laravel/framework/src/Illuminate/Routing/Router.php(624): Illuminate\\Routing\\Router->runRoute()
#15 /home/alejandro/play-work/playgroup-admin---laravel/vendor/laravel/framework/src/Illuminate/Routing/Router.php(613): Illuminate\\Routing\\Router->dispatchToRoute()
#16 /home/alejandro/play-work/playgroup-admin---laravel/vendor/laravel/framework/src/Illuminate/Foundation/Http/Kernel.php(170): Illuminate\\Routing\\Router->dispatch()
#17 /home/alejandro/play-work/playgroup-admin---laravel/vendor/laravel/framework/src/Illuminate/Pipeline/Pipeline.php(130): Illuminate\\Foundation\\Http\\Kernel->Illuminate\\Foundation\\Http\\{closure}()
#18 /home/alejandro/play-work/playgroup-admin---laravel/vendor/laravel/framework/src/Illuminate/Foundation/Http/Middleware/TransformsRequest.php(21): Illuminate\\Pipeline\\Pipeline->Illuminate\\Pipeline\\{closure}()
#19 /home/alejandro/play-work/playgroup-admin---laravel/vendor/laravel/framework/src/Illuminate/Pipeline/Pipeline.php(171): Illuminate\\Foundation\\Http\\Middleware\\TransformsRequest->handle()
#20 /home/alejandro/play-work/playgroup-admin---laravel/vendor/laravel/framework/src/Illuminate/Foundation/Http/Middleware/TransformsRequest.php(21): Illuminate\\Pipeline\\Pipeline->Illuminate\\Pipeline\\{closure}()
#21 /home/alejandro/play-work/playgroup-admin---laravel/vendor/laravel/framework/src/Illuminate/Pipeline/Pipeline.php(171): Illuminate\\Foundation\\Http\\Middleware\\TransformsRequest->handle()
#22 /home/alejandro/play-work/playgroup-admin---laravel/vendor/laravel/framework/src/Illuminate/Foundation/Http/Middleware/ValidatePostSize.php(27): Illuminate\\Pipeline\\Pipeline->Illuminate\\Pipeline\\{closure}()
#23 /home/alejandro/play-work/playgroup-admin---laravel/vendor/laravel/framework/src/Illuminate/Pipeline/Pipeline.php(171): Illuminate\\Foundation\\Http\\Middleware\\ValidatePostSize->handle()
#24 /home/alejandro/play-work/playgroup-admin---laravel/vendor/laravel/framework/src/Illuminate/Foundation/Http/Middleware/CheckForMaintenanceMode.php(63): Illuminate\\Pipeline\\Pipeline->Illuminate\\Pipeline\\{closure}()
#25 /home/alejandro/play-work/playgroup-admin---laravel/vendor/laravel/framework/src/Illuminate/Pipeline/Pipeline.php(171): Illuminate\\Foundation\\Http\\Middleware\\CheckForMaintenanceMode->handle()
#26 /home/alejandro/play-work/playgroup-admin---laravel/vendor/fideloper/proxy/src/TrustProxies.php(57): Illuminate\\Pipeline\\Pipeline->Illuminate\\Pipeline\\{closure}()
#27 /home/alejandro/play-work/playgroup-admin---laravel/vendor/laravel/framework/src/Illuminate/Pipeline/Pipeline.php(171): Fideloper\\Proxy\\TrustProxies->handle()
#28 /home/alejandro/play-work/playgroup-admin---laravel/vendor/laravel/framework/src/Illuminate/Pipeline/Pipeline.php(105): Illuminate\\Pipeline\\Pipeline->Illuminate\\Pipeline\\{closure}()
#29 /home/alejandro/play-work/playgroup-admin---laravel/vendor/laravel/framework/src/Illuminate/Foundation/Http/Kernel.php(145): Illuminate\\Pipeline\\Pipeline->then()
#30 /home/alejandro/play-work/playgroup-admin---laravel/vendor/laravel/framework/src/Illuminate/Foundation/Http/Kernel.php(110): Illuminate\\Foundation\\Http\\Kernel->sendRequestThroughRouter()
#31 /home/alejandro/play-work/playgroup-admin---laravel/public/index.php(55): Illuminate\\Foundation\\Http\\Kernel->handle()
#32 /home/alejandro/play-work/playgroup-admin---laravel/server.php(21): require_once('/home/alejandro...')
#33 {main}
"} 
[2025-05-14 15:12:29] local.ERROR: Call to a member function unsetRelation() on null {"exception":"[object] (Symfony\\Component\\Debug\\Exception\\FatalThrowableError(code: 0): Call to a member function unsetRelation() on null at /home/alejandro/play-work/playgroup-admin---laravel/app/Http/Controllers/Api/PageController.php:43)
[stacktrace]
#0 /home/alejandro/play-work/playgroup-admin---laravel/vendor/laravel/framework/src/Illuminate/Routing/Controller.php(54): App\\Http\\Controllers\\Api\\PageController->getPodcasts()
#1 /home/alejandro/play-work/playgroup-admin---laravel/vendor/laravel/framework/src/Illuminate/Routing/ControllerDispatcher.php(45): Illuminate\\Routing\\Controller->callAction()
#2 /home/alejandro/play-work/playgroup-admin---laravel/vendor/laravel/framework/src/Illuminate/Routing/Route.php(219): Illuminate\\Routing\\ControllerDispatcher->dispatch()
#3 /home/alejandro/play-work/playgroup-admin---laravel/vendor/laravel/framework/src/Illuminate/Routing/Route.php(176): Illuminate\\Routing\\Route->runController()
#4 /home/alejandro/play-work/playgroup-admin---laravel/vendor/laravel/framework/src/Illuminate/Routing/Router.php(681): Illuminate\\Routing\\Route->run()
#5 /home/alejandro/play-work/playgroup-admin---laravel/vendor/laravel/framework/src/Illuminate/Pipeline/Pipeline.php(130): Illuminate\\Routing\\Router->Illuminate\\Routing\\{closure}()
#6 /home/alejandro/play-work/playgroup-admin---laravel/vendor/laravel/framework/src/Illuminate/Routing/Middleware/SubstituteBindings.php(41): Illuminate\\Pipeline\\Pipeline->Illuminate\\Pipeline\\{closure}()
#7 /home/alejandro/play-work/playgroup-admin---laravel/vendor/laravel/framework/src/Illuminate/Pipeline/Pipeline.php(171): Illuminate\\Routing\\Middleware\\SubstituteBindings->handle()
#8 /home/alejandro/play-work/playgroup-admin---laravel/vendor/laravel/framework/src/Illuminate/Pipeline/Pipeline.php(105): Illuminate\\Pipeline\\Pipeline->Illuminate\\Pipeline\\{closure}()
#9 /home/alejandro/play-work/playgroup-admin---laravel/vendor/laravel/framework/src/Illuminate/Routing/Router.php(683): Illuminate\\Pipeline\\Pipeline->then()
#10 /home/alejandro/play-work/playgroup-admin---laravel/vendor/laravel/framework/src/Illuminate/Routing/Router.php(658): Illuminate\\Routing\\Router->runRouteWithinStack()
#11 /home/alejandro/play-work/playgroup-admin---laravel/vendor/laravel/framework/src/Illuminate/Routing/Router.php(624): Illuminate\\Routing\\Router->runRoute()
#12 /home/alejandro/play-work/playgroup-admin---laravel/vendor/laravel/framework/src/Illuminate/Routing/Router.php(613): Illuminate\\Routing\\Router->dispatchToRoute()
#13 /home/alejandro/play-work/playgroup-admin---laravel/vendor/laravel/framework/src/Illuminate/Foundation/Http/Kernel.php(170): Illuminate\\Routing\\Router->dispatch()
#14 /home/alejandro/play-work/playgroup-admin---laravel/vendor/laravel/framework/src/Illuminate/Pipeline/Pipeline.php(130): Illuminate\\Foundation\\Http\\Kernel->Illuminate\\Foundation\\Http\\{closure}()
#15 /home/alejandro/play-work/playgroup-admin---laravel/vendor/laravel/framework/src/Illuminate/Foundation/Http/Middleware/TransformsRequest.php(21): Illuminate\\Pipeline\\Pipeline->Illuminate\\Pipeline\\{closure}()
#16 /home/alejandro/play-work/playgroup-admin---laravel/vendor/laravel/framework/src/Illuminate/Pipeline/Pipeline.php(171): Illuminate\\Foundation\\Http\\Middleware\\TransformsRequest->handle()
#17 /home/alejandro/play-work/playgroup-admin---laravel/vendor/laravel/framework/src/Illuminate/Foundation/Http/Middleware/TransformsRequest.php(21): Illuminate\\Pipeline\\Pipeline->Illuminate\\Pipeline\\{closure}()
#18 /home/alejandro/play-work/playgroup-admin---laravel/vendor/laravel/framework/src/Illuminate/Pipeline/Pipeline.php(171): Illuminate\\Foundation\\Http\\Middleware\\TransformsRequest->handle()
#19 /home/alejandro/play-work/playgroup-admin---laravel/vendor/laravel/framework/src/Illuminate/Foundation/Http/Middleware/ValidatePostSize.php(27): Illuminate\\Pipeline\\Pipeline->Illuminate\\Pipeline\\{closure}()
#20 /home/alejandro/play-work/playgroup-admin---laravel/vendor/laravel/framework/src/Illuminate/Pipeline/Pipeline.php(171): Illuminate\\Foundation\\Http\\Middleware\\ValidatePostSize->handle()
#21 /home/alejandro/play-work/playgroup-admin---laravel/vendor/laravel/framework/src/Illuminate/Foundation/Http/Middleware/CheckForMaintenanceMode.php(63): Illuminate\\Pipeline\\Pipeline->Illuminate\\Pipeline\\{closure}()
#22 /home/alejandro/play-work/playgroup-admin---laravel/vendor/laravel/framework/src/Illuminate/Pipeline/Pipeline.php(171): Illuminate\\Foundation\\Http\\Middleware\\CheckForMaintenanceMode->handle()
#23 /home/alejandro/play-work/playgroup-admin---laravel/vendor/fideloper/proxy/src/TrustProxies.php(57): Illuminate\\Pipeline\\Pipeline->Illuminate\\Pipeline\\{closure}()
#24 /home/alejandro/play-work/playgroup-admin---laravel/vendor/laravel/framework/src/Illuminate/Pipeline/Pipeline.php(171): Fideloper\\Proxy\\TrustProxies->handle()
#25 /home/alejandro/play-work/playgroup-admin---laravel/vendor/laravel/framework/src/Illuminate/Pipeline/Pipeline.php(105): Illuminate\\Pipeline\\Pipeline->Illuminate\\Pipeline\\{closure}()
#26 /home/alejandro/play-work/playgroup-admin---laravel/vendor/laravel/framework/src/Illuminate/Foundation/Http/Kernel.php(145): Illuminate\\Pipeline\\Pipeline->then()
#27 /home/alejandro/play-work/playgroup-admin---laravel/vendor/laravel/framework/src/Illuminate/Foundation/Http/Kernel.php(110): Illuminate\\Foundation\\Http\\Kernel->sendRequestThroughRouter()
#28 /home/alejandro/play-work/playgroup-admin---laravel/public/index.php(55): Illuminate\\Foundation\\Http\\Kernel->handle()
#29 /home/alejandro/play-work/playgroup-admin---laravel/server.php(21): require_once('/home/alejandro...')
#30 {main}
"} 
[2025-05-14 15:12:29] local.ERROR: Call to a member function unsetRelation() on null {"exception":"[object] (Symfony\\Component\\Debug\\Exception\\FatalThrowableError(code: 0): Call to a member function unsetRelation() on null at /home/alejandro/play-work/playgroup-admin---laravel/app/Http/Controllers/Api/PageController.php:43)
[stacktrace]
#0 /home/alejandro/play-work/playgroup-admin---laravel/vendor/laravel/framework/src/Illuminate/Routing/Controller.php(54): App\\Http\\Controllers\\Api\\PageController->getPodcasts()
#1 /home/alejandro/play-work/playgroup-admin---laravel/vendor/laravel/framework/src/Illuminate/Routing/ControllerDispatcher.php(45): Illuminate\\Routing\\Controller->callAction()
#2 /home/alejandro/play-work/playgroup-admin---laravel/vendor/laravel/framework/src/Illuminate/Routing/Route.php(219): Illuminate\\Routing\\ControllerDispatcher->dispatch()
#3 /home/alejandro/play-work/playgroup-admin---laravel/vendor/laravel/framework/src/Illuminate/Routing/Route.php(176): Illuminate\\Routing\\Route->runController()
#4 /home/alejandro/play-work/playgroup-admin---laravel/vendor/laravel/framework/src/Illuminate/Routing/Router.php(681): Illuminate\\Routing\\Route->run()
#5 /home/alejandro/play-work/playgroup-admin---laravel/vendor/laravel/framework/src/Illuminate/Pipeline/Pipeline.php(130): Illuminate\\Routing\\Router->Illuminate\\Routing\\{closure}()
#6 /home/alejandro/play-work/playgroup-admin---laravel/vendor/laravel/framework/src/Illuminate/Routing/Middleware/SubstituteBindings.php(41): Illuminate\\Pipeline\\Pipeline->Illuminate\\Pipeline\\{closure}()
#7 /home/alejandro/play-work/playgroup-admin---laravel/vendor/laravel/framework/src/Illuminate/Pipeline/Pipeline.php(171): Illuminate\\Routing\\Middleware\\SubstituteBindings->handle()
#8 /home/alejandro/play-work/playgroup-admin---laravel/vendor/laravel/framework/src/Illuminate/Pipeline/Pipeline.php(105): Illuminate\\Pipeline\\Pipeline->Illuminate\\Pipeline\\{closure}()
#9 /home/alejandro/play-work/playgroup-admin---laravel/vendor/laravel/framework/src/Illuminate/Routing/Router.php(683): Illuminate\\Pipeline\\Pipeline->then()
#10 /home/alejandro/play-work/playgroup-admin---laravel/vendor/laravel/framework/src/Illuminate/Routing/Router.php(658): Illuminate\\Routing\\Router->runRouteWithinStack()
#11 /home/alejandro/play-work/playgroup-admin---laravel/vendor/laravel/framework/src/Illuminate/Routing/Router.php(624): Illuminate\\Routing\\Router->runRoute()
#12 /home/alejandro/play-work/playgroup-admin---laravel/vendor/laravel/framework/src/Illuminate/Routing/Router.php(613): Illuminate\\Routing\\Router->dispatchToRoute()
#13 /home/alejandro/play-work/playgroup-admin---laravel/vendor/laravel/framework/src/Illuminate/Foundation/Http/Kernel.php(170): Illuminate\\Routing\\Router->dispatch()
#14 /home/alejandro/play-work/playgroup-admin---laravel/vendor/laravel/framework/src/Illuminate/Pipeline/Pipeline.php(130): Illuminate\\Foundation\\Http\\Kernel->Illuminate\\Foundation\\Http\\{closure}()
#15 /home/alejandro/play-work/playgroup-admin---laravel/vendor/laravel/framework/src/Illuminate/Foundation/Http/Middleware/TransformsRequest.php(21): Illuminate\\Pipeline\\Pipeline->Illuminate\\Pipeline\\{closure}()
#16 /home/alejandro/play-work/playgroup-admin---laravel/vendor/laravel/framework/src/Illuminate/Pipeline/Pipeline.php(171): Illuminate\\Foundation\\Http\\Middleware\\TransformsRequest->handle()
#17 /home/alejandro/play-work/playgroup-admin---laravel/vendor/laravel/framework/src/Illuminate/Foundation/Http/Middleware/TransformsRequest.php(21): Illuminate\\Pipeline\\Pipeline->Illuminate\\Pipeline\\{closure}()
#18 /home/alejandro/play-work/playgroup-admin---laravel/vendor/laravel/framework/src/Illuminate/Pipeline/Pipeline.php(171): Illuminate\\Foundation\\Http\\Middleware\\TransformsRequest->handle()
#19 /home/alejandro/play-work/playgroup-admin---laravel/vendor/laravel/framework/src/Illuminate/Foundation/Http/Middleware/ValidatePostSize.php(27): Illuminate\\Pipeline\\Pipeline->Illuminate\\Pipeline\\{closure}()
#20 /home/alejandro/play-work/playgroup-admin---laravel/vendor/laravel/framework/src/Illuminate/Pipeline/Pipeline.php(171): Illuminate\\Foundation\\Http\\Middleware\\ValidatePostSize->handle()
#21 /home/alejandro/play-work/playgroup-admin---laravel/vendor/laravel/framework/src/Illuminate/Foundation/Http/Middleware/CheckForMaintenanceMode.php(63): Illuminate\\Pipeline\\Pipeline->Illuminate\\Pipeline\\{closure}()
#22 /home/alejandro/play-work/playgroup-admin---laravel/vendor/laravel/framework/src/Illuminate/Pipeline/Pipeline.php(171): Illuminate\\Foundation\\Http\\Middleware\\CheckForMaintenanceMode->handle()
#23 /home/alejandro/play-work/playgroup-admin---laravel/vendor/fideloper/proxy/src/TrustProxies.php(57): Illuminate\\Pipeline\\Pipeline->Illuminate\\Pipeline\\{closure}()
#24 /home/alejandro/play-work/playgroup-admin---laravel/vendor/laravel/framework/src/Illuminate/Pipeline/Pipeline.php(171): Fideloper\\Proxy\\TrustProxies->handle()
#25 /home/alejandro/play-work/playgroup-admin---laravel/vendor/laravel/framework/src/Illuminate/Pipeline/Pipeline.php(105): Illuminate\\Pipeline\\Pipeline->Illuminate\\Pipeline\\{closure}()
#26 /home/alejandro/play-work/playgroup-admin---laravel/vendor/laravel/framework/src/Illuminate/Foundation/Http/Kernel.php(145): Illuminate\\Pipeline\\Pipeline->then()
#27 /home/alejandro/play-work/playgroup-admin---laravel/vendor/laravel/framework/src/Illuminate/Foundation/Http/Kernel.php(110): Illuminate\\Foundation\\Http\\Kernel->sendRequestThroughRouter()
#28 /home/alejandro/play-work/playgroup-admin---laravel/public/index.php(55): Illuminate\\Foundation\\Http\\Kernel->handle()
#29 /home/alejandro/play-work/playgroup-admin---laravel/server.php(21): require_once('/home/alejandro...')
#30 {main}
"} 
[2025-05-14 15:13:01] local.ERROR: Call to a member function unsetRelation() on null {"exception":"[object] (Symfony\\Component\\Debug\\Exception\\FatalThrowableError(code: 0): Call to a member function unsetRelation() on null at /home/alejandro/play-work/playgroup-admin---laravel/app/Http/Controllers/Api/PageController.php:43)
[stacktrace]
#0 /home/alejandro/play-work/playgroup-admin---laravel/vendor/laravel/framework/src/Illuminate/Routing/Controller.php(54): App\\Http\\Controllers\\Api\\PageController->getPodcasts()
#1 /home/alejandro/play-work/playgroup-admin---laravel/vendor/laravel/framework/src/Illuminate/Routing/ControllerDispatcher.php(45): Illuminate\\Routing\\Controller->callAction()
#2 /home/alejandro/play-work/playgroup-admin---laravel/vendor/laravel/framework/src/Illuminate/Routing/Route.php(219): Illuminate\\Routing\\ControllerDispatcher->dispatch()
#3 /home/alejandro/play-work/playgroup-admin---laravel/vendor/laravel/framework/src/Illuminate/Routing/Route.php(176): Illuminate\\Routing\\Route->runController()
#4 /home/alejandro/play-work/playgroup-admin---laravel/vendor/laravel/framework/src/Illuminate/Routing/Router.php(681): Illuminate\\Routing\\Route->run()
#5 /home/alejandro/play-work/playgroup-admin---laravel/vendor/laravel/framework/src/Illuminate/Pipeline/Pipeline.php(130): Illuminate\\Routing\\Router->Illuminate\\Routing\\{closure}()
#6 /home/alejandro/play-work/playgroup-admin---laravel/vendor/laravel/framework/src/Illuminate/Routing/Middleware/SubstituteBindings.php(41): Illuminate\\Pipeline\\Pipeline->Illuminate\\Pipeline\\{closure}()
#7 /home/alejandro/play-work/playgroup-admin---laravel/vendor/laravel/framework/src/Illuminate/Pipeline/Pipeline.php(171): Illuminate\\Routing\\Middleware\\SubstituteBindings->handle()
#8 /home/alejandro/play-work/playgroup-admin---laravel/vendor/laravel/framework/src/Illuminate/Pipeline/Pipeline.php(105): Illuminate\\Pipeline\\Pipeline->Illuminate\\Pipeline\\{closure}()
#9 /home/alejandro/play-work/playgroup-admin---laravel/vendor/laravel/framework/src/Illuminate/Routing/Router.php(683): Illuminate\\Pipeline\\Pipeline->then()
#10 /home/alejandro/play-work/playgroup-admin---laravel/vendor/laravel/framework/src/Illuminate/Routing/Router.php(658): Illuminate\\Routing\\Router->runRouteWithinStack()
#11 /home/alejandro/play-work/playgroup-admin---laravel/vendor/laravel/framework/src/Illuminate/Routing/Router.php(624): Illuminate\\Routing\\Router->runRoute()
#12 /home/alejandro/play-work/playgroup-admin---laravel/vendor/laravel/framework/src/Illuminate/Routing/Router.php(613): Illuminate\\Routing\\Router->dispatchToRoute()
#13 /home/alejandro/play-work/playgroup-admin---laravel/vendor/laravel/framework/src/Illuminate/Foundation/Http/Kernel.php(170): Illuminate\\Routing\\Router->dispatch()
#14 /home/alejandro/play-work/playgroup-admin---laravel/vendor/laravel/framework/src/Illuminate/Pipeline/Pipeline.php(130): Illuminate\\Foundation\\Http\\Kernel->Illuminate\\Foundation\\Http\\{closure}()
#15 /home/alejandro/play-work/playgroup-admin---laravel/vendor/laravel/framework/src/Illuminate/Foundation/Http/Middleware/TransformsRequest.php(21): Illuminate\\Pipeline\\Pipeline->Illuminate\\Pipeline\\{closure}()
#16 /home/alejandro/play-work/playgroup-admin---laravel/vendor/laravel/framework/src/Illuminate/Pipeline/Pipeline.php(171): Illuminate\\Foundation\\Http\\Middleware\\TransformsRequest->handle()
#17 /home/alejandro/play-work/playgroup-admin---laravel/vendor/laravel/framework/src/Illuminate/Foundation/Http/Middleware/TransformsRequest.php(21): Illuminate\\Pipeline\\Pipeline->Illuminate\\Pipeline\\{closure}()
#18 /home/alejandro/play-work/playgroup-admin---laravel/vendor/laravel/framework/src/Illuminate/Pipeline/Pipeline.php(171): Illuminate\\Foundation\\Http\\Middleware\\TransformsRequest->handle()
#19 /home/alejandro/play-work/playgroup-admin---laravel/vendor/laravel/framework/src/Illuminate/Foundation/Http/Middleware/ValidatePostSize.php(27): Illuminate\\Pipeline\\Pipeline->Illuminate\\Pipeline\\{closure}()
#20 /home/alejandro/play-work/playgroup-admin---laravel/vendor/laravel/framework/src/Illuminate/Pipeline/Pipeline.php(171): Illuminate\\Foundation\\Http\\Middleware\\ValidatePostSize->handle()
#21 /home/alejandro/play-work/playgroup-admin---laravel/vendor/laravel/framework/src/Illuminate/Foundation/Http/Middleware/CheckForMaintenanceMode.php(63): Illuminate\\Pipeline\\Pipeline->Illuminate\\Pipeline\\{closure}()
#22 /home/alejandro/play-work/playgroup-admin---laravel/vendor/laravel/framework/src/Illuminate/Pipeline/Pipeline.php(171): Illuminate\\Foundation\\Http\\Middleware\\CheckForMaintenanceMode->handle()
#23 /home/alejandro/play-work/playgroup-admin---laravel/vendor/fideloper/proxy/src/TrustProxies.php(57): Illuminate\\Pipeline\\Pipeline->Illuminate\\Pipeline\\{closure}()
#24 /home/alejandro/play-work/playgroup-admin---laravel/vendor/laravel/framework/src/Illuminate/Pipeline/Pipeline.php(171): Fideloper\\Proxy\\TrustProxies->handle()
#25 /home/alejandro/play-work/playgroup-admin---laravel/vendor/laravel/framework/src/Illuminate/Pipeline/Pipeline.php(105): Illuminate\\Pipeline\\Pipeline->Illuminate\\Pipeline\\{closure}()
#26 /home/alejandro/play-work/playgroup-admin---laravel/vendor/laravel/framework/src/Illuminate/Foundation/Http/Kernel.php(145): Illuminate\\Pipeline\\Pipeline->then()
#27 /home/alejandro/play-work/playgroup-admin---laravel/vendor/laravel/framework/src/Illuminate/Foundation/Http/Kernel.php(110): Illuminate\\Foundation\\Http\\Kernel->sendRequestThroughRouter()
#28 /home/alejandro/play-work/playgroup-admin---laravel/public/index.php(55): Illuminate\\Foundation\\Http\\Kernel->handle()
#29 /home/alejandro/play-work/playgroup-admin---laravel/server.php(21): require_once('/home/alejandro...')
#30 {main}
"} 
[2025-05-14 15:13:01] local.ERROR: Call to a member function unsetRelation() on null {"exception":"[object] (Symfony\\Component\\Debug\\Exception\\FatalThrowableError(code: 0): Call to a member function unsetRelation() on null at /home/alejandro/play-work/playgroup-admin---laravel/app/Http/Controllers/Api/PageController.php:43)
[stacktrace]
#0 /home/alejandro/play-work/playgroup-admin---laravel/vendor/laravel/framework/src/Illuminate/Routing/Controller.php(54): App\\Http\\Controllers\\Api\\PageController->getPodcasts()
#1 /home/alejandro/play-work/playgroup-admin---laravel/vendor/laravel/framework/src/Illuminate/Routing/ControllerDispatcher.php(45): Illuminate\\Routing\\Controller->callAction()
#2 /home/alejandro/play-work/playgroup-admin---laravel/vendor/laravel/framework/src/Illuminate/Routing/Route.php(219): Illuminate\\Routing\\ControllerDispatcher->dispatch()
#3 /home/alejandro/play-work/playgroup-admin---laravel/vendor/laravel/framework/src/Illuminate/Routing/Route.php(176): Illuminate\\Routing\\Route->runController()
#4 /home/alejandro/play-work/playgroup-admin---laravel/vendor/laravel/framework/src/Illuminate/Routing/Router.php(681): Illuminate\\Routing\\Route->run()
#5 /home/alejandro/play-work/playgroup-admin---laravel/vendor/laravel/framework/src/Illuminate/Pipeline/Pipeline.php(130): Illuminate\\Routing\\Router->Illuminate\\Routing\\{closure}()
#6 /home/alejandro/play-work/playgroup-admin---laravel/vendor/laravel/framework/src/Illuminate/Routing/Middleware/SubstituteBindings.php(41): Illuminate\\Pipeline\\Pipeline->Illuminate\\Pipeline\\{closure}()
#7 /home/alejandro/play-work/playgroup-admin---laravel/vendor/laravel/framework/src/Illuminate/Pipeline/Pipeline.php(171): Illuminate\\Routing\\Middleware\\SubstituteBindings->handle()
#8 /home/alejandro/play-work/playgroup-admin---laravel/vendor/laravel/framework/src/Illuminate/Pipeline/Pipeline.php(105): Illuminate\\Pipeline\\Pipeline->Illuminate\\Pipeline\\{closure}()
#9 /home/alejandro/play-work/playgroup-admin---laravel/vendor/laravel/framework/src/Illuminate/Routing/Router.php(683): Illuminate\\Pipeline\\Pipeline->then()
#10 /home/alejandro/play-work/playgroup-admin---laravel/vendor/laravel/framework/src/Illuminate/Routing/Router.php(658): Illuminate\\Routing\\Router->runRouteWithinStack()
#11 /home/alejandro/play-work/playgroup-admin---laravel/vendor/laravel/framework/src/Illuminate/Routing/Router.php(624): Illuminate\\Routing\\Router->runRoute()
#12 /home/alejandro/play-work/playgroup-admin---laravel/vendor/laravel/framework/src/Illuminate/Routing/Router.php(613): Illuminate\\Routing\\Router->dispatchToRoute()
#13 /home/alejandro/play-work/playgroup-admin---laravel/vendor/laravel/framework/src/Illuminate/Foundation/Http/Kernel.php(170): Illuminate\\Routing\\Router->dispatch()
#14 /home/alejandro/play-work/playgroup-admin---laravel/vendor/laravel/framework/src/Illuminate/Pipeline/Pipeline.php(130): Illuminate\\Foundation\\Http\\Kernel->Illuminate\\Foundation\\Http\\{closure}()
#15 /home/alejandro/play-work/playgroup-admin---laravel/vendor/laravel/framework/src/Illuminate/Foundation/Http/Middleware/TransformsRequest.php(21): Illuminate\\Pipeline\\Pipeline->Illuminate\\Pipeline\\{closure}()
#16 /home/alejandro/play-work/playgroup-admin---laravel/vendor/laravel/framework/src/Illuminate/Pipeline/Pipeline.php(171): Illuminate\\Foundation\\Http\\Middleware\\TransformsRequest->handle()
#17 /home/alejandro/play-work/playgroup-admin---laravel/vendor/laravel/framework/src/Illuminate/Foundation/Http/Middleware/TransformsRequest.php(21): Illuminate\\Pipeline\\Pipeline->Illuminate\\Pipeline\\{closure}()
#18 /home/alejandro/play-work/playgroup-admin---laravel/vendor/laravel/framework/src/Illuminate/Pipeline/Pipeline.php(171): Illuminate\\Foundation\\Http\\Middleware\\TransformsRequest->handle()
#19 /home/alejandro/play-work/playgroup-admin---laravel/vendor/laravel/framework/src/Illuminate/Foundation/Http/Middleware/ValidatePostSize.php(27): Illuminate\\Pipeline\\Pipeline->Illuminate\\Pipeline\\{closure}()
#20 /home/alejandro/play-work/playgroup-admin---laravel/vendor/laravel/framework/src/Illuminate/Pipeline/Pipeline.php(171): Illuminate\\Foundation\\Http\\Middleware\\ValidatePostSize->handle()
#21 /home/alejandro/play-work/playgroup-admin---laravel/vendor/laravel/framework/src/Illuminate/Foundation/Http/Middleware/CheckForMaintenanceMode.php(63): Illuminate\\Pipeline\\Pipeline->Illuminate\\Pipeline\\{closure}()
#22 /home/alejandro/play-work/playgroup-admin---laravel/vendor/laravel/framework/src/Illuminate/Pipeline/Pipeline.php(171): Illuminate\\Foundation\\Http\\Middleware\\CheckForMaintenanceMode->handle()
#23 /home/alejandro/play-work/playgroup-admin---laravel/vendor/fideloper/proxy/src/TrustProxies.php(57): Illuminate\\Pipeline\\Pipeline->Illuminate\\Pipeline\\{closure}()
#24 /home/alejandro/play-work/playgroup-admin---laravel/vendor/laravel/framework/src/Illuminate/Pipeline/Pipeline.php(171): Fideloper\\Proxy\\TrustProxies->handle()
#25 /home/alejandro/play-work/playgroup-admin---laravel/vendor/laravel/framework/src/Illuminate/Pipeline/Pipeline.php(105): Illuminate\\Pipeline\\Pipeline->Illuminate\\Pipeline\\{closure}()
#26 /home/alejandro/play-work/playgroup-admin---laravel/vendor/laravel/framework/src/Illuminate/Foundation/Http/Kernel.php(145): Illuminate\\Pipeline\\Pipeline->then()
#27 /home/alejandro/play-work/playgroup-admin---laravel/vendor/laravel/framework/src/Illuminate/Foundation/Http/Kernel.php(110): Illuminate\\Foundation\\Http\\Kernel->sendRequestThroughRouter()
#28 /home/alejandro/play-work/playgroup-admin---laravel/public/index.php(55): Illuminate\\Foundation\\Http\\Kernel->handle()
#29 /home/alejandro/play-work/playgroup-admin---laravel/server.php(21): require_once('/home/alejandro...')
#30 {main}
"} 
[2025-05-14 15:13:18] local.INFO: sec {"section":{"App\\MasterSection":{"id":40,"name":"Proceso de Calidad","master_page_id":6,"created_at":null,"updated_at":null,"content_formatted":[],"content":[]}}} 
[2025-05-14 15:26:43] local.INFO: sec {"section":{"App\\MasterSection":{"id":20,"name":"Casos de Éxito","master_page_id":2,"created_at":null,"updated_at":null,"content_formatted":[],"content":[]}}} 
[2025-05-14 15:33:56] local.INFO: sec {"section":{"App\\MasterSection":{"id":40,"name":"Proceso de Calidad","master_page_id":6,"created_at":null,"updated_at":null,"content_formatted":["image","image_2"],"content":[{"id":13,"field":"image","value":"p-17472547946824fe0aade4e.png","master_section_id":40,"created_at":"2025-05-14 15:33:17","updated_at":"2025-05-14 15:33:17"},{"id":14,"field":"image_2","value":"p-17472547976824fe0d19a36.png","master_section_id":40,"created_at":"2025-05-14 15:33:17","updated_at":"2025-05-14 15:33:17"}]}}} 
[2025-05-14 15:50:26] local.ERROR: Call to a member function unsetRelation() on null {"exception":"[object] (Symfony\\Component\\Debug\\Exception\\FatalThrowableError(code: 0): Call to a member function unsetRelation() on null at /home/alejandro/play-work/playgroup-admin---laravel/app/Http/Controllers/Api/PageController.php:43)
[stacktrace]
#0 /home/alejandro/play-work/playgroup-admin---laravel/vendor/laravel/framework/src/Illuminate/Routing/Controller.php(54): App\\Http\\Controllers\\Api\\PageController->getPodcasts()
#1 /home/alejandro/play-work/playgroup-admin---laravel/vendor/laravel/framework/src/Illuminate/Routing/ControllerDispatcher.php(45): Illuminate\\Routing\\Controller->callAction()
#2 /home/alejandro/play-work/playgroup-admin---laravel/vendor/laravel/framework/src/Illuminate/Routing/Route.php(219): Illuminate\\Routing\\ControllerDispatcher->dispatch()
#3 /home/alejandro/play-work/playgroup-admin---laravel/vendor/laravel/framework/src/Illuminate/Routing/Route.php(176): Illuminate\\Routing\\Route->runController()
#4 /home/alejandro/play-work/playgroup-admin---laravel/vendor/laravel/framework/src/Illuminate/Routing/Router.php(681): Illuminate\\Routing\\Route->run()
#5 /home/alejandro/play-work/playgroup-admin---laravel/vendor/laravel/framework/src/Illuminate/Pipeline/Pipeline.php(130): Illuminate\\Routing\\Router->Illuminate\\Routing\\{closure}()
#6 /home/alejandro/play-work/playgroup-admin---laravel/vendor/laravel/framework/src/Illuminate/Routing/Middleware/SubstituteBindings.php(41): Illuminate\\Pipeline\\Pipeline->Illuminate\\Pipeline\\{closure}()
#7 /home/alejandro/play-work/playgroup-admin---laravel/vendor/laravel/framework/src/Illuminate/Pipeline/Pipeline.php(171): Illuminate\\Routing\\Middleware\\SubstituteBindings->handle()
#8 /home/alejandro/play-work/playgroup-admin---laravel/vendor/laravel/framework/src/Illuminate/Pipeline/Pipeline.php(105): Illuminate\\Pipeline\\Pipeline->Illuminate\\Pipeline\\{closure}()
#9 /home/alejandro/play-work/playgroup-admin---laravel/vendor/laravel/framework/src/Illuminate/Routing/Router.php(683): Illuminate\\Pipeline\\Pipeline->then()
#10 /home/alejandro/play-work/playgroup-admin---laravel/vendor/laravel/framework/src/Illuminate/Routing/Router.php(658): Illuminate\\Routing\\Router->runRouteWithinStack()
#11 /home/alejandro/play-work/playgroup-admin---laravel/vendor/laravel/framework/src/Illuminate/Routing/Router.php(624): Illuminate\\Routing\\Router->runRoute()
#12 /home/alejandro/play-work/playgroup-admin---laravel/vendor/laravel/framework/src/Illuminate/Routing/Router.php(613): Illuminate\\Routing\\Router->dispatchToRoute()
#13 /home/alejandro/play-work/playgroup-admin---laravel/vendor/laravel/framework/src/Illuminate/Foundation/Http/Kernel.php(170): Illuminate\\Routing\\Router->dispatch()
#14 /home/alejandro/play-work/playgroup-admin---laravel/vendor/laravel/framework/src/Illuminate/Pipeline/Pipeline.php(130): Illuminate\\Foundation\\Http\\Kernel->Illuminate\\Foundation\\Http\\{closure}()
#15 /home/alejandro/play-work/playgroup-admin---laravel/vendor/laravel/framework/src/Illuminate/Foundation/Http/Middleware/TransformsRequest.php(21): Illuminate\\Pipeline\\Pipeline->Illuminate\\Pipeline\\{closure}()
#16 /home/alejandro/play-work/playgroup-admin---laravel/vendor/laravel/framework/src/Illuminate/Pipeline/Pipeline.php(171): Illuminate\\Foundation\\Http\\Middleware\\TransformsRequest->handle()
#17 /home/alejandro/play-work/playgroup-admin---laravel/vendor/laravel/framework/src/Illuminate/Foundation/Http/Middleware/TransformsRequest.php(21): Illuminate\\Pipeline\\Pipeline->Illuminate\\Pipeline\\{closure}()
#18 /home/alejandro/play-work/playgroup-admin---laravel/vendor/laravel/framework/src/Illuminate/Pipeline/Pipeline.php(171): Illuminate\\Foundation\\Http\\Middleware\\TransformsRequest->handle()
#19 /home/alejandro/play-work/playgroup-admin---laravel/vendor/laravel/framework/src/Illuminate/Foundation/Http/Middleware/ValidatePostSize.php(27): Illuminate\\Pipeline\\Pipeline->Illuminate\\Pipeline\\{closure}()
#20 /home/alejandro/play-work/playgroup-admin---laravel/vendor/laravel/framework/src/Illuminate/Pipeline/Pipeline.php(171): Illuminate\\Foundation\\Http\\Middleware\\ValidatePostSize->handle()
#21 /home/alejandro/play-work/playgroup-admin---laravel/vendor/laravel/framework/src/Illuminate/Foundation/Http/Middleware/CheckForMaintenanceMode.php(63): Illuminate\\Pipeline\\Pipeline->Illuminate\\Pipeline\\{closure}()
#22 /home/alejandro/play-work/playgroup-admin---laravel/vendor/laravel/framework/src/Illuminate/Pipeline/Pipeline.php(171): Illuminate\\Foundation\\Http\\Middleware\\CheckForMaintenanceMode->handle()
#23 /home/alejandro/play-work/playgroup-admin---laravel/vendor/fideloper/proxy/src/TrustProxies.php(57): Illuminate\\Pipeline\\Pipeline->Illuminate\\Pipeline\\{closure}()
#24 /home/alejandro/play-work/playgroup-admin---laravel/vendor/laravel/framework/src/Illuminate/Pipeline/Pipeline.php(171): Fideloper\\Proxy\\TrustProxies->handle()
#25 /home/alejandro/play-work/playgroup-admin---laravel/vendor/laravel/framework/src/Illuminate/Pipeline/Pipeline.php(105): Illuminate\\Pipeline\\Pipeline->Illuminate\\Pipeline\\{closure}()
#26 /home/alejandro/play-work/playgroup-admin---laravel/vendor/laravel/framework/src/Illuminate/Foundation/Http/Kernel.php(145): Illuminate\\Pipeline\\Pipeline->then()
#27 /home/alejandro/play-work/playgroup-admin---laravel/vendor/laravel/framework/src/Illuminate/Foundation/Http/Kernel.php(110): Illuminate\\Foundation\\Http\\Kernel->sendRequestThroughRouter()
#28 /home/alejandro/play-work/playgroup-admin---laravel/public/index.php(55): Illuminate\\Foundation\\Http\\Kernel->handle()
#29 /home/alejandro/play-work/playgroup-admin---laravel/server.php(21): require_once('/home/alejandro...')
#30 {main}
"} 
[2025-05-14 15:50:26] local.ERROR: Call to a member function unsetRelation() on null {"exception":"[object] (Symfony\\Component\\Debug\\Exception\\FatalThrowableError(code: 0): Call to a member function unsetRelation() on null at /home/alejandro/play-work/playgroup-admin---laravel/app/Http/Controllers/Api/PageController.php:43)
[stacktrace]
#0 /home/alejandro/play-work/playgroup-admin---laravel/vendor/laravel/framework/src/Illuminate/Routing/Controller.php(54): App\\Http\\Controllers\\Api\\PageController->getPodcasts()
#1 /home/alejandro/play-work/playgroup-admin---laravel/vendor/laravel/framework/src/Illuminate/Routing/ControllerDispatcher.php(45): Illuminate\\Routing\\Controller->callAction()
#2 /home/alejandro/play-work/playgroup-admin---laravel/vendor/laravel/framework/src/Illuminate/Routing/Route.php(219): Illuminate\\Routing\\ControllerDispatcher->dispatch()
#3 /home/alejandro/play-work/playgroup-admin---laravel/vendor/laravel/framework/src/Illuminate/Routing/Route.php(176): Illuminate\\Routing\\Route->runController()
#4 /home/alejandro/play-work/playgroup-admin---laravel/vendor/laravel/framework/src/Illuminate/Routing/Router.php(681): Illuminate\\Routing\\Route->run()
#5 /home/alejandro/play-work/playgroup-admin---laravel/vendor/laravel/framework/src/Illuminate/Pipeline/Pipeline.php(130): Illuminate\\Routing\\Router->Illuminate\\Routing\\{closure}()
#6 /home/alejandro/play-work/playgroup-admin---laravel/vendor/laravel/framework/src/Illuminate/Routing/Middleware/SubstituteBindings.php(41): Illuminate\\Pipeline\\Pipeline->Illuminate\\Pipeline\\{closure}()
#7 /home/alejandro/play-work/playgroup-admin---laravel/vendor/laravel/framework/src/Illuminate/Pipeline/Pipeline.php(171): Illuminate\\Routing\\Middleware\\SubstituteBindings->handle()
#8 /home/alejandro/play-work/playgroup-admin---laravel/vendor/laravel/framework/src/Illuminate/Pipeline/Pipeline.php(105): Illuminate\\Pipeline\\Pipeline->Illuminate\\Pipeline\\{closure}()
#9 /home/alejandro/play-work/playgroup-admin---laravel/vendor/laravel/framework/src/Illuminate/Routing/Router.php(683): Illuminate\\Pipeline\\Pipeline->then()
#10 /home/alejandro/play-work/playgroup-admin---laravel/vendor/laravel/framework/src/Illuminate/Routing/Router.php(658): Illuminate\\Routing\\Router->runRouteWithinStack()
#11 /home/alejandro/play-work/playgroup-admin---laravel/vendor/laravel/framework/src/Illuminate/Routing/Router.php(624): Illuminate\\Routing\\Router->runRoute()
#12 /home/alejandro/play-work/playgroup-admin---laravel/vendor/laravel/framework/src/Illuminate/Routing/Router.php(613): Illuminate\\Routing\\Router->dispatchToRoute()
#13 /home/alejandro/play-work/playgroup-admin---laravel/vendor/laravel/framework/src/Illuminate/Foundation/Http/Kernel.php(170): Illuminate\\Routing\\Router->dispatch()
#14 /home/alejandro/play-work/playgroup-admin---laravel/vendor/laravel/framework/src/Illuminate/Pipeline/Pipeline.php(130): Illuminate\\Foundation\\Http\\Kernel->Illuminate\\Foundation\\Http\\{closure}()
#15 /home/alejandro/play-work/playgroup-admin---laravel/vendor/laravel/framework/src/Illuminate/Foundation/Http/Middleware/TransformsRequest.php(21): Illuminate\\Pipeline\\Pipeline->Illuminate\\Pipeline\\{closure}()
#16 /home/alejandro/play-work/playgroup-admin---laravel/vendor/laravel/framework/src/Illuminate/Pipeline/Pipeline.php(171): Illuminate\\Foundation\\Http\\Middleware\\TransformsRequest->handle()
#17 /home/alejandro/play-work/playgroup-admin---laravel/vendor/laravel/framework/src/Illuminate/Foundation/Http/Middleware/TransformsRequest.php(21): Illuminate\\Pipeline\\Pipeline->Illuminate\\Pipeline\\{closure}()
#18 /home/alejandro/play-work/playgroup-admin---laravel/vendor/laravel/framework/src/Illuminate/Pipeline/Pipeline.php(171): Illuminate\\Foundation\\Http\\Middleware\\TransformsRequest->handle()
#19 /home/alejandro/play-work/playgroup-admin---laravel/vendor/laravel/framework/src/Illuminate/Foundation/Http/Middleware/ValidatePostSize.php(27): Illuminate\\Pipeline\\Pipeline->Illuminate\\Pipeline\\{closure}()
#20 /home/alejandro/play-work/playgroup-admin---laravel/vendor/laravel/framework/src/Illuminate/Pipeline/Pipeline.php(171): Illuminate\\Foundation\\Http\\Middleware\\ValidatePostSize->handle()
#21 /home/alejandro/play-work/playgroup-admin---laravel/vendor/laravel/framework/src/Illuminate/Foundation/Http/Middleware/CheckForMaintenanceMode.php(63): Illuminate\\Pipeline\\Pipeline->Illuminate\\Pipeline\\{closure}()
#22 /home/alejandro/play-work/playgroup-admin---laravel/vendor/laravel/framework/src/Illuminate/Pipeline/Pipeline.php(171): Illuminate\\Foundation\\Http\\Middleware\\CheckForMaintenanceMode->handle()
#23 /home/alejandro/play-work/playgroup-admin---laravel/vendor/fideloper/proxy/src/TrustProxies.php(57): Illuminate\\Pipeline\\Pipeline->Illuminate\\Pipeline\\{closure}()
#24 /home/alejandro/play-work/playgroup-admin---laravel/vendor/laravel/framework/src/Illuminate/Pipeline/Pipeline.php(171): Fideloper\\Proxy\\TrustProxies->handle()
#25 /home/alejandro/play-work/playgroup-admin---laravel/vendor/laravel/framework/src/Illuminate/Pipeline/Pipeline.php(105): Illuminate\\Pipeline\\Pipeline->Illuminate\\Pipeline\\{closure}()
#26 /home/alejandro/play-work/playgroup-admin---laravel/vendor/laravel/framework/src/Illuminate/Foundation/Http/Kernel.php(145): Illuminate\\Pipeline\\Pipeline->then()
#27 /home/alejandro/play-work/playgroup-admin---laravel/vendor/laravel/framework/src/Illuminate/Foundation/Http/Kernel.php(110): Illuminate\\Foundation\\Http\\Kernel->sendRequestThroughRouter()
#28 /home/alejandro/play-work/playgroup-admin---laravel/public/index.php(55): Illuminate\\Foundation\\Http\\Kernel->handle()
#29 /home/alejandro/play-work/playgroup-admin---laravel/server.php(21): require_once('/home/alejandro...')
#30 {main}
"} 
[2025-05-14 15:50:53] local.ERROR: Call to a member function unsetRelation() on null {"exception":"[object] (Symfony\\Component\\Debug\\Exception\\FatalThrowableError(code: 0): Call to a member function unsetRelation() on null at /home/alejandro/play-work/playgroup-admin---laravel/app/Http/Controllers/Api/PageController.php:43)
[stacktrace]
#0 /home/alejandro/play-work/playgroup-admin---laravel/vendor/laravel/framework/src/Illuminate/Routing/Controller.php(54): App\\Http\\Controllers\\Api\\PageController->getPodcasts()
#1 /home/alejandro/play-work/playgroup-admin---laravel/vendor/laravel/framework/src/Illuminate/Routing/ControllerDispatcher.php(45): Illuminate\\Routing\\Controller->callAction()
#2 /home/alejandro/play-work/playgroup-admin---laravel/vendor/laravel/framework/src/Illuminate/Routing/Route.php(219): Illuminate\\Routing\\ControllerDispatcher->dispatch()
#3 /home/alejandro/play-work/playgroup-admin---laravel/vendor/laravel/framework/src/Illuminate/Routing/Route.php(176): Illuminate\\Routing\\Route->runController()
#4 /home/alejandro/play-work/playgroup-admin---laravel/vendor/laravel/framework/src/Illuminate/Routing/Router.php(681): Illuminate\\Routing\\Route->run()
#5 /home/alejandro/play-work/playgroup-admin---laravel/vendor/laravel/framework/src/Illuminate/Pipeline/Pipeline.php(130): Illuminate\\Routing\\Router->Illuminate\\Routing\\{closure}()
#6 /home/alejandro/play-work/playgroup-admin---laravel/vendor/laravel/framework/src/Illuminate/Routing/Middleware/SubstituteBindings.php(41): Illuminate\\Pipeline\\Pipeline->Illuminate\\Pipeline\\{closure}()
#7 /home/alejandro/play-work/playgroup-admin---laravel/vendor/laravel/framework/src/Illuminate/Pipeline/Pipeline.php(171): Illuminate\\Routing\\Middleware\\SubstituteBindings->handle()
#8 /home/alejandro/play-work/playgroup-admin---laravel/vendor/laravel/framework/src/Illuminate/Pipeline/Pipeline.php(105): Illuminate\\Pipeline\\Pipeline->Illuminate\\Pipeline\\{closure}()
#9 /home/alejandro/play-work/playgroup-admin---laravel/vendor/laravel/framework/src/Illuminate/Routing/Router.php(683): Illuminate\\Pipeline\\Pipeline->then()
#10 /home/alejandro/play-work/playgroup-admin---laravel/vendor/laravel/framework/src/Illuminate/Routing/Router.php(658): Illuminate\\Routing\\Router->runRouteWithinStack()
#11 /home/alejandro/play-work/playgroup-admin---laravel/vendor/laravel/framework/src/Illuminate/Routing/Router.php(624): Illuminate\\Routing\\Router->runRoute()
#12 /home/alejandro/play-work/playgroup-admin---laravel/vendor/laravel/framework/src/Illuminate/Routing/Router.php(613): Illuminate\\Routing\\Router->dispatchToRoute()
#13 /home/alejandro/play-work/playgroup-admin---laravel/vendor/laravel/framework/src/Illuminate/Foundation/Http/Kernel.php(170): Illuminate\\Routing\\Router->dispatch()
#14 /home/alejandro/play-work/playgroup-admin---laravel/vendor/laravel/framework/src/Illuminate/Pipeline/Pipeline.php(130): Illuminate\\Foundation\\Http\\Kernel->Illuminate\\Foundation\\Http\\{closure}()
#15 /home/alejandro/play-work/playgroup-admin---laravel/vendor/laravel/framework/src/Illuminate/Foundation/Http/Middleware/TransformsRequest.php(21): Illuminate\\Pipeline\\Pipeline->Illuminate\\Pipeline\\{closure}()
#16 /home/alejandro/play-work/playgroup-admin---laravel/vendor/laravel/framework/src/Illuminate/Pipeline/Pipeline.php(171): Illuminate\\Foundation\\Http\\Middleware\\TransformsRequest->handle()
#17 /home/alejandro/play-work/playgroup-admin---laravel/vendor/laravel/framework/src/Illuminate/Foundation/Http/Middleware/TransformsRequest.php(21): Illuminate\\Pipeline\\Pipeline->Illuminate\\Pipeline\\{closure}()
#18 /home/alejandro/play-work/playgroup-admin---laravel/vendor/laravel/framework/src/Illuminate/Pipeline/Pipeline.php(171): Illuminate\\Foundation\\Http\\Middleware\\TransformsRequest->handle()
#19 /home/alejandro/play-work/playgroup-admin---laravel/vendor/laravel/framework/src/Illuminate/Foundation/Http/Middleware/ValidatePostSize.php(27): Illuminate\\Pipeline\\Pipeline->Illuminate\\Pipeline\\{closure}()
#20 /home/alejandro/play-work/playgroup-admin---laravel/vendor/laravel/framework/src/Illuminate/Pipeline/Pipeline.php(171): Illuminate\\Foundation\\Http\\Middleware\\ValidatePostSize->handle()
#21 /home/alejandro/play-work/playgroup-admin---laravel/vendor/laravel/framework/src/Illuminate/Foundation/Http/Middleware/CheckForMaintenanceMode.php(63): Illuminate\\Pipeline\\Pipeline->Illuminate\\Pipeline\\{closure}()
#22 /home/alejandro/play-work/playgroup-admin---laravel/vendor/laravel/framework/src/Illuminate/Pipeline/Pipeline.php(171): Illuminate\\Foundation\\Http\\Middleware\\CheckForMaintenanceMode->handle()
#23 /home/alejandro/play-work/playgroup-admin---laravel/vendor/fideloper/proxy/src/TrustProxies.php(57): Illuminate\\Pipeline\\Pipeline->Illuminate\\Pipeline\\{closure}()
#24 /home/alejandro/play-work/playgroup-admin---laravel/vendor/laravel/framework/src/Illuminate/Pipeline/Pipeline.php(171): Fideloper\\Proxy\\TrustProxies->handle()
#25 /home/alejandro/play-work/playgroup-admin---laravel/vendor/laravel/framework/src/Illuminate/Pipeline/Pipeline.php(105): Illuminate\\Pipeline\\Pipeline->Illuminate\\Pipeline\\{closure}()
#26 /home/alejandro/play-work/playgroup-admin---laravel/vendor/laravel/framework/src/Illuminate/Foundation/Http/Kernel.php(145): Illuminate\\Pipeline\\Pipeline->then()
#27 /home/alejandro/play-work/playgroup-admin---laravel/vendor/laravel/framework/src/Illuminate/Foundation/Http/Kernel.php(110): Illuminate\\Foundation\\Http\\Kernel->sendRequestThroughRouter()
#28 /home/alejandro/play-work/playgroup-admin---laravel/public/index.php(55): Illuminate\\Foundation\\Http\\Kernel->handle()
#29 /home/alejandro/play-work/playgroup-admin---laravel/server.php(21): require_once('/home/alejandro...')
#30 {main}
"} 
[2025-05-14 15:50:53] local.ERROR: Call to a member function unsetRelation() on null {"exception":"[object] (Symfony\\Component\\Debug\\Exception\\FatalThrowableError(code: 0): Call to a member function unsetRelation() on null at /home/alejandro/play-work/playgroup-admin---laravel/app/Http/Controllers/Api/PageController.php:43)
[stacktrace]
#0 /home/alejandro/play-work/playgroup-admin---laravel/vendor/laravel/framework/src/Illuminate/Routing/Controller.php(54): App\\Http\\Controllers\\Api\\PageController->getPodcasts()
#1 /home/alejandro/play-work/playgroup-admin---laravel/vendor/laravel/framework/src/Illuminate/Routing/ControllerDispatcher.php(45): Illuminate\\Routing\\Controller->callAction()
#2 /home/alejandro/play-work/playgroup-admin---laravel/vendor/laravel/framework/src/Illuminate/Routing/Route.php(219): Illuminate\\Routing\\ControllerDispatcher->dispatch()
#3 /home/alejandro/play-work/playgroup-admin---laravel/vendor/laravel/framework/src/Illuminate/Routing/Route.php(176): Illuminate\\Routing\\Route->runController()
#4 /home/alejandro/play-work/playgroup-admin---laravel/vendor/laravel/framework/src/Illuminate/Routing/Router.php(681): Illuminate\\Routing\\Route->run()
#5 /home/alejandro/play-work/playgroup-admin---laravel/vendor/laravel/framework/src/Illuminate/Pipeline/Pipeline.php(130): Illuminate\\Routing\\Router->Illuminate\\Routing\\{closure}()
#6 /home/alejandro/play-work/playgroup-admin---laravel/vendor/laravel/framework/src/Illuminate/Routing/Middleware/SubstituteBindings.php(41): Illuminate\\Pipeline\\Pipeline->Illuminate\\Pipeline\\{closure}()
#7 /home/alejandro/play-work/playgroup-admin---laravel/vendor/laravel/framework/src/Illuminate/Pipeline/Pipeline.php(171): Illuminate\\Routing\\Middleware\\SubstituteBindings->handle()
#8 /home/alejandro/play-work/playgroup-admin---laravel/vendor/laravel/framework/src/Illuminate/Pipeline/Pipeline.php(105): Illuminate\\Pipeline\\Pipeline->Illuminate\\Pipeline\\{closure}()
#9 /home/alejandro/play-work/playgroup-admin---laravel/vendor/laravel/framework/src/Illuminate/Routing/Router.php(683): Illuminate\\Pipeline\\Pipeline->then()
#10 /home/alejandro/play-work/playgroup-admin---laravel/vendor/laravel/framework/src/Illuminate/Routing/Router.php(658): Illuminate\\Routing\\Router->runRouteWithinStack()
#11 /home/alejandro/play-work/playgroup-admin---laravel/vendor/laravel/framework/src/Illuminate/Routing/Router.php(624): Illuminate\\Routing\\Router->runRoute()
#12 /home/alejandro/play-work/playgroup-admin---laravel/vendor/laravel/framework/src/Illuminate/Routing/Router.php(613): Illuminate\\Routing\\Router->dispatchToRoute()
#13 /home/alejandro/play-work/playgroup-admin---laravel/vendor/laravel/framework/src/Illuminate/Foundation/Http/Kernel.php(170): Illuminate\\Routing\\Router->dispatch()
#14 /home/alejandro/play-work/playgroup-admin---laravel/vendor/laravel/framework/src/Illuminate/Pipeline/Pipeline.php(130): Illuminate\\Foundation\\Http\\Kernel->Illuminate\\Foundation\\Http\\{closure}()
#15 /home/alejandro/play-work/playgroup-admin---laravel/vendor/laravel/framework/src/Illuminate/Foundation/Http/Middleware/TransformsRequest.php(21): Illuminate\\Pipeline\\Pipeline->Illuminate\\Pipeline\\{closure}()
#16 /home/alejandro/play-work/playgroup-admin---laravel/vendor/laravel/framework/src/Illuminate/Pipeline/Pipeline.php(171): Illuminate\\Foundation\\Http\\Middleware\\TransformsRequest->handle()
#17 /home/alejandro/play-work/playgroup-admin---laravel/vendor/laravel/framework/src/Illuminate/Foundation/Http/Middleware/TransformsRequest.php(21): Illuminate\\Pipeline\\Pipeline->Illuminate\\Pipeline\\{closure}()
#18 /home/alejandro/play-work/playgroup-admin---laravel/vendor/laravel/framework/src/Illuminate/Pipeline/Pipeline.php(171): Illuminate\\Foundation\\Http\\Middleware\\TransformsRequest->handle()
#19 /home/alejandro/play-work/playgroup-admin---laravel/vendor/laravel/framework/src/Illuminate/Foundation/Http/Middleware/ValidatePostSize.php(27): Illuminate\\Pipeline\\Pipeline->Illuminate\\Pipeline\\{closure}()
#20 /home/alejandro/play-work/playgroup-admin---laravel/vendor/laravel/framework/src/Illuminate/Pipeline/Pipeline.php(171): Illuminate\\Foundation\\Http\\Middleware\\ValidatePostSize->handle()
#21 /home/alejandro/play-work/playgroup-admin---laravel/vendor/laravel/framework/src/Illuminate/Foundation/Http/Middleware/CheckForMaintenanceMode.php(63): Illuminate\\Pipeline\\Pipeline->Illuminate\\Pipeline\\{closure}()
#22 /home/alejandro/play-work/playgroup-admin---laravel/vendor/laravel/framework/src/Illuminate/Pipeline/Pipeline.php(171): Illuminate\\Foundation\\Http\\Middleware\\CheckForMaintenanceMode->handle()
#23 /home/alejandro/play-work/playgroup-admin---laravel/vendor/fideloper/proxy/src/TrustProxies.php(57): Illuminate\\Pipeline\\Pipeline->Illuminate\\Pipeline\\{closure}()
#24 /home/alejandro/play-work/playgroup-admin---laravel/vendor/laravel/framework/src/Illuminate/Pipeline/Pipeline.php(171): Fideloper\\Proxy\\TrustProxies->handle()
#25 /home/alejandro/play-work/playgroup-admin---laravel/vendor/laravel/framework/src/Illuminate/Pipeline/Pipeline.php(105): Illuminate\\Pipeline\\Pipeline->Illuminate\\Pipeline\\{closure}()
#26 /home/alejandro/play-work/playgroup-admin---laravel/vendor/laravel/framework/src/Illuminate/Foundation/Http/Kernel.php(145): Illuminate\\Pipeline\\Pipeline->then()
#27 /home/alejandro/play-work/playgroup-admin---laravel/vendor/laravel/framework/src/Illuminate/Foundation/Http/Kernel.php(110): Illuminate\\Foundation\\Http\\Kernel->sendRequestThroughRouter()
#28 /home/alejandro/play-work/playgroup-admin---laravel/public/index.php(55): Illuminate\\Foundation\\Http\\Kernel->handle()
#29 /home/alejandro/play-work/playgroup-admin---laravel/server.php(21): require_once('/home/alejandro...')
#30 {main}
"} 
[2025-05-14 16:25:13] local.ERROR: Call to a member function unsetRelation() on null {"exception":"[object] (Symfony\\Component\\Debug\\Exception\\FatalThrowableError(code: 0): Call to a member function unsetRelation() on null at /home/alejandro/play-work/playgroup-admin---laravel/app/Http/Controllers/Api/PageController.php:43)
[stacktrace]
#0 /home/alejandro/play-work/playgroup-admin---laravel/vendor/laravel/framework/src/Illuminate/Routing/Controller.php(54): App\\Http\\Controllers\\Api\\PageController->getPodcasts()
#1 /home/alejandro/play-work/playgroup-admin---laravel/vendor/laravel/framework/src/Illuminate/Routing/ControllerDispatcher.php(45): Illuminate\\Routing\\Controller->callAction()
#2 /home/alejandro/play-work/playgroup-admin---laravel/vendor/laravel/framework/src/Illuminate/Routing/Route.php(219): Illuminate\\Routing\\ControllerDispatcher->dispatch()
#3 /home/alejandro/play-work/playgroup-admin---laravel/vendor/laravel/framework/src/Illuminate/Routing/Route.php(176): Illuminate\\Routing\\Route->runController()
#4 /home/alejandro/play-work/playgroup-admin---laravel/vendor/laravel/framework/src/Illuminate/Routing/Router.php(681): Illuminate\\Routing\\Route->run()
#5 /home/alejandro/play-work/playgroup-admin---laravel/vendor/laravel/framework/src/Illuminate/Pipeline/Pipeline.php(130): Illuminate\\Routing\\Router->Illuminate\\Routing\\{closure}()
#6 /home/alejandro/play-work/playgroup-admin---laravel/vendor/laravel/framework/src/Illuminate/Routing/Middleware/SubstituteBindings.php(41): Illuminate\\Pipeline\\Pipeline->Illuminate\\Pipeline\\{closure}()
#7 /home/alejandro/play-work/playgroup-admin---laravel/vendor/laravel/framework/src/Illuminate/Pipeline/Pipeline.php(171): Illuminate\\Routing\\Middleware\\SubstituteBindings->handle()
#8 /home/alejandro/play-work/playgroup-admin---laravel/vendor/laravel/framework/src/Illuminate/Pipeline/Pipeline.php(105): Illuminate\\Pipeline\\Pipeline->Illuminate\\Pipeline\\{closure}()
#9 /home/alejandro/play-work/playgroup-admin---laravel/vendor/laravel/framework/src/Illuminate/Routing/Router.php(683): Illuminate\\Pipeline\\Pipeline->then()
#10 /home/alejandro/play-work/playgroup-admin---laravel/vendor/laravel/framework/src/Illuminate/Routing/Router.php(658): Illuminate\\Routing\\Router->runRouteWithinStack()
#11 /home/alejandro/play-work/playgroup-admin---laravel/vendor/laravel/framework/src/Illuminate/Routing/Router.php(624): Illuminate\\Routing\\Router->runRoute()
#12 /home/alejandro/play-work/playgroup-admin---laravel/vendor/laravel/framework/src/Illuminate/Routing/Router.php(613): Illuminate\\Routing\\Router->dispatchToRoute()
#13 /home/alejandro/play-work/playgroup-admin---laravel/vendor/laravel/framework/src/Illuminate/Foundation/Http/Kernel.php(170): Illuminate\\Routing\\Router->dispatch()
#14 /home/alejandro/play-work/playgroup-admin---laravel/vendor/laravel/framework/src/Illuminate/Pipeline/Pipeline.php(130): Illuminate\\Foundation\\Http\\Kernel->Illuminate\\Foundation\\Http\\{closure}()
#15 /home/alejandro/play-work/playgroup-admin---laravel/vendor/laravel/framework/src/Illuminate/Foundation/Http/Middleware/TransformsRequest.php(21): Illuminate\\Pipeline\\Pipeline->Illuminate\\Pipeline\\{closure}()
#16 /home/alejandro/play-work/playgroup-admin---laravel/vendor/laravel/framework/src/Illuminate/Pipeline/Pipeline.php(171): Illuminate\\Foundation\\Http\\Middleware\\TransformsRequest->handle()
#17 /home/alejandro/play-work/playgroup-admin---laravel/vendor/laravel/framework/src/Illuminate/Foundation/Http/Middleware/TransformsRequest.php(21): Illuminate\\Pipeline\\Pipeline->Illuminate\\Pipeline\\{closure}()
#18 /home/alejandro/play-work/playgroup-admin---laravel/vendor/laravel/framework/src/Illuminate/Pipeline/Pipeline.php(171): Illuminate\\Foundation\\Http\\Middleware\\TransformsRequest->handle()
#19 /home/alejandro/play-work/playgroup-admin---laravel/vendor/laravel/framework/src/Illuminate/Foundation/Http/Middleware/ValidatePostSize.php(27): Illuminate\\Pipeline\\Pipeline->Illuminate\\Pipeline\\{closure}()
#20 /home/alejandro/play-work/playgroup-admin---laravel/vendor/laravel/framework/src/Illuminate/Pipeline/Pipeline.php(171): Illuminate\\Foundation\\Http\\Middleware\\ValidatePostSize->handle()
#21 /home/alejandro/play-work/playgroup-admin---laravel/vendor/laravel/framework/src/Illuminate/Foundation/Http/Middleware/CheckForMaintenanceMode.php(63): Illuminate\\Pipeline\\Pipeline->Illuminate\\Pipeline\\{closure}()
#22 /home/alejandro/play-work/playgroup-admin---laravel/vendor/laravel/framework/src/Illuminate/Pipeline/Pipeline.php(171): Illuminate\\Foundation\\Http\\Middleware\\CheckForMaintenanceMode->handle()
#23 /home/alejandro/play-work/playgroup-admin---laravel/vendor/fideloper/proxy/src/TrustProxies.php(57): Illuminate\\Pipeline\\Pipeline->Illuminate\\Pipeline\\{closure}()
#24 /home/alejandro/play-work/playgroup-admin---laravel/vendor/laravel/framework/src/Illuminate/Pipeline/Pipeline.php(171): Fideloper\\Proxy\\TrustProxies->handle()
#25 /home/alejandro/play-work/playgroup-admin---laravel/vendor/laravel/framework/src/Illuminate/Pipeline/Pipeline.php(105): Illuminate\\Pipeline\\Pipeline->Illuminate\\Pipeline\\{closure}()
#26 /home/alejandro/play-work/playgroup-admin---laravel/vendor/laravel/framework/src/Illuminate/Foundation/Http/Kernel.php(145): Illuminate\\Pipeline\\Pipeline->then()
#27 /home/alejandro/play-work/playgroup-admin---laravel/vendor/laravel/framework/src/Illuminate/Foundation/Http/Kernel.php(110): Illuminate\\Foundation\\Http\\Kernel->sendRequestThroughRouter()
#28 /home/alejandro/play-work/playgroup-admin---laravel/public/index.php(55): Illuminate\\Foundation\\Http\\Kernel->handle()
#29 /home/alejandro/play-work/playgroup-admin---laravel/server.php(21): require_once('/home/alejandro...')
#30 {main}
"} 
[2025-05-14 16:25:13] local.ERROR: Call to a member function unsetRelation() on null {"exception":"[object] (Symfony\\Component\\Debug\\Exception\\FatalThrowableError(code: 0): Call to a member function unsetRelation() on null at /home/alejandro/play-work/playgroup-admin---laravel/app/Http/Controllers/Api/PageController.php:43)
[stacktrace]
#0 /home/alejandro/play-work/playgroup-admin---laravel/vendor/laravel/framework/src/Illuminate/Routing/Controller.php(54): App\\Http\\Controllers\\Api\\PageController->getPodcasts()
#1 /home/alejandro/play-work/playgroup-admin---laravel/vendor/laravel/framework/src/Illuminate/Routing/ControllerDispatcher.php(45): Illuminate\\Routing\\Controller->callAction()
#2 /home/alejandro/play-work/playgroup-admin---laravel/vendor/laravel/framework/src/Illuminate/Routing/Route.php(219): Illuminate\\Routing\\ControllerDispatcher->dispatch()
#3 /home/alejandro/play-work/playgroup-admin---laravel/vendor/laravel/framework/src/Illuminate/Routing/Route.php(176): Illuminate\\Routing\\Route->runController()
#4 /home/alejandro/play-work/playgroup-admin---laravel/vendor/laravel/framework/src/Illuminate/Routing/Router.php(681): Illuminate\\Routing\\Route->run()
#5 /home/alejandro/play-work/playgroup-admin---laravel/vendor/laravel/framework/src/Illuminate/Pipeline/Pipeline.php(130): Illuminate\\Routing\\Router->Illuminate\\Routing\\{closure}()
#6 /home/alejandro/play-work/playgroup-admin---laravel/vendor/laravel/framework/src/Illuminate/Routing/Middleware/SubstituteBindings.php(41): Illuminate\\Pipeline\\Pipeline->Illuminate\\Pipeline\\{closure}()
#7 /home/alejandro/play-work/playgroup-admin---laravel/vendor/laravel/framework/src/Illuminate/Pipeline/Pipeline.php(171): Illuminate\\Routing\\Middleware\\SubstituteBindings->handle()
#8 /home/alejandro/play-work/playgroup-admin---laravel/vendor/laravel/framework/src/Illuminate/Pipeline/Pipeline.php(105): Illuminate\\Pipeline\\Pipeline->Illuminate\\Pipeline\\{closure}()
#9 /home/alejandro/play-work/playgroup-admin---laravel/vendor/laravel/framework/src/Illuminate/Routing/Router.php(683): Illuminate\\Pipeline\\Pipeline->then()
#10 /home/alejandro/play-work/playgroup-admin---laravel/vendor/laravel/framework/src/Illuminate/Routing/Router.php(658): Illuminate\\Routing\\Router->runRouteWithinStack()
#11 /home/alejandro/play-work/playgroup-admin---laravel/vendor/laravel/framework/src/Illuminate/Routing/Router.php(624): Illuminate\\Routing\\Router->runRoute()
#12 /home/alejandro/play-work/playgroup-admin---laravel/vendor/laravel/framework/src/Illuminate/Routing/Router.php(613): Illuminate\\Routing\\Router->dispatchToRoute()
#13 /home/alejandro/play-work/playgroup-admin---laravel/vendor/laravel/framework/src/Illuminate/Foundation/Http/Kernel.php(170): Illuminate\\Routing\\Router->dispatch()
#14 /home/alejandro/play-work/playgroup-admin---laravel/vendor/laravel/framework/src/Illuminate/Pipeline/Pipeline.php(130): Illuminate\\Foundation\\Http\\Kernel->Illuminate\\Foundation\\Http\\{closure}()
#15 /home/alejandro/play-work/playgroup-admin---laravel/vendor/laravel/framework/src/Illuminate/Foundation/Http/Middleware/TransformsRequest.php(21): Illuminate\\Pipeline\\Pipeline->Illuminate\\Pipeline\\{closure}()
#16 /home/alejandro/play-work/playgroup-admin---laravel/vendor/laravel/framework/src/Illuminate/Pipeline/Pipeline.php(171): Illuminate\\Foundation\\Http\\Middleware\\TransformsRequest->handle()
#17 /home/alejandro/play-work/playgroup-admin---laravel/vendor/laravel/framework/src/Illuminate/Foundation/Http/Middleware/TransformsRequest.php(21): Illuminate\\Pipeline\\Pipeline->Illuminate\\Pipeline\\{closure}()
#18 /home/alejandro/play-work/playgroup-admin---laravel/vendor/laravel/framework/src/Illuminate/Pipeline/Pipeline.php(171): Illuminate\\Foundation\\Http\\Middleware\\TransformsRequest->handle()
#19 /home/alejandro/play-work/playgroup-admin---laravel/vendor/laravel/framework/src/Illuminate/Foundation/Http/Middleware/ValidatePostSize.php(27): Illuminate\\Pipeline\\Pipeline->Illuminate\\Pipeline\\{closure}()
#20 /home/alejandro/play-work/playgroup-admin---laravel/vendor/laravel/framework/src/Illuminate/Pipeline/Pipeline.php(171): Illuminate\\Foundation\\Http\\Middleware\\ValidatePostSize->handle()
#21 /home/alejandro/play-work/playgroup-admin---laravel/vendor/laravel/framework/src/Illuminate/Foundation/Http/Middleware/CheckForMaintenanceMode.php(63): Illuminate\\Pipeline\\Pipeline->Illuminate\\Pipeline\\{closure}()
#22 /home/alejandro/play-work/playgroup-admin---laravel/vendor/laravel/framework/src/Illuminate/Pipeline/Pipeline.php(171): Illuminate\\Foundation\\Http\\Middleware\\CheckForMaintenanceMode->handle()
#23 /home/alejandro/play-work/playgroup-admin---laravel/vendor/fideloper/proxy/src/TrustProxies.php(57): Illuminate\\Pipeline\\Pipeline->Illuminate\\Pipeline\\{closure}()
#24 /home/alejandro/play-work/playgroup-admin---laravel/vendor/laravel/framework/src/Illuminate/Pipeline/Pipeline.php(171): Fideloper\\Proxy\\TrustProxies->handle()
#25 /home/alejandro/play-work/playgroup-admin---laravel/vendor/laravel/framework/src/Illuminate/Pipeline/Pipeline.php(105): Illuminate\\Pipeline\\Pipeline->Illuminate\\Pipeline\\{closure}()
#26 /home/alejandro/play-work/playgroup-admin---laravel/vendor/laravel/framework/src/Illuminate/Foundation/Http/Kernel.php(145): Illuminate\\Pipeline\\Pipeline->then()
#27 /home/alejandro/play-work/playgroup-admin---laravel/vendor/laravel/framework/src/Illuminate/Foundation/Http/Kernel.php(110): Illuminate\\Foundation\\Http\\Kernel->sendRequestThroughRouter()
#28 /home/alejandro/play-work/playgroup-admin---laravel/public/index.php(55): Illuminate\\Foundation\\Http\\Kernel->handle()
#29 /home/alejandro/play-work/playgroup-admin---laravel/server.php(21): require_once('/home/alejandro...')
#30 {main}
"} 
[2025-05-14 16:27:16] local.ERROR: Call to a member function unsetRelation() on null {"exception":"[object] (Symfony\\Component\\Debug\\Exception\\FatalThrowableError(code: 0): Call to a member function unsetRelation() on null at /home/alejandro/play-work/playgroup-admin---laravel/app/Http/Controllers/Api/PageController.php:43)
[stacktrace]
#0 /home/alejandro/play-work/playgroup-admin---laravel/vendor/laravel/framework/src/Illuminate/Routing/Controller.php(54): App\\Http\\Controllers\\Api\\PageController->getPodcasts()
#1 /home/alejandro/play-work/playgroup-admin---laravel/vendor/laravel/framework/src/Illuminate/Routing/ControllerDispatcher.php(45): Illuminate\\Routing\\Controller->callAction()
#2 /home/alejandro/play-work/playgroup-admin---laravel/vendor/laravel/framework/src/Illuminate/Routing/Route.php(219): Illuminate\\Routing\\ControllerDispatcher->dispatch()
#3 /home/alejandro/play-work/playgroup-admin---laravel/vendor/laravel/framework/src/Illuminate/Routing/Route.php(176): Illuminate\\Routing\\Route->runController()
#4 /home/alejandro/play-work/playgroup-admin---laravel/vendor/laravel/framework/src/Illuminate/Routing/Router.php(681): Illuminate\\Routing\\Route->run()
#5 /home/alejandro/play-work/playgroup-admin---laravel/vendor/laravel/framework/src/Illuminate/Pipeline/Pipeline.php(130): Illuminate\\Routing\\Router->Illuminate\\Routing\\{closure}()
#6 /home/alejandro/play-work/playgroup-admin---laravel/vendor/laravel/framework/src/Illuminate/Routing/Middleware/SubstituteBindings.php(41): Illuminate\\Pipeline\\Pipeline->Illuminate\\Pipeline\\{closure}()
#7 /home/alejandro/play-work/playgroup-admin---laravel/vendor/laravel/framework/src/Illuminate/Pipeline/Pipeline.php(171): Illuminate\\Routing\\Middleware\\SubstituteBindings->handle()
#8 /home/alejandro/play-work/playgroup-admin---laravel/vendor/laravel/framework/src/Illuminate/Pipeline/Pipeline.php(105): Illuminate\\Pipeline\\Pipeline->Illuminate\\Pipeline\\{closure}()
#9 /home/alejandro/play-work/playgroup-admin---laravel/vendor/laravel/framework/src/Illuminate/Routing/Router.php(683): Illuminate\\Pipeline\\Pipeline->then()
#10 /home/alejandro/play-work/playgroup-admin---laravel/vendor/laravel/framework/src/Illuminate/Routing/Router.php(658): Illuminate\\Routing\\Router->runRouteWithinStack()
#11 /home/alejandro/play-work/playgroup-admin---laravel/vendor/laravel/framework/src/Illuminate/Routing/Router.php(624): Illuminate\\Routing\\Router->runRoute()
#12 /home/alejandro/play-work/playgroup-admin---laravel/vendor/laravel/framework/src/Illuminate/Routing/Router.php(613): Illuminate\\Routing\\Router->dispatchToRoute()
#13 /home/alejandro/play-work/playgroup-admin---laravel/vendor/laravel/framework/src/Illuminate/Foundation/Http/Kernel.php(170): Illuminate\\Routing\\Router->dispatch()
#14 /home/alejandro/play-work/playgroup-admin---laravel/vendor/laravel/framework/src/Illuminate/Pipeline/Pipeline.php(130): Illuminate\\Foundation\\Http\\Kernel->Illuminate\\Foundation\\Http\\{closure}()
#15 /home/alejandro/play-work/playgroup-admin---laravel/vendor/laravel/framework/src/Illuminate/Foundation/Http/Middleware/TransformsRequest.php(21): Illuminate\\Pipeline\\Pipeline->Illuminate\\Pipeline\\{closure}()
#16 /home/alejandro/play-work/playgroup-admin---laravel/vendor/laravel/framework/src/Illuminate/Pipeline/Pipeline.php(171): Illuminate\\Foundation\\Http\\Middleware\\TransformsRequest->handle()
#17 /home/alejandro/play-work/playgroup-admin---laravel/vendor/laravel/framework/src/Illuminate/Foundation/Http/Middleware/TransformsRequest.php(21): Illuminate\\Pipeline\\Pipeline->Illuminate\\Pipeline\\{closure}()
#18 /home/alejandro/play-work/playgroup-admin---laravel/vendor/laravel/framework/src/Illuminate/Pipeline/Pipeline.php(171): Illuminate\\Foundation\\Http\\Middleware\\TransformsRequest->handle()
#19 /home/alejandro/play-work/playgroup-admin---laravel/vendor/laravel/framework/src/Illuminate/Foundation/Http/Middleware/ValidatePostSize.php(27): Illuminate\\Pipeline\\Pipeline->Illuminate\\Pipeline\\{closure}()
#20 /home/alejandro/play-work/playgroup-admin---laravel/vendor/laravel/framework/src/Illuminate/Pipeline/Pipeline.php(171): Illuminate\\Foundation\\Http\\Middleware\\ValidatePostSize->handle()
#21 /home/alejandro/play-work/playgroup-admin---laravel/vendor/laravel/framework/src/Illuminate/Foundation/Http/Middleware/CheckForMaintenanceMode.php(63): Illuminate\\Pipeline\\Pipeline->Illuminate\\Pipeline\\{closure}()
#22 /home/alejandro/play-work/playgroup-admin---laravel/vendor/laravel/framework/src/Illuminate/Pipeline/Pipeline.php(171): Illuminate\\Foundation\\Http\\Middleware\\CheckForMaintenanceMode->handle()
#23 /home/alejandro/play-work/playgroup-admin---laravel/vendor/fideloper/proxy/src/TrustProxies.php(57): Illuminate\\Pipeline\\Pipeline->Illuminate\\Pipeline\\{closure}()
#24 /home/alejandro/play-work/playgroup-admin---laravel/vendor/laravel/framework/src/Illuminate/Pipeline/Pipeline.php(171): Fideloper\\Proxy\\TrustProxies->handle()
#25 /home/alejandro/play-work/playgroup-admin---laravel/vendor/laravel/framework/src/Illuminate/Pipeline/Pipeline.php(105): Illuminate\\Pipeline\\Pipeline->Illuminate\\Pipeline\\{closure}()
#26 /home/alejandro/play-work/playgroup-admin---laravel/vendor/laravel/framework/src/Illuminate/Foundation/Http/Kernel.php(145): Illuminate\\Pipeline\\Pipeline->then()
#27 /home/alejandro/play-work/playgroup-admin---laravel/vendor/laravel/framework/src/Illuminate/Foundation/Http/Kernel.php(110): Illuminate\\Foundation\\Http\\Kernel->sendRequestThroughRouter()
#28 /home/alejandro/play-work/playgroup-admin---laravel/public/index.php(55): Illuminate\\Foundation\\Http\\Kernel->handle()
#29 /home/alejandro/play-work/playgroup-admin---laravel/server.php(21): require_once('/home/alejandro...')
#30 {main}
"} 
[2025-05-14 16:27:16] local.ERROR: Call to a member function unsetRelation() on null {"exception":"[object] (Symfony\\Component\\Debug\\Exception\\FatalThrowableError(code: 0): Call to a member function unsetRelation() on null at /home/alejandro/play-work/playgroup-admin---laravel/app/Http/Controllers/Api/PageController.php:43)
[stacktrace]
#0 /home/alejandro/play-work/playgroup-admin---laravel/vendor/laravel/framework/src/Illuminate/Routing/Controller.php(54): App\\Http\\Controllers\\Api\\PageController->getPodcasts()
#1 /home/alejandro/play-work/playgroup-admin---laravel/vendor/laravel/framework/src/Illuminate/Routing/ControllerDispatcher.php(45): Illuminate\\Routing\\Controller->callAction()
#2 /home/alejandro/play-work/playgroup-admin---laravel/vendor/laravel/framework/src/Illuminate/Routing/Route.php(219): Illuminate\\Routing\\ControllerDispatcher->dispatch()
#3 /home/alejandro/play-work/playgroup-admin---laravel/vendor/laravel/framework/src/Illuminate/Routing/Route.php(176): Illuminate\\Routing\\Route->runController()
#4 /home/alejandro/play-work/playgroup-admin---laravel/vendor/laravel/framework/src/Illuminate/Routing/Router.php(681): Illuminate\\Routing\\Route->run()
#5 /home/alejandro/play-work/playgroup-admin---laravel/vendor/laravel/framework/src/Illuminate/Pipeline/Pipeline.php(130): Illuminate\\Routing\\Router->Illuminate\\Routing\\{closure}()
#6 /home/alejandro/play-work/playgroup-admin---laravel/vendor/laravel/framework/src/Illuminate/Routing/Middleware/SubstituteBindings.php(41): Illuminate\\Pipeline\\Pipeline->Illuminate\\Pipeline\\{closure}()
#7 /home/alejandro/play-work/playgroup-admin---laravel/vendor/laravel/framework/src/Illuminate/Pipeline/Pipeline.php(171): Illuminate\\Routing\\Middleware\\SubstituteBindings->handle()
#8 /home/alejandro/play-work/playgroup-admin---laravel/vendor/laravel/framework/src/Illuminate/Pipeline/Pipeline.php(105): Illuminate\\Pipeline\\Pipeline->Illuminate\\Pipeline\\{closure}()
#9 /home/alejandro/play-work/playgroup-admin---laravel/vendor/laravel/framework/src/Illuminate/Routing/Router.php(683): Illuminate\\Pipeline\\Pipeline->then()
#10 /home/alejandro/play-work/playgroup-admin---laravel/vendor/laravel/framework/src/Illuminate/Routing/Router.php(658): Illuminate\\Routing\\Router->runRouteWithinStack()
#11 /home/alejandro/play-work/playgroup-admin---laravel/vendor/laravel/framework/src/Illuminate/Routing/Router.php(624): Illuminate\\Routing\\Router->runRoute()
#12 /home/alejandro/play-work/playgroup-admin---laravel/vendor/laravel/framework/src/Illuminate/Routing/Router.php(613): Illuminate\\Routing\\Router->dispatchToRoute()
#13 /home/alejandro/play-work/playgroup-admin---laravel/vendor/laravel/framework/src/Illuminate/Foundation/Http/Kernel.php(170): Illuminate\\Routing\\Router->dispatch()
#14 /home/alejandro/play-work/playgroup-admin---laravel/vendor/laravel/framework/src/Illuminate/Pipeline/Pipeline.php(130): Illuminate\\Foundation\\Http\\Kernel->Illuminate\\Foundation\\Http\\{closure}()
#15 /home/alejandro/play-work/playgroup-admin---laravel/vendor/laravel/framework/src/Illuminate/Foundation/Http/Middleware/TransformsRequest.php(21): Illuminate\\Pipeline\\Pipeline->Illuminate\\Pipeline\\{closure}()
#16 /home/alejandro/play-work/playgroup-admin---laravel/vendor/laravel/framework/src/Illuminate/Pipeline/Pipeline.php(171): Illuminate\\Foundation\\Http\\Middleware\\TransformsRequest->handle()
#17 /home/alejandro/play-work/playgroup-admin---laravel/vendor/laravel/framework/src/Illuminate/Foundation/Http/Middleware/TransformsRequest.php(21): Illuminate\\Pipeline\\Pipeline->Illuminate\\Pipeline\\{closure}()
#18 /home/alejandro/play-work/playgroup-admin---laravel/vendor/laravel/framework/src/Illuminate/Pipeline/Pipeline.php(171): Illuminate\\Foundation\\Http\\Middleware\\TransformsRequest->handle()
#19 /home/alejandro/play-work/playgroup-admin---laravel/vendor/laravel/framework/src/Illuminate/Foundation/Http/Middleware/ValidatePostSize.php(27): Illuminate\\Pipeline\\Pipeline->Illuminate\\Pipeline\\{closure}()
#20 /home/alejandro/play-work/playgroup-admin---laravel/vendor/laravel/framework/src/Illuminate/Pipeline/Pipeline.php(171): Illuminate\\Foundation\\Http\\Middleware\\ValidatePostSize->handle()
#21 /home/alejandro/play-work/playgroup-admin---laravel/vendor/laravel/framework/src/Illuminate/Foundation/Http/Middleware/CheckForMaintenanceMode.php(63): Illuminate\\Pipeline\\Pipeline->Illuminate\\Pipeline\\{closure}()
#22 /home/alejandro/play-work/playgroup-admin---laravel/vendor/laravel/framework/src/Illuminate/Pipeline/Pipeline.php(171): Illuminate\\Foundation\\Http\\Middleware\\CheckForMaintenanceMode->handle()
#23 /home/alejandro/play-work/playgroup-admin---laravel/vendor/fideloper/proxy/src/TrustProxies.php(57): Illuminate\\Pipeline\\Pipeline->Illuminate\\Pipeline\\{closure}()
#24 /home/alejandro/play-work/playgroup-admin---laravel/vendor/laravel/framework/src/Illuminate/Pipeline/Pipeline.php(171): Fideloper\\Proxy\\TrustProxies->handle()
#25 /home/alejandro/play-work/playgroup-admin---laravel/vendor/laravel/framework/src/Illuminate/Pipeline/Pipeline.php(105): Illuminate\\Pipeline\\Pipeline->Illuminate\\Pipeline\\{closure}()
#26 /home/alejandro/play-work/playgroup-admin---laravel/vendor/laravel/framework/src/Illuminate/Foundation/Http/Kernel.php(145): Illuminate\\Pipeline\\Pipeline->then()
#27 /home/alejandro/play-work/playgroup-admin---laravel/vendor/laravel/framework/src/Illuminate/Foundation/Http/Kernel.php(110): Illuminate\\Foundation\\Http\\Kernel->sendRequestThroughRouter()
#28 /home/alejandro/play-work/playgroup-admin---laravel/public/index.php(55): Illuminate\\Foundation\\Http\\Kernel->handle()
#29 /home/alejandro/play-work/playgroup-admin---laravel/server.php(21): require_once('/home/alejandro...')
#30 {main}
"} 
[2025-05-14 17:42:34] local.ERROR: Call to a member function unsetRelation() on null {"exception":"[object] (Symfony\\Component\\Debug\\Exception\\FatalThrowableError(code: 0): Call to a member function unsetRelation() on null at /home/alejandro/play-work/playgroup-admin---laravel/app/Http/Controllers/Api/PageController.php:43)
[stacktrace]
#0 /home/alejandro/play-work/playgroup-admin---laravel/vendor/laravel/framework/src/Illuminate/Routing/Controller.php(54): App\\Http\\Controllers\\Api\\PageController->getPodcasts()
#1 /home/alejandro/play-work/playgroup-admin---laravel/vendor/laravel/framework/src/Illuminate/Routing/ControllerDispatcher.php(45): Illuminate\\Routing\\Controller->callAction()
#2 /home/alejandro/play-work/playgroup-admin---laravel/vendor/laravel/framework/src/Illuminate/Routing/Route.php(219): Illuminate\\Routing\\ControllerDispatcher->dispatch()
#3 /home/alejandro/play-work/playgroup-admin---laravel/vendor/laravel/framework/src/Illuminate/Routing/Route.php(176): Illuminate\\Routing\\Route->runController()
#4 /home/alejandro/play-work/playgroup-admin---laravel/vendor/laravel/framework/src/Illuminate/Routing/Router.php(681): Illuminate\\Routing\\Route->run()
#5 /home/alejandro/play-work/playgroup-admin---laravel/vendor/laravel/framework/src/Illuminate/Pipeline/Pipeline.php(130): Illuminate\\Routing\\Router->Illuminate\\Routing\\{closure}()
#6 /home/alejandro/play-work/playgroup-admin---laravel/vendor/laravel/framework/src/Illuminate/Routing/Middleware/SubstituteBindings.php(41): Illuminate\\Pipeline\\Pipeline->Illuminate\\Pipeline\\{closure}()
#7 /home/alejandro/play-work/playgroup-admin---laravel/vendor/laravel/framework/src/Illuminate/Pipeline/Pipeline.php(171): Illuminate\\Routing\\Middleware\\SubstituteBindings->handle()
#8 /home/alejandro/play-work/playgroup-admin---laravel/vendor/laravel/framework/src/Illuminate/Pipeline/Pipeline.php(105): Illuminate\\Pipeline\\Pipeline->Illuminate\\Pipeline\\{closure}()
#9 /home/alejandro/play-work/playgroup-admin---laravel/vendor/laravel/framework/src/Illuminate/Routing/Router.php(683): Illuminate\\Pipeline\\Pipeline->then()
#10 /home/alejandro/play-work/playgroup-admin---laravel/vendor/laravel/framework/src/Illuminate/Routing/Router.php(658): Illuminate\\Routing\\Router->runRouteWithinStack()
#11 /home/alejandro/play-work/playgroup-admin---laravel/vendor/laravel/framework/src/Illuminate/Routing/Router.php(624): Illuminate\\Routing\\Router->runRoute()
#12 /home/alejandro/play-work/playgroup-admin---laravel/vendor/laravel/framework/src/Illuminate/Routing/Router.php(613): Illuminate\\Routing\\Router->dispatchToRoute()
#13 /home/alejandro/play-work/playgroup-admin---laravel/vendor/laravel/framework/src/Illuminate/Foundation/Http/Kernel.php(170): Illuminate\\Routing\\Router->dispatch()
#14 /home/alejandro/play-work/playgroup-admin---laravel/vendor/laravel/framework/src/Illuminate/Pipeline/Pipeline.php(130): Illuminate\\Foundation\\Http\\Kernel->Illuminate\\Foundation\\Http\\{closure}()
#15 /home/alejandro/play-work/playgroup-admin---laravel/vendor/laravel/framework/src/Illuminate/Foundation/Http/Middleware/TransformsRequest.php(21): Illuminate\\Pipeline\\Pipeline->Illuminate\\Pipeline\\{closure}()
#16 /home/alejandro/play-work/playgroup-admin---laravel/vendor/laravel/framework/src/Illuminate/Pipeline/Pipeline.php(171): Illuminate\\Foundation\\Http\\Middleware\\TransformsRequest->handle()
#17 /home/alejandro/play-work/playgroup-admin---laravel/vendor/laravel/framework/src/Illuminate/Foundation/Http/Middleware/TransformsRequest.php(21): Illuminate\\Pipeline\\Pipeline->Illuminate\\Pipeline\\{closure}()
#18 /home/alejandro/play-work/playgroup-admin---laravel/vendor/laravel/framework/src/Illuminate/Pipeline/Pipeline.php(171): Illuminate\\Foundation\\Http\\Middleware\\TransformsRequest->handle()
#19 /home/alejandro/play-work/playgroup-admin---laravel/vendor/laravel/framework/src/Illuminate/Foundation/Http/Middleware/ValidatePostSize.php(27): Illuminate\\Pipeline\\Pipeline->Illuminate\\Pipeline\\{closure}()
#20 /home/alejandro/play-work/playgroup-admin---laravel/vendor/laravel/framework/src/Illuminate/Pipeline/Pipeline.php(171): Illuminate\\Foundation\\Http\\Middleware\\ValidatePostSize->handle()
#21 /home/alejandro/play-work/playgroup-admin---laravel/vendor/laravel/framework/src/Illuminate/Foundation/Http/Middleware/CheckForMaintenanceMode.php(63): Illuminate\\Pipeline\\Pipeline->Illuminate\\Pipeline\\{closure}()
#22 /home/alejandro/play-work/playgroup-admin---laravel/vendor/laravel/framework/src/Illuminate/Pipeline/Pipeline.php(171): Illuminate\\Foundation\\Http\\Middleware\\CheckForMaintenanceMode->handle()
#23 /home/alejandro/play-work/playgroup-admin---laravel/vendor/fideloper/proxy/src/TrustProxies.php(57): Illuminate\\Pipeline\\Pipeline->Illuminate\\Pipeline\\{closure}()
#24 /home/alejandro/play-work/playgroup-admin---laravel/vendor/laravel/framework/src/Illuminate/Pipeline/Pipeline.php(171): Fideloper\\Proxy\\TrustProxies->handle()
#25 /home/alejandro/play-work/playgroup-admin---laravel/vendor/laravel/framework/src/Illuminate/Pipeline/Pipeline.php(105): Illuminate\\Pipeline\\Pipeline->Illuminate\\Pipeline\\{closure}()
#26 /home/alejandro/play-work/playgroup-admin---laravel/vendor/laravel/framework/src/Illuminate/Foundation/Http/Kernel.php(145): Illuminate\\Pipeline\\Pipeline->then()
#27 /home/alejandro/play-work/playgroup-admin---laravel/vendor/laravel/framework/src/Illuminate/Foundation/Http/Kernel.php(110): Illuminate\\Foundation\\Http\\Kernel->sendRequestThroughRouter()
#28 /home/alejandro/play-work/playgroup-admin---laravel/public/index.php(55): Illuminate\\Foundation\\Http\\Kernel->handle()
#29 /home/alejandro/play-work/playgroup-admin---laravel/server.php(21): require_once('/home/alejandro...')
#30 {main}
"} 
[2025-05-14 17:42:34] local.ERROR: Call to a member function unsetRelation() on null {"exception":"[object] (Symfony\\Component\\Debug\\Exception\\FatalThrowableError(code: 0): Call to a member function unsetRelation() on null at /home/alejandro/play-work/playgroup-admin---laravel/app/Http/Controllers/Api/PageController.php:43)
[stacktrace]
#0 /home/alejandro/play-work/playgroup-admin---laravel/vendor/laravel/framework/src/Illuminate/Routing/Controller.php(54): App\\Http\\Controllers\\Api\\PageController->getPodcasts()
#1 /home/alejandro/play-work/playgroup-admin---laravel/vendor/laravel/framework/src/Illuminate/Routing/ControllerDispatcher.php(45): Illuminate\\Routing\\Controller->callAction()
#2 /home/alejandro/play-work/playgroup-admin---laravel/vendor/laravel/framework/src/Illuminate/Routing/Route.php(219): Illuminate\\Routing\\ControllerDispatcher->dispatch()
#3 /home/alejandro/play-work/playgroup-admin---laravel/vendor/laravel/framework/src/Illuminate/Routing/Route.php(176): Illuminate\\Routing\\Route->runController()
#4 /home/alejandro/play-work/playgroup-admin---laravel/vendor/laravel/framework/src/Illuminate/Routing/Router.php(681): Illuminate\\Routing\\Route->run()
#5 /home/alejandro/play-work/playgroup-admin---laravel/vendor/laravel/framework/src/Illuminate/Pipeline/Pipeline.php(130): Illuminate\\Routing\\Router->Illuminate\\Routing\\{closure}()
#6 /home/alejandro/play-work/playgroup-admin---laravel/vendor/laravel/framework/src/Illuminate/Routing/Middleware/SubstituteBindings.php(41): Illuminate\\Pipeline\\Pipeline->Illuminate\\Pipeline\\{closure}()
#7 /home/alejandro/play-work/playgroup-admin---laravel/vendor/laravel/framework/src/Illuminate/Pipeline/Pipeline.php(171): Illuminate\\Routing\\Middleware\\SubstituteBindings->handle()
#8 /home/alejandro/play-work/playgroup-admin---laravel/vendor/laravel/framework/src/Illuminate/Pipeline/Pipeline.php(105): Illuminate\\Pipeline\\Pipeline->Illuminate\\Pipeline\\{closure}()
#9 /home/alejandro/play-work/playgroup-admin---laravel/vendor/laravel/framework/src/Illuminate/Routing/Router.php(683): Illuminate\\Pipeline\\Pipeline->then()
#10 /home/alejandro/play-work/playgroup-admin---laravel/vendor/laravel/framework/src/Illuminate/Routing/Router.php(658): Illuminate\\Routing\\Router->runRouteWithinStack()
#11 /home/alejandro/play-work/playgroup-admin---laravel/vendor/laravel/framework/src/Illuminate/Routing/Router.php(624): Illuminate\\Routing\\Router->runRoute()
#12 /home/alejandro/play-work/playgroup-admin---laravel/vendor/laravel/framework/src/Illuminate/Routing/Router.php(613): Illuminate\\Routing\\Router->dispatchToRoute()
#13 /home/alejandro/play-work/playgroup-admin---laravel/vendor/laravel/framework/src/Illuminate/Foundation/Http/Kernel.php(170): Illuminate\\Routing\\Router->dispatch()
#14 /home/alejandro/play-work/playgroup-admin---laravel/vendor/laravel/framework/src/Illuminate/Pipeline/Pipeline.php(130): Illuminate\\Foundation\\Http\\Kernel->Illuminate\\Foundation\\Http\\{closure}()
#15 /home/alejandro/play-work/playgroup-admin---laravel/vendor/laravel/framework/src/Illuminate/Foundation/Http/Middleware/TransformsRequest.php(21): Illuminate\\Pipeline\\Pipeline->Illuminate\\Pipeline\\{closure}()
#16 /home/alejandro/play-work/playgroup-admin---laravel/vendor/laravel/framework/src/Illuminate/Pipeline/Pipeline.php(171): Illuminate\\Foundation\\Http\\Middleware\\TransformsRequest->handle()
#17 /home/alejandro/play-work/playgroup-admin---laravel/vendor/laravel/framework/src/Illuminate/Foundation/Http/Middleware/TransformsRequest.php(21): Illuminate\\Pipeline\\Pipeline->Illuminate\\Pipeline\\{closure}()
#18 /home/alejandro/play-work/playgroup-admin---laravel/vendor/laravel/framework/src/Illuminate/Pipeline/Pipeline.php(171): Illuminate\\Foundation\\Http\\Middleware\\TransformsRequest->handle()
#19 /home/alejandro/play-work/playgroup-admin---laravel/vendor/laravel/framework/src/Illuminate/Foundation/Http/Middleware/ValidatePostSize.php(27): Illuminate\\Pipeline\\Pipeline->Illuminate\\Pipeline\\{closure}()
#20 /home/alejandro/play-work/playgroup-admin---laravel/vendor/laravel/framework/src/Illuminate/Pipeline/Pipeline.php(171): Illuminate\\Foundation\\Http\\Middleware\\ValidatePostSize->handle()
#21 /home/alejandro/play-work/playgroup-admin---laravel/vendor/laravel/framework/src/Illuminate/Foundation/Http/Middleware/CheckForMaintenanceMode.php(63): Illuminate\\Pipeline\\Pipeline->Illuminate\\Pipeline\\{closure}()
#22 /home/alejandro/play-work/playgroup-admin---laravel/vendor/laravel/framework/src/Illuminate/Pipeline/Pipeline.php(171): Illuminate\\Foundation\\Http\\Middleware\\CheckForMaintenanceMode->handle()
#23 /home/alejandro/play-work/playgroup-admin---laravel/vendor/fideloper/proxy/src/TrustProxies.php(57): Illuminate\\Pipeline\\Pipeline->Illuminate\\Pipeline\\{closure}()
#24 /home/alejandro/play-work/playgroup-admin---laravel/vendor/laravel/framework/src/Illuminate/Pipeline/Pipeline.php(171): Fideloper\\Proxy\\TrustProxies->handle()
#25 /home/alejandro/play-work/playgroup-admin---laravel/vendor/laravel/framework/src/Illuminate/Pipeline/Pipeline.php(105): Illuminate\\Pipeline\\Pipeline->Illuminate\\Pipeline\\{closure}()
#26 /home/alejandro/play-work/playgroup-admin---laravel/vendor/laravel/framework/src/Illuminate/Foundation/Http/Kernel.php(145): Illuminate\\Pipeline\\Pipeline->then()
#27 /home/alejandro/play-work/playgroup-admin---laravel/vendor/laravel/framework/src/Illuminate/Foundation/Http/Kernel.php(110): Illuminate\\Foundation\\Http\\Kernel->sendRequestThroughRouter()
#28 /home/alejandro/play-work/playgroup-admin---laravel/public/index.php(55): Illuminate\\Foundation\\Http\\Kernel->handle()
#29 /home/alejandro/play-work/playgroup-admin---laravel/server.php(21): require_once('/home/alejandro...')
#30 {main}
"} 
