[2025-05-18 02:39:13] local.ERROR: Call to a member function unsetRelation() on null {"exception":"[object] (Symfony\\Component\\Debug\\Exception\\FatalThrowableError(code: 0): Call to a member function unsetRelation() on null at /home/alejandro/play-work/playgroup-admin---laravel/app/Http/Controllers/Api/PageController.php:45)
[stacktrace]
#0 /home/alejandro/play-work/playgroup-admin---laravel/vendor/laravel/framework/src/Illuminate/Routing/Controller.php(54): App\\Http\\Controllers\\Api\\PageController->getPodcasts()
#1 /home/alejandro/play-work/playgroup-admin---laravel/vendor/laravel/framework/src/Illuminate/Routing/ControllerDispatcher.php(45): Illuminate\\Routing\\Controller->callAction()
#2 /home/alejandro/play-work/playgroup-admin---laravel/vendor/laravel/framework/src/Illuminate/Routing/Route.php(219): Illuminate\\Routing\\ControllerDispatcher->dispatch()
#3 /home/alejandro/play-work/playgroup-admin---laravel/vendor/laravel/framework/src/Illuminate/Routing/Route.php(176): Illuminate\\Routing\\Route->runController()
#4 /home/alejandro/play-work/playgroup-admin---laravel/vendor/laravel/framework/src/Illuminate/Routing/Router.php(681): Illuminate\\Routing\\Route->run()
#5 /home/alejandro/play-work/playgroup-admin---laravel/vendor/laravel/framework/src/Illuminate/Pipeline/Pipeline.php(130): Illuminate\\Routing\\Router->Illuminate\\Routing\\{closure}()
#6 /home/alejandro/play-work/playgroup-admin---laravel/vendor/laravel/framework/src/Illuminate/Routing/Middleware/SubstituteBindings.php(41): Illuminate\\Pipeline\\Pipeline->Illuminate\\Pipeline\\{closure}()
#7 /home/alejandro/play-work/playgroup-admin---laravel/vendor/laravel/framework/src/Illuminate/Pipeline/Pipeline.php(171): Illuminate\\Routing\\Middleware\\SubstituteBindings->handle()
#8 /home/alejandro/play-work/playgroup-admin---laravel/vendor/laravel/framework/src/Illuminate/Pipeline/Pipeline.php(105): Illuminate\\Pipeline\\Pipeline->Illuminate\\Pipeline\\{closure}()
#9 /home/alejandro/play-work/playgroup-admin---laravel/vendor/laravel/framework/src/Illuminate/Routing/Router.php(683): Illuminate\\Pipeline\\Pipeline->then()
#10 /home/alejandro/play-work/playgroup-admin---laravel/vendor/laravel/framework/src/Illuminate/Routing/Router.php(658): Illuminate\\Routing\\Router->runRouteWithinStack()
#11 /home/alejandro/play-work/playgroup-admin---laravel/vendor/laravel/framework/src/Illuminate/Routing/Router.php(624): Illuminate\\Routing\\Router->runRoute()
#12 /home/alejandro/play-work/playgroup-admin---laravel/vendor/laravel/framework/src/Illuminate/Routing/Router.php(613): Illuminate\\Routing\\Router->dispatchToRoute()
#13 /home/alejandro/play-work/playgroup-admin---laravel/vendor/laravel/framework/src/Illuminate/Foundation/Http/Kernel.php(170): Illuminate\\Routing\\Router->dispatch()
#14 /home/alejandro/play-work/playgroup-admin---laravel/vendor/laravel/framework/src/Illuminate/Pipeline/Pipeline.php(130): Illuminate\\Foundation\\Http\\Kernel->Illuminate\\Foundation\\Http\\{closure}()
#15 /home/alejandro/play-work/playgroup-admin---laravel/vendor/laravel/framework/src/Illuminate/Foundation/Http/Middleware/TransformsRequest.php(21): Illuminate\\Pipeline\\Pipeline->Illuminate\\Pipeline\\{closure}()
#16 /home/alejandro/play-work/playgroup-admin---laravel/vendor/laravel/framework/src/Illuminate/Pipeline/Pipeline.php(171): Illuminate\\Foundation\\Http\\Middleware\\TransformsRequest->handle()
#17 /home/alejandro/play-work/playgroup-admin---laravel/vendor/laravel/framework/src/Illuminate/Foundation/Http/Middleware/TransformsRequest.php(21): Illuminate\\Pipeline\\Pipeline->Illuminate\\Pipeline\\{closure}()
#18 /home/alejandro/play-work/playgroup-admin---laravel/vendor/laravel/framework/src/Illuminate/Pipeline/Pipeline.php(171): Illuminate\\Foundation\\Http\\Middleware\\TransformsRequest->handle()
#19 /home/alejandro/play-work/playgroup-admin---laravel/vendor/laravel/framework/src/Illuminate/Foundation/Http/Middleware/ValidatePostSize.php(27): Illuminate\\Pipeline\\Pipeline->Illuminate\\Pipeline\\{closure}()
#20 /home/alejandro/play-work/playgroup-admin---laravel/vendor/laravel/framework/src/Illuminate/Pipeline/Pipeline.php(171): Illuminate\\Foundation\\Http\\Middleware\\ValidatePostSize->handle()
#21 /home/alejandro/play-work/playgroup-admin---laravel/vendor/laravel/framework/src/Illuminate/Foundation/Http/Middleware/CheckForMaintenanceMode.php(63): Illuminate\\Pipeline\\Pipeline->Illuminate\\Pipeline\\{closure}()
#22 /home/alejandro/play-work/playgroup-admin---laravel/vendor/laravel/framework/src/Illuminate/Pipeline/Pipeline.php(171): Illuminate\\Foundation\\Http\\Middleware\\CheckForMaintenanceMode->handle()
#23 /home/alejandro/play-work/playgroup-admin---laravel/vendor/fideloper/proxy/src/TrustProxies.php(57): Illuminate\\Pipeline\\Pipeline->Illuminate\\Pipeline\\{closure}()
#24 /home/alejandro/play-work/playgroup-admin---laravel/vendor/laravel/framework/src/Illuminate/Pipeline/Pipeline.php(171): Fideloper\\Proxy\\TrustProxies->handle()
#25 /home/alejandro/play-work/playgroup-admin---laravel/vendor/laravel/framework/src/Illuminate/Pipeline/Pipeline.php(105): Illuminate\\Pipeline\\Pipeline->Illuminate\\Pipeline\\{closure}()
#26 /home/alejandro/play-work/playgroup-admin---laravel/vendor/laravel/framework/src/Illuminate/Foundation/Http/Kernel.php(145): Illuminate\\Pipeline\\Pipeline->then()
#27 /home/alejandro/play-work/playgroup-admin---laravel/vendor/laravel/framework/src/Illuminate/Foundation/Http/Kernel.php(110): Illuminate\\Foundation\\Http\\Kernel->sendRequestThroughRouter()
#28 /home/alejandro/play-work/playgroup-admin---laravel/public/index.php(55): Illuminate\\Foundation\\Http\\Kernel->handle()
#29 /home/alejandro/play-work/playgroup-admin---laravel/server.php(21): require_once('/home/alejandro...')
#30 {main}
"} 
[2025-05-18 02:39:13] local.ERROR: Trying to get property 'content' of non-object {"exception":"[object] (ErrorException(code: 0): Trying to get property 'content' of non-object at /home/alejandro/play-work/playgroup-admin---laravel/app/Http/Controllers/Api/ApiController.php:80)
[stacktrace]
#0 /home/alejandro/play-work/playgroup-admin---laravel/app/Http/Controllers/Api/ApiController.php(80): Illuminate\\Foundation\\Bootstrap\\HandleExceptions->handleError()
#1 /home/alejandro/play-work/playgroup-admin---laravel/vendor/laravel/framework/src/Illuminate/Routing/Controller.php(54): App\\Http\\Controllers\\Api\\ApiController->qualityProcessData()
#2 /home/alejandro/play-work/playgroup-admin---laravel/vendor/laravel/framework/src/Illuminate/Routing/ControllerDispatcher.php(45): Illuminate\\Routing\\Controller->callAction()
#3 /home/alejandro/play-work/playgroup-admin---laravel/vendor/laravel/framework/src/Illuminate/Routing/Route.php(219): Illuminate\\Routing\\ControllerDispatcher->dispatch()
#4 /home/alejandro/play-work/playgroup-admin---laravel/vendor/laravel/framework/src/Illuminate/Routing/Route.php(176): Illuminate\\Routing\\Route->runController()
#5 /home/alejandro/play-work/playgroup-admin---laravel/vendor/laravel/framework/src/Illuminate/Routing/Router.php(681): Illuminate\\Routing\\Route->run()
#6 /home/alejandro/play-work/playgroup-admin---laravel/vendor/laravel/framework/src/Illuminate/Pipeline/Pipeline.php(130): Illuminate\\Routing\\Router->Illuminate\\Routing\\{closure}()
#7 /home/alejandro/play-work/playgroup-admin---laravel/vendor/laravel/framework/src/Illuminate/Routing/Middleware/SubstituteBindings.php(41): Illuminate\\Pipeline\\Pipeline->Illuminate\\Pipeline\\{closure}()
#8 /home/alejandro/play-work/playgroup-admin---laravel/vendor/laravel/framework/src/Illuminate/Pipeline/Pipeline.php(171): Illuminate\\Routing\\Middleware\\SubstituteBindings->handle()
#9 /home/alejandro/play-work/playgroup-admin---laravel/vendor/laravel/framework/src/Illuminate/Pipeline/Pipeline.php(105): Illuminate\\Pipeline\\Pipeline->Illuminate\\Pipeline\\{closure}()
#10 /home/alejandro/play-work/playgroup-admin---laravel/vendor/laravel/framework/src/Illuminate/Routing/Router.php(683): Illuminate\\Pipeline\\Pipeline->then()
#11 /home/alejandro/play-work/playgroup-admin---laravel/vendor/laravel/framework/src/Illuminate/Routing/Router.php(658): Illuminate\\Routing\\Router->runRouteWithinStack()
#12 /home/alejandro/play-work/playgroup-admin---laravel/vendor/laravel/framework/src/Illuminate/Routing/Router.php(624): Illuminate\\Routing\\Router->runRoute()
#13 /home/alejandro/play-work/playgroup-admin---laravel/vendor/laravel/framework/src/Illuminate/Routing/Router.php(613): Illuminate\\Routing\\Router->dispatchToRoute()
#14 /home/alejandro/play-work/playgroup-admin---laravel/vendor/laravel/framework/src/Illuminate/Foundation/Http/Kernel.php(170): Illuminate\\Routing\\Router->dispatch()
#15 /home/alejandro/play-work/playgroup-admin---laravel/vendor/laravel/framework/src/Illuminate/Pipeline/Pipeline.php(130): Illuminate\\Foundation\\Http\\Kernel->Illuminate\\Foundation\\Http\\{closure}()
#16 /home/alejandro/play-work/playgroup-admin---laravel/vendor/laravel/framework/src/Illuminate/Foundation/Http/Middleware/TransformsRequest.php(21): Illuminate\\Pipeline\\Pipeline->Illuminate\\Pipeline\\{closure}()
#17 /home/alejandro/play-work/playgroup-admin---laravel/vendor/laravel/framework/src/Illuminate/Pipeline/Pipeline.php(171): Illuminate\\Foundation\\Http\\Middleware\\TransformsRequest->handle()
#18 /home/alejandro/play-work/playgroup-admin---laravel/vendor/laravel/framework/src/Illuminate/Foundation/Http/Middleware/TransformsRequest.php(21): Illuminate\\Pipeline\\Pipeline->Illuminate\\Pipeline\\{closure}()
#19 /home/alejandro/play-work/playgroup-admin---laravel/vendor/laravel/framework/src/Illuminate/Pipeline/Pipeline.php(171): Illuminate\\Foundation\\Http\\Middleware\\TransformsRequest->handle()
#20 /home/alejandro/play-work/playgroup-admin---laravel/vendor/laravel/framework/src/Illuminate/Foundation/Http/Middleware/ValidatePostSize.php(27): Illuminate\\Pipeline\\Pipeline->Illuminate\\Pipeline\\{closure}()
#21 /home/alejandro/play-work/playgroup-admin---laravel/vendor/laravel/framework/src/Illuminate/Pipeline/Pipeline.php(171): Illuminate\\Foundation\\Http\\Middleware\\ValidatePostSize->handle()
#22 /home/alejandro/play-work/playgroup-admin---laravel/vendor/laravel/framework/src/Illuminate/Foundation/Http/Middleware/CheckForMaintenanceMode.php(63): Illuminate\\Pipeline\\Pipeline->Illuminate\\Pipeline\\{closure}()
#23 /home/alejandro/play-work/playgroup-admin---laravel/vendor/laravel/framework/src/Illuminate/Pipeline/Pipeline.php(171): Illuminate\\Foundation\\Http\\Middleware\\CheckForMaintenanceMode->handle()
#24 /home/alejandro/play-work/playgroup-admin---laravel/vendor/fideloper/proxy/src/TrustProxies.php(57): Illuminate\\Pipeline\\Pipeline->Illuminate\\Pipeline\\{closure}()
#25 /home/alejandro/play-work/playgroup-admin---laravel/vendor/laravel/framework/src/Illuminate/Pipeline/Pipeline.php(171): Fideloper\\Proxy\\TrustProxies->handle()
#26 /home/alejandro/play-work/playgroup-admin---laravel/vendor/laravel/framework/src/Illuminate/Pipeline/Pipeline.php(105): Illuminate\\Pipeline\\Pipeline->Illuminate\\Pipeline\\{closure}()
#27 /home/alejandro/play-work/playgroup-admin---laravel/vendor/laravel/framework/src/Illuminate/Foundation/Http/Kernel.php(145): Illuminate\\Pipeline\\Pipeline->then()
#28 /home/alejandro/play-work/playgroup-admin---laravel/vendor/laravel/framework/src/Illuminate/Foundation/Http/Kernel.php(110): Illuminate\\Foundation\\Http\\Kernel->sendRequestThroughRouter()
#29 /home/alejandro/play-work/playgroup-admin---laravel/public/index.php(55): Illuminate\\Foundation\\Http\\Kernel->handle()
#30 /home/alejandro/play-work/playgroup-admin---laravel/server.php(21): require_once('/home/alejandro...')
#31 {main}
"} 
[2025-05-18 02:39:13] local.ERROR: Call to a member function unsetRelation() on null {"exception":"[object] (Symfony\\Component\\Debug\\Exception\\FatalThrowableError(code: 0): Call to a member function unsetRelation() on null at /home/alejandro/play-work/playgroup-admin---laravel/app/Http/Controllers/Api/PageController.php:45)
[stacktrace]
#0 /home/alejandro/play-work/playgroup-admin---laravel/vendor/laravel/framework/src/Illuminate/Routing/Controller.php(54): App\\Http\\Controllers\\Api\\PageController->getPodcasts()
#1 /home/alejandro/play-work/playgroup-admin---laravel/vendor/laravel/framework/src/Illuminate/Routing/ControllerDispatcher.php(45): Illuminate\\Routing\\Controller->callAction()
#2 /home/alejandro/play-work/playgroup-admin---laravel/vendor/laravel/framework/src/Illuminate/Routing/Route.php(219): Illuminate\\Routing\\ControllerDispatcher->dispatch()
#3 /home/alejandro/play-work/playgroup-admin---laravel/vendor/laravel/framework/src/Illuminate/Routing/Route.php(176): Illuminate\\Routing\\Route->runController()
#4 /home/alejandro/play-work/playgroup-admin---laravel/vendor/laravel/framework/src/Illuminate/Routing/Router.php(681): Illuminate\\Routing\\Route->run()
#5 /home/alejandro/play-work/playgroup-admin---laravel/vendor/laravel/framework/src/Illuminate/Pipeline/Pipeline.php(130): Illuminate\\Routing\\Router->Illuminate\\Routing\\{closure}()
#6 /home/alejandro/play-work/playgroup-admin---laravel/vendor/laravel/framework/src/Illuminate/Routing/Middleware/SubstituteBindings.php(41): Illuminate\\Pipeline\\Pipeline->Illuminate\\Pipeline\\{closure}()
#7 /home/alejandro/play-work/playgroup-admin---laravel/vendor/laravel/framework/src/Illuminate/Pipeline/Pipeline.php(171): Illuminate\\Routing\\Middleware\\SubstituteBindings->handle()
#8 /home/alejandro/play-work/playgroup-admin---laravel/vendor/laravel/framework/src/Illuminate/Pipeline/Pipeline.php(105): Illuminate\\Pipeline\\Pipeline->Illuminate\\Pipeline\\{closure}()
#9 /home/alejandro/play-work/playgroup-admin---laravel/vendor/laravel/framework/src/Illuminate/Routing/Router.php(683): Illuminate\\Pipeline\\Pipeline->then()
#10 /home/alejandro/play-work/playgroup-admin---laravel/vendor/laravel/framework/src/Illuminate/Routing/Router.php(658): Illuminate\\Routing\\Router->runRouteWithinStack()
#11 /home/alejandro/play-work/playgroup-admin---laravel/vendor/laravel/framework/src/Illuminate/Routing/Router.php(624): Illuminate\\Routing\\Router->runRoute()
#12 /home/alejandro/play-work/playgroup-admin---laravel/vendor/laravel/framework/src/Illuminate/Routing/Router.php(613): Illuminate\\Routing\\Router->dispatchToRoute()
#13 /home/alejandro/play-work/playgroup-admin---laravel/vendor/laravel/framework/src/Illuminate/Foundation/Http/Kernel.php(170): Illuminate\\Routing\\Router->dispatch()
#14 /home/alejandro/play-work/playgroup-admin---laravel/vendor/laravel/framework/src/Illuminate/Pipeline/Pipeline.php(130): Illuminate\\Foundation\\Http\\Kernel->Illuminate\\Foundation\\Http\\{closure}()
#15 /home/alejandro/play-work/playgroup-admin---laravel/vendor/laravel/framework/src/Illuminate/Foundation/Http/Middleware/TransformsRequest.php(21): Illuminate\\Pipeline\\Pipeline->Illuminate\\Pipeline\\{closure}()
#16 /home/alejandro/play-work/playgroup-admin---laravel/vendor/laravel/framework/src/Illuminate/Pipeline/Pipeline.php(171): Illuminate\\Foundation\\Http\\Middleware\\TransformsRequest->handle()
#17 /home/alejandro/play-work/playgroup-admin---laravel/vendor/laravel/framework/src/Illuminate/Foundation/Http/Middleware/TransformsRequest.php(21): Illuminate\\Pipeline\\Pipeline->Illuminate\\Pipeline\\{closure}()
#18 /home/alejandro/play-work/playgroup-admin---laravel/vendor/laravel/framework/src/Illuminate/Pipeline/Pipeline.php(171): Illuminate\\Foundation\\Http\\Middleware\\TransformsRequest->handle()
#19 /home/alejandro/play-work/playgroup-admin---laravel/vendor/laravel/framework/src/Illuminate/Foundation/Http/Middleware/ValidatePostSize.php(27): Illuminate\\Pipeline\\Pipeline->Illuminate\\Pipeline\\{closure}()
#20 /home/alejandro/play-work/playgroup-admin---laravel/vendor/laravel/framework/src/Illuminate/Pipeline/Pipeline.php(171): Illuminate\\Foundation\\Http\\Middleware\\ValidatePostSize->handle()
#21 /home/alejandro/play-work/playgroup-admin---laravel/vendor/laravel/framework/src/Illuminate/Foundation/Http/Middleware/CheckForMaintenanceMode.php(63): Illuminate\\Pipeline\\Pipeline->Illuminate\\Pipeline\\{closure}()
#22 /home/alejandro/play-work/playgroup-admin---laravel/vendor/laravel/framework/src/Illuminate/Pipeline/Pipeline.php(171): Illuminate\\Foundation\\Http\\Middleware\\CheckForMaintenanceMode->handle()
#23 /home/alejandro/play-work/playgroup-admin---laravel/vendor/fideloper/proxy/src/TrustProxies.php(57): Illuminate\\Pipeline\\Pipeline->Illuminate\\Pipeline\\{closure}()
#24 /home/alejandro/play-work/playgroup-admin---laravel/vendor/laravel/framework/src/Illuminate/Pipeline/Pipeline.php(171): Fideloper\\Proxy\\TrustProxies->handle()
#25 /home/alejandro/play-work/playgroup-admin---laravel/vendor/laravel/framework/src/Illuminate/Pipeline/Pipeline.php(105): Illuminate\\Pipeline\\Pipeline->Illuminate\\Pipeline\\{closure}()
#26 /home/alejandro/play-work/playgroup-admin---laravel/vendor/laravel/framework/src/Illuminate/Foundation/Http/Kernel.php(145): Illuminate\\Pipeline\\Pipeline->then()
#27 /home/alejandro/play-work/playgroup-admin---laravel/vendor/laravel/framework/src/Illuminate/Foundation/Http/Kernel.php(110): Illuminate\\Foundation\\Http\\Kernel->sendRequestThroughRouter()
#28 /home/alejandro/play-work/playgroup-admin---laravel/public/index.php(55): Illuminate\\Foundation\\Http\\Kernel->handle()
#29 /home/alejandro/play-work/playgroup-admin---laravel/server.php(21): require_once('/home/alejandro...')
#30 {main}
"} 
[2025-05-18 02:39:13] local.ERROR: Trying to get property 'content' of non-object {"exception":"[object] (ErrorException(code: 0): Trying to get property 'content' of non-object at /home/alejandro/play-work/playgroup-admin---laravel/app/Http/Controllers/Api/ApiController.php:80)
[stacktrace]
#0 /home/alejandro/play-work/playgroup-admin---laravel/app/Http/Controllers/Api/ApiController.php(80): Illuminate\\Foundation\\Bootstrap\\HandleExceptions->handleError()
#1 /home/alejandro/play-work/playgroup-admin---laravel/vendor/laravel/framework/src/Illuminate/Routing/Controller.php(54): App\\Http\\Controllers\\Api\\ApiController->qualityProcessData()
#2 /home/alejandro/play-work/playgroup-admin---laravel/vendor/laravel/framework/src/Illuminate/Routing/ControllerDispatcher.php(45): Illuminate\\Routing\\Controller->callAction()
#3 /home/alejandro/play-work/playgroup-admin---laravel/vendor/laravel/framework/src/Illuminate/Routing/Route.php(219): Illuminate\\Routing\\ControllerDispatcher->dispatch()
#4 /home/alejandro/play-work/playgroup-admin---laravel/vendor/laravel/framework/src/Illuminate/Routing/Route.php(176): Illuminate\\Routing\\Route->runController()
#5 /home/alejandro/play-work/playgroup-admin---laravel/vendor/laravel/framework/src/Illuminate/Routing/Router.php(681): Illuminate\\Routing\\Route->run()
#6 /home/alejandro/play-work/playgroup-admin---laravel/vendor/laravel/framework/src/Illuminate/Pipeline/Pipeline.php(130): Illuminate\\Routing\\Router->Illuminate\\Routing\\{closure}()
#7 /home/alejandro/play-work/playgroup-admin---laravel/vendor/laravel/framework/src/Illuminate/Routing/Middleware/SubstituteBindings.php(41): Illuminate\\Pipeline\\Pipeline->Illuminate\\Pipeline\\{closure}()
#8 /home/alejandro/play-work/playgroup-admin---laravel/vendor/laravel/framework/src/Illuminate/Pipeline/Pipeline.php(171): Illuminate\\Routing\\Middleware\\SubstituteBindings->handle()
#9 /home/alejandro/play-work/playgroup-admin---laravel/vendor/laravel/framework/src/Illuminate/Pipeline/Pipeline.php(105): Illuminate\\Pipeline\\Pipeline->Illuminate\\Pipeline\\{closure}()
#10 /home/alejandro/play-work/playgroup-admin---laravel/vendor/laravel/framework/src/Illuminate/Routing/Router.php(683): Illuminate\\Pipeline\\Pipeline->then()
#11 /home/alejandro/play-work/playgroup-admin---laravel/vendor/laravel/framework/src/Illuminate/Routing/Router.php(658): Illuminate\\Routing\\Router->runRouteWithinStack()
#12 /home/alejandro/play-work/playgroup-admin---laravel/vendor/laravel/framework/src/Illuminate/Routing/Router.php(624): Illuminate\\Routing\\Router->runRoute()
#13 /home/alejandro/play-work/playgroup-admin---laravel/vendor/laravel/framework/src/Illuminate/Routing/Router.php(613): Illuminate\\Routing\\Router->dispatchToRoute()
#14 /home/alejandro/play-work/playgroup-admin---laravel/vendor/laravel/framework/src/Illuminate/Foundation/Http/Kernel.php(170): Illuminate\\Routing\\Router->dispatch()
#15 /home/alejandro/play-work/playgroup-admin---laravel/vendor/laravel/framework/src/Illuminate/Pipeline/Pipeline.php(130): Illuminate\\Foundation\\Http\\Kernel->Illuminate\\Foundation\\Http\\{closure}()
#16 /home/alejandro/play-work/playgroup-admin---laravel/vendor/laravel/framework/src/Illuminate/Foundation/Http/Middleware/TransformsRequest.php(21): Illuminate\\Pipeline\\Pipeline->Illuminate\\Pipeline\\{closure}()
#17 /home/alejandro/play-work/playgroup-admin---laravel/vendor/laravel/framework/src/Illuminate/Pipeline/Pipeline.php(171): Illuminate\\Foundation\\Http\\Middleware\\TransformsRequest->handle()
#18 /home/alejandro/play-work/playgroup-admin---laravel/vendor/laravel/framework/src/Illuminate/Foundation/Http/Middleware/TransformsRequest.php(21): Illuminate\\Pipeline\\Pipeline->Illuminate\\Pipeline\\{closure}()
#19 /home/alejandro/play-work/playgroup-admin---laravel/vendor/laravel/framework/src/Illuminate/Pipeline/Pipeline.php(171): Illuminate\\Foundation\\Http\\Middleware\\TransformsRequest->handle()
#20 /home/alejandro/play-work/playgroup-admin---laravel/vendor/laravel/framework/src/Illuminate/Foundation/Http/Middleware/ValidatePostSize.php(27): Illuminate\\Pipeline\\Pipeline->Illuminate\\Pipeline\\{closure}()
#21 /home/alejandro/play-work/playgroup-admin---laravel/vendor/laravel/framework/src/Illuminate/Pipeline/Pipeline.php(171): Illuminate\\Foundation\\Http\\Middleware\\ValidatePostSize->handle()
#22 /home/alejandro/play-work/playgroup-admin---laravel/vendor/laravel/framework/src/Illuminate/Foundation/Http/Middleware/CheckForMaintenanceMode.php(63): Illuminate\\Pipeline\\Pipeline->Illuminate\\Pipeline\\{closure}()
#23 /home/alejandro/play-work/playgroup-admin---laravel/vendor/laravel/framework/src/Illuminate/Pipeline/Pipeline.php(171): Illuminate\\Foundation\\Http\\Middleware\\CheckForMaintenanceMode->handle()
#24 /home/alejandro/play-work/playgroup-admin---laravel/vendor/fideloper/proxy/src/TrustProxies.php(57): Illuminate\\Pipeline\\Pipeline->Illuminate\\Pipeline\\{closure}()
#25 /home/alejandro/play-work/playgroup-admin---laravel/vendor/laravel/framework/src/Illuminate/Pipeline/Pipeline.php(171): Fideloper\\Proxy\\TrustProxies->handle()
#26 /home/alejandro/play-work/playgroup-admin---laravel/vendor/laravel/framework/src/Illuminate/Pipeline/Pipeline.php(105): Illuminate\\Pipeline\\Pipeline->Illuminate\\Pipeline\\{closure}()
#27 /home/alejandro/play-work/playgroup-admin---laravel/vendor/laravel/framework/src/Illuminate/Foundation/Http/Kernel.php(145): Illuminate\\Pipeline\\Pipeline->then()
#28 /home/alejandro/play-work/playgroup-admin---laravel/vendor/laravel/framework/src/Illuminate/Foundation/Http/Kernel.php(110): Illuminate\\Foundation\\Http\\Kernel->sendRequestThroughRouter()
#29 /home/alejandro/play-work/playgroup-admin---laravel/public/index.php(55): Illuminate\\Foundation\\Http\\Kernel->handle()
#30 /home/alejandro/play-work/playgroup-admin---laravel/server.php(21): require_once('/home/alejandro...')
#31 {main}
"} 
[2025-05-18 08:29:15] local.ERROR: Call to a member function unsetRelation() on null {"exception":"[object] (Symfony\\Component\\Debug\\Exception\\FatalThrowableError(code: 0): Call to a member function unsetRelation() on null at /home/alejandro/play-work/playgroup-admin---laravel/app/Http/Controllers/Api/PageController.php:45)
[stacktrace]
#0 /home/alejandro/play-work/playgroup-admin---laravel/vendor/laravel/framework/src/Illuminate/Routing/Controller.php(54): App\\Http\\Controllers\\Api\\PageController->getPodcasts()
#1 /home/alejandro/play-work/playgroup-admin---laravel/vendor/laravel/framework/src/Illuminate/Routing/ControllerDispatcher.php(45): Illuminate\\Routing\\Controller->callAction()
#2 /home/alejandro/play-work/playgroup-admin---laravel/vendor/laravel/framework/src/Illuminate/Routing/Route.php(219): Illuminate\\Routing\\ControllerDispatcher->dispatch()
#3 /home/alejandro/play-work/playgroup-admin---laravel/vendor/laravel/framework/src/Illuminate/Routing/Route.php(176): Illuminate\\Routing\\Route->runController()
#4 /home/alejandro/play-work/playgroup-admin---laravel/vendor/laravel/framework/src/Illuminate/Routing/Router.php(681): Illuminate\\Routing\\Route->run()
#5 /home/alejandro/play-work/playgroup-admin---laravel/vendor/laravel/framework/src/Illuminate/Pipeline/Pipeline.php(130): Illuminate\\Routing\\Router->Illuminate\\Routing\\{closure}()
#6 /home/alejandro/play-work/playgroup-admin---laravel/vendor/laravel/framework/src/Illuminate/Routing/Middleware/SubstituteBindings.php(41): Illuminate\\Pipeline\\Pipeline->Illuminate\\Pipeline\\{closure}()
#7 /home/alejandro/play-work/playgroup-admin---laravel/vendor/laravel/framework/src/Illuminate/Pipeline/Pipeline.php(171): Illuminate\\Routing\\Middleware\\SubstituteBindings->handle()
#8 /home/alejandro/play-work/playgroup-admin---laravel/vendor/laravel/framework/src/Illuminate/Pipeline/Pipeline.php(105): Illuminate\\Pipeline\\Pipeline->Illuminate\\Pipeline\\{closure}()
#9 /home/alejandro/play-work/playgroup-admin---laravel/vendor/laravel/framework/src/Illuminate/Routing/Router.php(683): Illuminate\\Pipeline\\Pipeline->then()
#10 /home/alejandro/play-work/playgroup-admin---laravel/vendor/laravel/framework/src/Illuminate/Routing/Router.php(658): Illuminate\\Routing\\Router->runRouteWithinStack()
#11 /home/alejandro/play-work/playgroup-admin---laravel/vendor/laravel/framework/src/Illuminate/Routing/Router.php(624): Illuminate\\Routing\\Router->runRoute()
#12 /home/alejandro/play-work/playgroup-admin---laravel/vendor/laravel/framework/src/Illuminate/Routing/Router.php(613): Illuminate\\Routing\\Router->dispatchToRoute()
#13 /home/alejandro/play-work/playgroup-admin---laravel/vendor/laravel/framework/src/Illuminate/Foundation/Http/Kernel.php(170): Illuminate\\Routing\\Router->dispatch()
#14 /home/alejandro/play-work/playgroup-admin---laravel/vendor/laravel/framework/src/Illuminate/Pipeline/Pipeline.php(130): Illuminate\\Foundation\\Http\\Kernel->Illuminate\\Foundation\\Http\\{closure}()
#15 /home/alejandro/play-work/playgroup-admin---laravel/vendor/laravel/framework/src/Illuminate/Foundation/Http/Middleware/TransformsRequest.php(21): Illuminate\\Pipeline\\Pipeline->Illuminate\\Pipeline\\{closure}()
#16 /home/alejandro/play-work/playgroup-admin---laravel/vendor/laravel/framework/src/Illuminate/Pipeline/Pipeline.php(171): Illuminate\\Foundation\\Http\\Middleware\\TransformsRequest->handle()
#17 /home/alejandro/play-work/playgroup-admin---laravel/vendor/laravel/framework/src/Illuminate/Foundation/Http/Middleware/TransformsRequest.php(21): Illuminate\\Pipeline\\Pipeline->Illuminate\\Pipeline\\{closure}()
#18 /home/alejandro/play-work/playgroup-admin---laravel/vendor/laravel/framework/src/Illuminate/Pipeline/Pipeline.php(171): Illuminate\\Foundation\\Http\\Middleware\\TransformsRequest->handle()
#19 /home/alejandro/play-work/playgroup-admin---laravel/vendor/laravel/framework/src/Illuminate/Foundation/Http/Middleware/ValidatePostSize.php(27): Illuminate\\Pipeline\\Pipeline->Illuminate\\Pipeline\\{closure}()
#20 /home/alejandro/play-work/playgroup-admin---laravel/vendor/laravel/framework/src/Illuminate/Pipeline/Pipeline.php(171): Illuminate\\Foundation\\Http\\Middleware\\ValidatePostSize->handle()
#21 /home/alejandro/play-work/playgroup-admin---laravel/vendor/laravel/framework/src/Illuminate/Foundation/Http/Middleware/CheckForMaintenanceMode.php(63): Illuminate\\Pipeline\\Pipeline->Illuminate\\Pipeline\\{closure}()
#22 /home/alejandro/play-work/playgroup-admin---laravel/vendor/laravel/framework/src/Illuminate/Pipeline/Pipeline.php(171): Illuminate\\Foundation\\Http\\Middleware\\CheckForMaintenanceMode->handle()
#23 /home/alejandro/play-work/playgroup-admin---laravel/vendor/fideloper/proxy/src/TrustProxies.php(57): Illuminate\\Pipeline\\Pipeline->Illuminate\\Pipeline\\{closure}()
#24 /home/alejandro/play-work/playgroup-admin---laravel/vendor/laravel/framework/src/Illuminate/Pipeline/Pipeline.php(171): Fideloper\\Proxy\\TrustProxies->handle()
#25 /home/alejandro/play-work/playgroup-admin---laravel/vendor/laravel/framework/src/Illuminate/Pipeline/Pipeline.php(105): Illuminate\\Pipeline\\Pipeline->Illuminate\\Pipeline\\{closure}()
#26 /home/alejandro/play-work/playgroup-admin---laravel/vendor/laravel/framework/src/Illuminate/Foundation/Http/Kernel.php(145): Illuminate\\Pipeline\\Pipeline->then()
#27 /home/alejandro/play-work/playgroup-admin---laravel/vendor/laravel/framework/src/Illuminate/Foundation/Http/Kernel.php(110): Illuminate\\Foundation\\Http\\Kernel->sendRequestThroughRouter()
#28 /home/alejandro/play-work/playgroup-admin---laravel/public/index.php(55): Illuminate\\Foundation\\Http\\Kernel->handle()
#29 /home/alejandro/play-work/playgroup-admin---laravel/server.php(21): require_once('/home/alejandro...')
#30 {main}
"} 
[2025-05-18 08:29:15] local.ERROR: Trying to get property 'content' of non-object {"exception":"[object] (ErrorException(code: 0): Trying to get property 'content' of non-object at /home/alejandro/play-work/playgroup-admin---laravel/app/Http/Controllers/Api/ApiController.php:80)
[stacktrace]
#0 /home/alejandro/play-work/playgroup-admin---laravel/app/Http/Controllers/Api/ApiController.php(80): Illuminate\\Foundation\\Bootstrap\\HandleExceptions->handleError()
#1 /home/alejandro/play-work/playgroup-admin---laravel/vendor/laravel/framework/src/Illuminate/Routing/Controller.php(54): App\\Http\\Controllers\\Api\\ApiController->qualityProcessData()
#2 /home/alejandro/play-work/playgroup-admin---laravel/vendor/laravel/framework/src/Illuminate/Routing/ControllerDispatcher.php(45): Illuminate\\Routing\\Controller->callAction()
#3 /home/alejandro/play-work/playgroup-admin---laravel/vendor/laravel/framework/src/Illuminate/Routing/Route.php(219): Illuminate\\Routing\\ControllerDispatcher->dispatch()
#4 /home/alejandro/play-work/playgroup-admin---laravel/vendor/laravel/framework/src/Illuminate/Routing/Route.php(176): Illuminate\\Routing\\Route->runController()
#5 /home/alejandro/play-work/playgroup-admin---laravel/vendor/laravel/framework/src/Illuminate/Routing/Router.php(681): Illuminate\\Routing\\Route->run()
#6 /home/alejandro/play-work/playgroup-admin---laravel/vendor/laravel/framework/src/Illuminate/Pipeline/Pipeline.php(130): Illuminate\\Routing\\Router->Illuminate\\Routing\\{closure}()
#7 /home/alejandro/play-work/playgroup-admin---laravel/vendor/laravel/framework/src/Illuminate/Routing/Middleware/SubstituteBindings.php(41): Illuminate\\Pipeline\\Pipeline->Illuminate\\Pipeline\\{closure}()
#8 /home/alejandro/play-work/playgroup-admin---laravel/vendor/laravel/framework/src/Illuminate/Pipeline/Pipeline.php(171): Illuminate\\Routing\\Middleware\\SubstituteBindings->handle()
#9 /home/alejandro/play-work/playgroup-admin---laravel/vendor/laravel/framework/src/Illuminate/Pipeline/Pipeline.php(105): Illuminate\\Pipeline\\Pipeline->Illuminate\\Pipeline\\{closure}()
#10 /home/alejandro/play-work/playgroup-admin---laravel/vendor/laravel/framework/src/Illuminate/Routing/Router.php(683): Illuminate\\Pipeline\\Pipeline->then()
#11 /home/alejandro/play-work/playgroup-admin---laravel/vendor/laravel/framework/src/Illuminate/Routing/Router.php(658): Illuminate\\Routing\\Router->runRouteWithinStack()
#12 /home/alejandro/play-work/playgroup-admin---laravel/vendor/laravel/framework/src/Illuminate/Routing/Router.php(624): Illuminate\\Routing\\Router->runRoute()
#13 /home/alejandro/play-work/playgroup-admin---laravel/vendor/laravel/framework/src/Illuminate/Routing/Router.php(613): Illuminate\\Routing\\Router->dispatchToRoute()
#14 /home/alejandro/play-work/playgroup-admin---laravel/vendor/laravel/framework/src/Illuminate/Foundation/Http/Kernel.php(170): Illuminate\\Routing\\Router->dispatch()
#15 /home/alejandro/play-work/playgroup-admin---laravel/vendor/laravel/framework/src/Illuminate/Pipeline/Pipeline.php(130): Illuminate\\Foundation\\Http\\Kernel->Illuminate\\Foundation\\Http\\{closure}()
#16 /home/alejandro/play-work/playgroup-admin---laravel/vendor/laravel/framework/src/Illuminate/Foundation/Http/Middleware/TransformsRequest.php(21): Illuminate\\Pipeline\\Pipeline->Illuminate\\Pipeline\\{closure}()
#17 /home/alejandro/play-work/playgroup-admin---laravel/vendor/laravel/framework/src/Illuminate/Pipeline/Pipeline.php(171): Illuminate\\Foundation\\Http\\Middleware\\TransformsRequest->handle()
#18 /home/alejandro/play-work/playgroup-admin---laravel/vendor/laravel/framework/src/Illuminate/Foundation/Http/Middleware/TransformsRequest.php(21): Illuminate\\Pipeline\\Pipeline->Illuminate\\Pipeline\\{closure}()
#19 /home/alejandro/play-work/playgroup-admin---laravel/vendor/laravel/framework/src/Illuminate/Pipeline/Pipeline.php(171): Illuminate\\Foundation\\Http\\Middleware\\TransformsRequest->handle()
#20 /home/alejandro/play-work/playgroup-admin---laravel/vendor/laravel/framework/src/Illuminate/Foundation/Http/Middleware/ValidatePostSize.php(27): Illuminate\\Pipeline\\Pipeline->Illuminate\\Pipeline\\{closure}()
#21 /home/alejandro/play-work/playgroup-admin---laravel/vendor/laravel/framework/src/Illuminate/Pipeline/Pipeline.php(171): Illuminate\\Foundation\\Http\\Middleware\\ValidatePostSize->handle()
#22 /home/alejandro/play-work/playgroup-admin---laravel/vendor/laravel/framework/src/Illuminate/Foundation/Http/Middleware/CheckForMaintenanceMode.php(63): Illuminate\\Pipeline\\Pipeline->Illuminate\\Pipeline\\{closure}()
#23 /home/alejandro/play-work/playgroup-admin---laravel/vendor/laravel/framework/src/Illuminate/Pipeline/Pipeline.php(171): Illuminate\\Foundation\\Http\\Middleware\\CheckForMaintenanceMode->handle()
#24 /home/alejandro/play-work/playgroup-admin---laravel/vendor/fideloper/proxy/src/TrustProxies.php(57): Illuminate\\Pipeline\\Pipeline->Illuminate\\Pipeline\\{closure}()
#25 /home/alejandro/play-work/playgroup-admin---laravel/vendor/laravel/framework/src/Illuminate/Pipeline/Pipeline.php(171): Fideloper\\Proxy\\TrustProxies->handle()
#26 /home/alejandro/play-work/playgroup-admin---laravel/vendor/laravel/framework/src/Illuminate/Pipeline/Pipeline.php(105): Illuminate\\Pipeline\\Pipeline->Illuminate\\Pipeline\\{closure}()
#27 /home/alejandro/play-work/playgroup-admin---laravel/vendor/laravel/framework/src/Illuminate/Foundation/Http/Kernel.php(145): Illuminate\\Pipeline\\Pipeline->then()
#28 /home/alejandro/play-work/playgroup-admin---laravel/vendor/laravel/framework/src/Illuminate/Foundation/Http/Kernel.php(110): Illuminate\\Foundation\\Http\\Kernel->sendRequestThroughRouter()
#29 /home/alejandro/play-work/playgroup-admin---laravel/public/index.php(55): Illuminate\\Foundation\\Http\\Kernel->handle()
#30 /home/alejandro/play-work/playgroup-admin---laravel/server.php(21): require_once('/home/alejandro...')
#31 {main}
"} 
[2025-05-18 08:29:15] local.ERROR: Call to a member function unsetRelation() on null {"exception":"[object] (Symfony\\Component\\Debug\\Exception\\FatalThrowableError(code: 0): Call to a member function unsetRelation() on null at /home/alejandro/play-work/playgroup-admin---laravel/app/Http/Controllers/Api/PageController.php:45)
[stacktrace]
#0 /home/alejandro/play-work/playgroup-admin---laravel/vendor/laravel/framework/src/Illuminate/Routing/Controller.php(54): App\\Http\\Controllers\\Api\\PageController->getPodcasts()
#1 /home/alejandro/play-work/playgroup-admin---laravel/vendor/laravel/framework/src/Illuminate/Routing/ControllerDispatcher.php(45): Illuminate\\Routing\\Controller->callAction()
#2 /home/alejandro/play-work/playgroup-admin---laravel/vendor/laravel/framework/src/Illuminate/Routing/Route.php(219): Illuminate\\Routing\\ControllerDispatcher->dispatch()
#3 /home/alejandro/play-work/playgroup-admin---laravel/vendor/laravel/framework/src/Illuminate/Routing/Route.php(176): Illuminate\\Routing\\Route->runController()
#4 /home/alejandro/play-work/playgroup-admin---laravel/vendor/laravel/framework/src/Illuminate/Routing/Router.php(681): Illuminate\\Routing\\Route->run()
#5 /home/alejandro/play-work/playgroup-admin---laravel/vendor/laravel/framework/src/Illuminate/Pipeline/Pipeline.php(130): Illuminate\\Routing\\Router->Illuminate\\Routing\\{closure}()
#6 /home/alejandro/play-work/playgroup-admin---laravel/vendor/laravel/framework/src/Illuminate/Routing/Middleware/SubstituteBindings.php(41): Illuminate\\Pipeline\\Pipeline->Illuminate\\Pipeline\\{closure}()
#7 /home/alejandro/play-work/playgroup-admin---laravel/vendor/laravel/framework/src/Illuminate/Pipeline/Pipeline.php(171): Illuminate\\Routing\\Middleware\\SubstituteBindings->handle()
#8 /home/alejandro/play-work/playgroup-admin---laravel/vendor/laravel/framework/src/Illuminate/Pipeline/Pipeline.php(105): Illuminate\\Pipeline\\Pipeline->Illuminate\\Pipeline\\{closure}()
#9 /home/alejandro/play-work/playgroup-admin---laravel/vendor/laravel/framework/src/Illuminate/Routing/Router.php(683): Illuminate\\Pipeline\\Pipeline->then()
#10 /home/alejandro/play-work/playgroup-admin---laravel/vendor/laravel/framework/src/Illuminate/Routing/Router.php(658): Illuminate\\Routing\\Router->runRouteWithinStack()
#11 /home/alejandro/play-work/playgroup-admin---laravel/vendor/laravel/framework/src/Illuminate/Routing/Router.php(624): Illuminate\\Routing\\Router->runRoute()
#12 /home/alejandro/play-work/playgroup-admin---laravel/vendor/laravel/framework/src/Illuminate/Routing/Router.php(613): Illuminate\\Routing\\Router->dispatchToRoute()
#13 /home/alejandro/play-work/playgroup-admin---laravel/vendor/laravel/framework/src/Illuminate/Foundation/Http/Kernel.php(170): Illuminate\\Routing\\Router->dispatch()
#14 /home/alejandro/play-work/playgroup-admin---laravel/vendor/laravel/framework/src/Illuminate/Pipeline/Pipeline.php(130): Illuminate\\Foundation\\Http\\Kernel->Illuminate\\Foundation\\Http\\{closure}()
#15 /home/alejandro/play-work/playgroup-admin---laravel/vendor/laravel/framework/src/Illuminate/Foundation/Http/Middleware/TransformsRequest.php(21): Illuminate\\Pipeline\\Pipeline->Illuminate\\Pipeline\\{closure}()
#16 /home/alejandro/play-work/playgroup-admin---laravel/vendor/laravel/framework/src/Illuminate/Pipeline/Pipeline.php(171): Illuminate\\Foundation\\Http\\Middleware\\TransformsRequest->handle()
#17 /home/alejandro/play-work/playgroup-admin---laravel/vendor/laravel/framework/src/Illuminate/Foundation/Http/Middleware/TransformsRequest.php(21): Illuminate\\Pipeline\\Pipeline->Illuminate\\Pipeline\\{closure}()
#18 /home/alejandro/play-work/playgroup-admin---laravel/vendor/laravel/framework/src/Illuminate/Pipeline/Pipeline.php(171): Illuminate\\Foundation\\Http\\Middleware\\TransformsRequest->handle()
#19 /home/alejandro/play-work/playgroup-admin---laravel/vendor/laravel/framework/src/Illuminate/Foundation/Http/Middleware/ValidatePostSize.php(27): Illuminate\\Pipeline\\Pipeline->Illuminate\\Pipeline\\{closure}()
#20 /home/alejandro/play-work/playgroup-admin---laravel/vendor/laravel/framework/src/Illuminate/Pipeline/Pipeline.php(171): Illuminate\\Foundation\\Http\\Middleware\\ValidatePostSize->handle()
#21 /home/alejandro/play-work/playgroup-admin---laravel/vendor/laravel/framework/src/Illuminate/Foundation/Http/Middleware/CheckForMaintenanceMode.php(63): Illuminate\\Pipeline\\Pipeline->Illuminate\\Pipeline\\{closure}()
#22 /home/alejandro/play-work/playgroup-admin---laravel/vendor/laravel/framework/src/Illuminate/Pipeline/Pipeline.php(171): Illuminate\\Foundation\\Http\\Middleware\\CheckForMaintenanceMode->handle()
#23 /home/alejandro/play-work/playgroup-admin---laravel/vendor/fideloper/proxy/src/TrustProxies.php(57): Illuminate\\Pipeline\\Pipeline->Illuminate\\Pipeline\\{closure}()
#24 /home/alejandro/play-work/playgroup-admin---laravel/vendor/laravel/framework/src/Illuminate/Pipeline/Pipeline.php(171): Fideloper\\Proxy\\TrustProxies->handle()
#25 /home/alejandro/play-work/playgroup-admin---laravel/vendor/laravel/framework/src/Illuminate/Pipeline/Pipeline.php(105): Illuminate\\Pipeline\\Pipeline->Illuminate\\Pipeline\\{closure}()
#26 /home/alejandro/play-work/playgroup-admin---laravel/vendor/laravel/framework/src/Illuminate/Foundation/Http/Kernel.php(145): Illuminate\\Pipeline\\Pipeline->then()
#27 /home/alejandro/play-work/playgroup-admin---laravel/vendor/laravel/framework/src/Illuminate/Foundation/Http/Kernel.php(110): Illuminate\\Foundation\\Http\\Kernel->sendRequestThroughRouter()
#28 /home/alejandro/play-work/playgroup-admin---laravel/public/index.php(55): Illuminate\\Foundation\\Http\\Kernel->handle()
#29 /home/alejandro/play-work/playgroup-admin---laravel/server.php(21): require_once('/home/alejandro...')
#30 {main}
"} 
[2025-05-18 08:29:15] local.ERROR: Trying to get property 'content' of non-object {"exception":"[object] (ErrorException(code: 0): Trying to get property 'content' of non-object at /home/alejandro/play-work/playgroup-admin---laravel/app/Http/Controllers/Api/ApiController.php:80)
[stacktrace]
#0 /home/alejandro/play-work/playgroup-admin---laravel/app/Http/Controllers/Api/ApiController.php(80): Illuminate\\Foundation\\Bootstrap\\HandleExceptions->handleError()
#1 /home/alejandro/play-work/playgroup-admin---laravel/vendor/laravel/framework/src/Illuminate/Routing/Controller.php(54): App\\Http\\Controllers\\Api\\ApiController->qualityProcessData()
#2 /home/alejandro/play-work/playgroup-admin---laravel/vendor/laravel/framework/src/Illuminate/Routing/ControllerDispatcher.php(45): Illuminate\\Routing\\Controller->callAction()
#3 /home/alejandro/play-work/playgroup-admin---laravel/vendor/laravel/framework/src/Illuminate/Routing/Route.php(219): Illuminate\\Routing\\ControllerDispatcher->dispatch()
#4 /home/alejandro/play-work/playgroup-admin---laravel/vendor/laravel/framework/src/Illuminate/Routing/Route.php(176): Illuminate\\Routing\\Route->runController()
#5 /home/alejandro/play-work/playgroup-admin---laravel/vendor/laravel/framework/src/Illuminate/Routing/Router.php(681): Illuminate\\Routing\\Route->run()
#6 /home/alejandro/play-work/playgroup-admin---laravel/vendor/laravel/framework/src/Illuminate/Pipeline/Pipeline.php(130): Illuminate\\Routing\\Router->Illuminate\\Routing\\{closure}()
#7 /home/alejandro/play-work/playgroup-admin---laravel/vendor/laravel/framework/src/Illuminate/Routing/Middleware/SubstituteBindings.php(41): Illuminate\\Pipeline\\Pipeline->Illuminate\\Pipeline\\{closure}()
#8 /home/alejandro/play-work/playgroup-admin---laravel/vendor/laravel/framework/src/Illuminate/Pipeline/Pipeline.php(171): Illuminate\\Routing\\Middleware\\SubstituteBindings->handle()
#9 /home/alejandro/play-work/playgroup-admin---laravel/vendor/laravel/framework/src/Illuminate/Pipeline/Pipeline.php(105): Illuminate\\Pipeline\\Pipeline->Illuminate\\Pipeline\\{closure}()
#10 /home/alejandro/play-work/playgroup-admin---laravel/vendor/laravel/framework/src/Illuminate/Routing/Router.php(683): Illuminate\\Pipeline\\Pipeline->then()
#11 /home/alejandro/play-work/playgroup-admin---laravel/vendor/laravel/framework/src/Illuminate/Routing/Router.php(658): Illuminate\\Routing\\Router->runRouteWithinStack()
#12 /home/alejandro/play-work/playgroup-admin---laravel/vendor/laravel/framework/src/Illuminate/Routing/Router.php(624): Illuminate\\Routing\\Router->runRoute()
#13 /home/alejandro/play-work/playgroup-admin---laravel/vendor/laravel/framework/src/Illuminate/Routing/Router.php(613): Illuminate\\Routing\\Router->dispatchToRoute()
#14 /home/alejandro/play-work/playgroup-admin---laravel/vendor/laravel/framework/src/Illuminate/Foundation/Http/Kernel.php(170): Illuminate\\Routing\\Router->dispatch()
#15 /home/alejandro/play-work/playgroup-admin---laravel/vendor/laravel/framework/src/Illuminate/Pipeline/Pipeline.php(130): Illuminate\\Foundation\\Http\\Kernel->Illuminate\\Foundation\\Http\\{closure}()
#16 /home/alejandro/play-work/playgroup-admin---laravel/vendor/laravel/framework/src/Illuminate/Foundation/Http/Middleware/TransformsRequest.php(21): Illuminate\\Pipeline\\Pipeline->Illuminate\\Pipeline\\{closure}()
#17 /home/alejandro/play-work/playgroup-admin---laravel/vendor/laravel/framework/src/Illuminate/Pipeline/Pipeline.php(171): Illuminate\\Foundation\\Http\\Middleware\\TransformsRequest->handle()
#18 /home/alejandro/play-work/playgroup-admin---laravel/vendor/laravel/framework/src/Illuminate/Foundation/Http/Middleware/TransformsRequest.php(21): Illuminate\\Pipeline\\Pipeline->Illuminate\\Pipeline\\{closure}()
#19 /home/alejandro/play-work/playgroup-admin---laravel/vendor/laravel/framework/src/Illuminate/Pipeline/Pipeline.php(171): Illuminate\\Foundation\\Http\\Middleware\\TransformsRequest->handle()
#20 /home/alejandro/play-work/playgroup-admin---laravel/vendor/laravel/framework/src/Illuminate/Foundation/Http/Middleware/ValidatePostSize.php(27): Illuminate\\Pipeline\\Pipeline->Illuminate\\Pipeline\\{closure}()
#21 /home/alejandro/play-work/playgroup-admin---laravel/vendor/laravel/framework/src/Illuminate/Pipeline/Pipeline.php(171): Illuminate\\Foundation\\Http\\Middleware\\ValidatePostSize->handle()
#22 /home/alejandro/play-work/playgroup-admin---laravel/vendor/laravel/framework/src/Illuminate/Foundation/Http/Middleware/CheckForMaintenanceMode.php(63): Illuminate\\Pipeline\\Pipeline->Illuminate\\Pipeline\\{closure}()
#23 /home/alejandro/play-work/playgroup-admin---laravel/vendor/laravel/framework/src/Illuminate/Pipeline/Pipeline.php(171): Illuminate\\Foundation\\Http\\Middleware\\CheckForMaintenanceMode->handle()
#24 /home/alejandro/play-work/playgroup-admin---laravel/vendor/fideloper/proxy/src/TrustProxies.php(57): Illuminate\\Pipeline\\Pipeline->Illuminate\\Pipeline\\{closure}()
#25 /home/alejandro/play-work/playgroup-admin---laravel/vendor/laravel/framework/src/Illuminate/Pipeline/Pipeline.php(171): Fideloper\\Proxy\\TrustProxies->handle()
#26 /home/alejandro/play-work/playgroup-admin---laravel/vendor/laravel/framework/src/Illuminate/Pipeline/Pipeline.php(105): Illuminate\\Pipeline\\Pipeline->Illuminate\\Pipeline\\{closure}()
#27 /home/alejandro/play-work/playgroup-admin---laravel/vendor/laravel/framework/src/Illuminate/Foundation/Http/Kernel.php(145): Illuminate\\Pipeline\\Pipeline->then()
#28 /home/alejandro/play-work/playgroup-admin---laravel/vendor/laravel/framework/src/Illuminate/Foundation/Http/Kernel.php(110): Illuminate\\Foundation\\Http\\Kernel->sendRequestThroughRouter()
#29 /home/alejandro/play-work/playgroup-admin---laravel/public/index.php(55): Illuminate\\Foundation\\Http\\Kernel->handle()
#30 /home/alejandro/play-work/playgroup-admin---laravel/server.php(21): require_once('/home/alejandro...')
#31 {main}
"} 
[2025-05-18 23:54:15] local.ERROR: Call to a member function unsetRelation() on null {"exception":"[object] (Symfony\\Component\\Debug\\Exception\\FatalThrowableError(code: 0): Call to a member function unsetRelation() on null at /home/alejandro/play-work/playgroup-admin---laravel/app/Http/Controllers/Api/PageController.php:45)
[stacktrace]
#0 /home/alejandro/play-work/playgroup-admin---laravel/vendor/laravel/framework/src/Illuminate/Routing/Controller.php(54): App\\Http\\Controllers\\Api\\PageController->getPodcasts()
#1 /home/alejandro/play-work/playgroup-admin---laravel/vendor/laravel/framework/src/Illuminate/Routing/ControllerDispatcher.php(45): Illuminate\\Routing\\Controller->callAction()
#2 /home/alejandro/play-work/playgroup-admin---laravel/vendor/laravel/framework/src/Illuminate/Routing/Route.php(219): Illuminate\\Routing\\ControllerDispatcher->dispatch()
#3 /home/alejandro/play-work/playgroup-admin---laravel/vendor/laravel/framework/src/Illuminate/Routing/Route.php(176): Illuminate\\Routing\\Route->runController()
#4 /home/alejandro/play-work/playgroup-admin---laravel/vendor/laravel/framework/src/Illuminate/Routing/Router.php(681): Illuminate\\Routing\\Route->run()
#5 /home/alejandro/play-work/playgroup-admin---laravel/vendor/laravel/framework/src/Illuminate/Pipeline/Pipeline.php(130): Illuminate\\Routing\\Router->Illuminate\\Routing\\{closure}()
#6 /home/alejandro/play-work/playgroup-admin---laravel/vendor/laravel/framework/src/Illuminate/Routing/Middleware/SubstituteBindings.php(41): Illuminate\\Pipeline\\Pipeline->Illuminate\\Pipeline\\{closure}()
#7 /home/alejandro/play-work/playgroup-admin---laravel/vendor/laravel/framework/src/Illuminate/Pipeline/Pipeline.php(171): Illuminate\\Routing\\Middleware\\SubstituteBindings->handle()
#8 /home/alejandro/play-work/playgroup-admin---laravel/vendor/laravel/framework/src/Illuminate/Pipeline/Pipeline.php(105): Illuminate\\Pipeline\\Pipeline->Illuminate\\Pipeline\\{closure}()
#9 /home/alejandro/play-work/playgroup-admin---laravel/vendor/laravel/framework/src/Illuminate/Routing/Router.php(683): Illuminate\\Pipeline\\Pipeline->then()
#10 /home/alejandro/play-work/playgroup-admin---laravel/vendor/laravel/framework/src/Illuminate/Routing/Router.php(658): Illuminate\\Routing\\Router->runRouteWithinStack()
#11 /home/alejandro/play-work/playgroup-admin---laravel/vendor/laravel/framework/src/Illuminate/Routing/Router.php(624): Illuminate\\Routing\\Router->runRoute()
#12 /home/alejandro/play-work/playgroup-admin---laravel/vendor/laravel/framework/src/Illuminate/Routing/Router.php(613): Illuminate\\Routing\\Router->dispatchToRoute()
#13 /home/alejandro/play-work/playgroup-admin---laravel/vendor/laravel/framework/src/Illuminate/Foundation/Http/Kernel.php(170): Illuminate\\Routing\\Router->dispatch()
#14 /home/alejandro/play-work/playgroup-admin---laravel/vendor/laravel/framework/src/Illuminate/Pipeline/Pipeline.php(130): Illuminate\\Foundation\\Http\\Kernel->Illuminate\\Foundation\\Http\\{closure}()
#15 /home/alejandro/play-work/playgroup-admin---laravel/vendor/laravel/framework/src/Illuminate/Foundation/Http/Middleware/TransformsRequest.php(21): Illuminate\\Pipeline\\Pipeline->Illuminate\\Pipeline\\{closure}()
#16 /home/alejandro/play-work/playgroup-admin---laravel/vendor/laravel/framework/src/Illuminate/Pipeline/Pipeline.php(171): Illuminate\\Foundation\\Http\\Middleware\\TransformsRequest->handle()
#17 /home/alejandro/play-work/playgroup-admin---laravel/vendor/laravel/framework/src/Illuminate/Foundation/Http/Middleware/TransformsRequest.php(21): Illuminate\\Pipeline\\Pipeline->Illuminate\\Pipeline\\{closure}()
#18 /home/alejandro/play-work/playgroup-admin---laravel/vendor/laravel/framework/src/Illuminate/Pipeline/Pipeline.php(171): Illuminate\\Foundation\\Http\\Middleware\\TransformsRequest->handle()
#19 /home/alejandro/play-work/playgroup-admin---laravel/vendor/laravel/framework/src/Illuminate/Foundation/Http/Middleware/ValidatePostSize.php(27): Illuminate\\Pipeline\\Pipeline->Illuminate\\Pipeline\\{closure}()
#20 /home/alejandro/play-work/playgroup-admin---laravel/vendor/laravel/framework/src/Illuminate/Pipeline/Pipeline.php(171): Illuminate\\Foundation\\Http\\Middleware\\ValidatePostSize->handle()
#21 /home/alejandro/play-work/playgroup-admin---laravel/vendor/laravel/framework/src/Illuminate/Foundation/Http/Middleware/CheckForMaintenanceMode.php(63): Illuminate\\Pipeline\\Pipeline->Illuminate\\Pipeline\\{closure}()
#22 /home/alejandro/play-work/playgroup-admin---laravel/vendor/laravel/framework/src/Illuminate/Pipeline/Pipeline.php(171): Illuminate\\Foundation\\Http\\Middleware\\CheckForMaintenanceMode->handle()
#23 /home/alejandro/play-work/playgroup-admin---laravel/vendor/fideloper/proxy/src/TrustProxies.php(57): Illuminate\\Pipeline\\Pipeline->Illuminate\\Pipeline\\{closure}()
#24 /home/alejandro/play-work/playgroup-admin---laravel/vendor/laravel/framework/src/Illuminate/Pipeline/Pipeline.php(171): Fideloper\\Proxy\\TrustProxies->handle()
#25 /home/alejandro/play-work/playgroup-admin---laravel/vendor/laravel/framework/src/Illuminate/Pipeline/Pipeline.php(105): Illuminate\\Pipeline\\Pipeline->Illuminate\\Pipeline\\{closure}()
#26 /home/alejandro/play-work/playgroup-admin---laravel/vendor/laravel/framework/src/Illuminate/Foundation/Http/Kernel.php(145): Illuminate\\Pipeline\\Pipeline->then()
#27 /home/alejandro/play-work/playgroup-admin---laravel/vendor/laravel/framework/src/Illuminate/Foundation/Http/Kernel.php(110): Illuminate\\Foundation\\Http\\Kernel->sendRequestThroughRouter()
#28 /home/alejandro/play-work/playgroup-admin---laravel/public/index.php(55): Illuminate\\Foundation\\Http\\Kernel->handle()
#29 /home/alejandro/play-work/playgroup-admin---laravel/server.php(21): require_once('/home/alejandro...')
#30 {main}
"} 
[2025-05-18 23:54:15] local.ERROR: Trying to get property 'content' of non-object {"exception":"[object] (ErrorException(code: 0): Trying to get property 'content' of non-object at /home/alejandro/play-work/playgroup-admin---laravel/app/Http/Controllers/Api/ApiController.php:80)
[stacktrace]
#0 /home/alejandro/play-work/playgroup-admin---laravel/app/Http/Controllers/Api/ApiController.php(80): Illuminate\\Foundation\\Bootstrap\\HandleExceptions->handleError()
#1 /home/alejandro/play-work/playgroup-admin---laravel/vendor/laravel/framework/src/Illuminate/Routing/Controller.php(54): App\\Http\\Controllers\\Api\\ApiController->qualityProcessData()
#2 /home/alejandro/play-work/playgroup-admin---laravel/vendor/laravel/framework/src/Illuminate/Routing/ControllerDispatcher.php(45): Illuminate\\Routing\\Controller->callAction()
#3 /home/alejandro/play-work/playgroup-admin---laravel/vendor/laravel/framework/src/Illuminate/Routing/Route.php(219): Illuminate\\Routing\\ControllerDispatcher->dispatch()
#4 /home/alejandro/play-work/playgroup-admin---laravel/vendor/laravel/framework/src/Illuminate/Routing/Route.php(176): Illuminate\\Routing\\Route->runController()
#5 /home/alejandro/play-work/playgroup-admin---laravel/vendor/laravel/framework/src/Illuminate/Routing/Router.php(681): Illuminate\\Routing\\Route->run()
#6 /home/alejandro/play-work/playgroup-admin---laravel/vendor/laravel/framework/src/Illuminate/Pipeline/Pipeline.php(130): Illuminate\\Routing\\Router->Illuminate\\Routing\\{closure}()
#7 /home/alejandro/play-work/playgroup-admin---laravel/vendor/laravel/framework/src/Illuminate/Routing/Middleware/SubstituteBindings.php(41): Illuminate\\Pipeline\\Pipeline->Illuminate\\Pipeline\\{closure}()
#8 /home/alejandro/play-work/playgroup-admin---laravel/vendor/laravel/framework/src/Illuminate/Pipeline/Pipeline.php(171): Illuminate\\Routing\\Middleware\\SubstituteBindings->handle()
#9 /home/alejandro/play-work/playgroup-admin---laravel/vendor/laravel/framework/src/Illuminate/Pipeline/Pipeline.php(105): Illuminate\\Pipeline\\Pipeline->Illuminate\\Pipeline\\{closure}()
#10 /home/alejandro/play-work/playgroup-admin---laravel/vendor/laravel/framework/src/Illuminate/Routing/Router.php(683): Illuminate\\Pipeline\\Pipeline->then()
#11 /home/alejandro/play-work/playgroup-admin---laravel/vendor/laravel/framework/src/Illuminate/Routing/Router.php(658): Illuminate\\Routing\\Router->runRouteWithinStack()
#12 /home/alejandro/play-work/playgroup-admin---laravel/vendor/laravel/framework/src/Illuminate/Routing/Router.php(624): Illuminate\\Routing\\Router->runRoute()
#13 /home/alejandro/play-work/playgroup-admin---laravel/vendor/laravel/framework/src/Illuminate/Routing/Router.php(613): Illuminate\\Routing\\Router->dispatchToRoute()
#14 /home/alejandro/play-work/playgroup-admin---laravel/vendor/laravel/framework/src/Illuminate/Foundation/Http/Kernel.php(170): Illuminate\\Routing\\Router->dispatch()
#15 /home/alejandro/play-work/playgroup-admin---laravel/vendor/laravel/framework/src/Illuminate/Pipeline/Pipeline.php(130): Illuminate\\Foundation\\Http\\Kernel->Illuminate\\Foundation\\Http\\{closure}()
#16 /home/alejandro/play-work/playgroup-admin---laravel/vendor/laravel/framework/src/Illuminate/Foundation/Http/Middleware/TransformsRequest.php(21): Illuminate\\Pipeline\\Pipeline->Illuminate\\Pipeline\\{closure}()
#17 /home/alejandro/play-work/playgroup-admin---laravel/vendor/laravel/framework/src/Illuminate/Pipeline/Pipeline.php(171): Illuminate\\Foundation\\Http\\Middleware\\TransformsRequest->handle()
#18 /home/alejandro/play-work/playgroup-admin---laravel/vendor/laravel/framework/src/Illuminate/Foundation/Http/Middleware/TransformsRequest.php(21): Illuminate\\Pipeline\\Pipeline->Illuminate\\Pipeline\\{closure}()
#19 /home/alejandro/play-work/playgroup-admin---laravel/vendor/laravel/framework/src/Illuminate/Pipeline/Pipeline.php(171): Illuminate\\Foundation\\Http\\Middleware\\TransformsRequest->handle()
#20 /home/alejandro/play-work/playgroup-admin---laravel/vendor/laravel/framework/src/Illuminate/Foundation/Http/Middleware/ValidatePostSize.php(27): Illuminate\\Pipeline\\Pipeline->Illuminate\\Pipeline\\{closure}()
#21 /home/alejandro/play-work/playgroup-admin---laravel/vendor/laravel/framework/src/Illuminate/Pipeline/Pipeline.php(171): Illuminate\\Foundation\\Http\\Middleware\\ValidatePostSize->handle()
#22 /home/alejandro/play-work/playgroup-admin---laravel/vendor/laravel/framework/src/Illuminate/Foundation/Http/Middleware/CheckForMaintenanceMode.php(63): Illuminate\\Pipeline\\Pipeline->Illuminate\\Pipeline\\{closure}()
#23 /home/alejandro/play-work/playgroup-admin---laravel/vendor/laravel/framework/src/Illuminate/Pipeline/Pipeline.php(171): Illuminate\\Foundation\\Http\\Middleware\\CheckForMaintenanceMode->handle()
#24 /home/alejandro/play-work/playgroup-admin---laravel/vendor/fideloper/proxy/src/TrustProxies.php(57): Illuminate\\Pipeline\\Pipeline->Illuminate\\Pipeline\\{closure}()
#25 /home/alejandro/play-work/playgroup-admin---laravel/vendor/laravel/framework/src/Illuminate/Pipeline/Pipeline.php(171): Fideloper\\Proxy\\TrustProxies->handle()
#26 /home/alejandro/play-work/playgroup-admin---laravel/vendor/laravel/framework/src/Illuminate/Pipeline/Pipeline.php(105): Illuminate\\Pipeline\\Pipeline->Illuminate\\Pipeline\\{closure}()
#27 /home/alejandro/play-work/playgroup-admin---laravel/vendor/laravel/framework/src/Illuminate/Foundation/Http/Kernel.php(145): Illuminate\\Pipeline\\Pipeline->then()
#28 /home/alejandro/play-work/playgroup-admin---laravel/vendor/laravel/framework/src/Illuminate/Foundation/Http/Kernel.php(110): Illuminate\\Foundation\\Http\\Kernel->sendRequestThroughRouter()
#29 /home/alejandro/play-work/playgroup-admin---laravel/public/index.php(55): Illuminate\\Foundation\\Http\\Kernel->handle()
#30 /home/alejandro/play-work/playgroup-admin---laravel/server.php(21): require_once('/home/alejandro...')
#31 {main}
"} 
[2025-05-18 23:54:15] local.ERROR: Call to a member function unsetRelation() on null {"exception":"[object] (Symfony\\Component\\Debug\\Exception\\FatalThrowableError(code: 0): Call to a member function unsetRelation() on null at /home/alejandro/play-work/playgroup-admin---laravel/app/Http/Controllers/Api/PageController.php:45)
[stacktrace]
#0 /home/alejandro/play-work/playgroup-admin---laravel/vendor/laravel/framework/src/Illuminate/Routing/Controller.php(54): App\\Http\\Controllers\\Api\\PageController->getPodcasts()
#1 /home/alejandro/play-work/playgroup-admin---laravel/vendor/laravel/framework/src/Illuminate/Routing/ControllerDispatcher.php(45): Illuminate\\Routing\\Controller->callAction()
#2 /home/alejandro/play-work/playgroup-admin---laravel/vendor/laravel/framework/src/Illuminate/Routing/Route.php(219): Illuminate\\Routing\\ControllerDispatcher->dispatch()
#3 /home/alejandro/play-work/playgroup-admin---laravel/vendor/laravel/framework/src/Illuminate/Routing/Route.php(176): Illuminate\\Routing\\Route->runController()
#4 /home/alejandro/play-work/playgroup-admin---laravel/vendor/laravel/framework/src/Illuminate/Routing/Router.php(681): Illuminate\\Routing\\Route->run()
#5 /home/alejandro/play-work/playgroup-admin---laravel/vendor/laravel/framework/src/Illuminate/Pipeline/Pipeline.php(130): Illuminate\\Routing\\Router->Illuminate\\Routing\\{closure}()
#6 /home/alejandro/play-work/playgroup-admin---laravel/vendor/laravel/framework/src/Illuminate/Routing/Middleware/SubstituteBindings.php(41): Illuminate\\Pipeline\\Pipeline->Illuminate\\Pipeline\\{closure}()
#7 /home/alejandro/play-work/playgroup-admin---laravel/vendor/laravel/framework/src/Illuminate/Pipeline/Pipeline.php(171): Illuminate\\Routing\\Middleware\\SubstituteBindings->handle()
#8 /home/alejandro/play-work/playgroup-admin---laravel/vendor/laravel/framework/src/Illuminate/Pipeline/Pipeline.php(105): Illuminate\\Pipeline\\Pipeline->Illuminate\\Pipeline\\{closure}()
#9 /home/alejandro/play-work/playgroup-admin---laravel/vendor/laravel/framework/src/Illuminate/Routing/Router.php(683): Illuminate\\Pipeline\\Pipeline->then()
#10 /home/alejandro/play-work/playgroup-admin---laravel/vendor/laravel/framework/src/Illuminate/Routing/Router.php(658): Illuminate\\Routing\\Router->runRouteWithinStack()
#11 /home/alejandro/play-work/playgroup-admin---laravel/vendor/laravel/framework/src/Illuminate/Routing/Router.php(624): Illuminate\\Routing\\Router->runRoute()
#12 /home/alejandro/play-work/playgroup-admin---laravel/vendor/laravel/framework/src/Illuminate/Routing/Router.php(613): Illuminate\\Routing\\Router->dispatchToRoute()
#13 /home/alejandro/play-work/playgroup-admin---laravel/vendor/laravel/framework/src/Illuminate/Foundation/Http/Kernel.php(170): Illuminate\\Routing\\Router->dispatch()
#14 /home/alejandro/play-work/playgroup-admin---laravel/vendor/laravel/framework/src/Illuminate/Pipeline/Pipeline.php(130): Illuminate\\Foundation\\Http\\Kernel->Illuminate\\Foundation\\Http\\{closure}()
#15 /home/alejandro/play-work/playgroup-admin---laravel/vendor/laravel/framework/src/Illuminate/Foundation/Http/Middleware/TransformsRequest.php(21): Illuminate\\Pipeline\\Pipeline->Illuminate\\Pipeline\\{closure}()
#16 /home/alejandro/play-work/playgroup-admin---laravel/vendor/laravel/framework/src/Illuminate/Pipeline/Pipeline.php(171): Illuminate\\Foundation\\Http\\Middleware\\TransformsRequest->handle()
#17 /home/alejandro/play-work/playgroup-admin---laravel/vendor/laravel/framework/src/Illuminate/Foundation/Http/Middleware/TransformsRequest.php(21): Illuminate\\Pipeline\\Pipeline->Illuminate\\Pipeline\\{closure}()
#18 /home/alejandro/play-work/playgroup-admin---laravel/vendor/laravel/framework/src/Illuminate/Pipeline/Pipeline.php(171): Illuminate\\Foundation\\Http\\Middleware\\TransformsRequest->handle()
#19 /home/alejandro/play-work/playgroup-admin---laravel/vendor/laravel/framework/src/Illuminate/Foundation/Http/Middleware/ValidatePostSize.php(27): Illuminate\\Pipeline\\Pipeline->Illuminate\\Pipeline\\{closure}()
#20 /home/alejandro/play-work/playgroup-admin---laravel/vendor/laravel/framework/src/Illuminate/Pipeline/Pipeline.php(171): Illuminate\\Foundation\\Http\\Middleware\\ValidatePostSize->handle()
#21 /home/alejandro/play-work/playgroup-admin---laravel/vendor/laravel/framework/src/Illuminate/Foundation/Http/Middleware/CheckForMaintenanceMode.php(63): Illuminate\\Pipeline\\Pipeline->Illuminate\\Pipeline\\{closure}()
#22 /home/alejandro/play-work/playgroup-admin---laravel/vendor/laravel/framework/src/Illuminate/Pipeline/Pipeline.php(171): Illuminate\\Foundation\\Http\\Middleware\\CheckForMaintenanceMode->handle()
#23 /home/alejandro/play-work/playgroup-admin---laravel/vendor/fideloper/proxy/src/TrustProxies.php(57): Illuminate\\Pipeline\\Pipeline->Illuminate\\Pipeline\\{closure}()
#24 /home/alejandro/play-work/playgroup-admin---laravel/vendor/laravel/framework/src/Illuminate/Pipeline/Pipeline.php(171): Fideloper\\Proxy\\TrustProxies->handle()
#25 /home/alejandro/play-work/playgroup-admin---laravel/vendor/laravel/framework/src/Illuminate/Pipeline/Pipeline.php(105): Illuminate\\Pipeline\\Pipeline->Illuminate\\Pipeline\\{closure}()
#26 /home/alejandro/play-work/playgroup-admin---laravel/vendor/laravel/framework/src/Illuminate/Foundation/Http/Kernel.php(145): Illuminate\\Pipeline\\Pipeline->then()
#27 /home/alejandro/play-work/playgroup-admin---laravel/vendor/laravel/framework/src/Illuminate/Foundation/Http/Kernel.php(110): Illuminate\\Foundation\\Http\\Kernel->sendRequestThroughRouter()
#28 /home/alejandro/play-work/playgroup-admin---laravel/public/index.php(55): Illuminate\\Foundation\\Http\\Kernel->handle()
#29 /home/alejandro/play-work/playgroup-admin---laravel/server.php(21): require_once('/home/alejandro...')
#30 {main}
"} 
[2025-05-18 23:54:15] local.ERROR: Trying to get property 'content' of non-object {"exception":"[object] (ErrorException(code: 0): Trying to get property 'content' of non-object at /home/alejandro/play-work/playgroup-admin---laravel/app/Http/Controllers/Api/ApiController.php:80)
[stacktrace]
#0 /home/alejandro/play-work/playgroup-admin---laravel/app/Http/Controllers/Api/ApiController.php(80): Illuminate\\Foundation\\Bootstrap\\HandleExceptions->handleError()
#1 /home/alejandro/play-work/playgroup-admin---laravel/vendor/laravel/framework/src/Illuminate/Routing/Controller.php(54): App\\Http\\Controllers\\Api\\ApiController->qualityProcessData()
#2 /home/alejandro/play-work/playgroup-admin---laravel/vendor/laravel/framework/src/Illuminate/Routing/ControllerDispatcher.php(45): Illuminate\\Routing\\Controller->callAction()
#3 /home/alejandro/play-work/playgroup-admin---laravel/vendor/laravel/framework/src/Illuminate/Routing/Route.php(219): Illuminate\\Routing\\ControllerDispatcher->dispatch()
#4 /home/alejandro/play-work/playgroup-admin---laravel/vendor/laravel/framework/src/Illuminate/Routing/Route.php(176): Illuminate\\Routing\\Route->runController()
#5 /home/alejandro/play-work/playgroup-admin---laravel/vendor/laravel/framework/src/Illuminate/Routing/Router.php(681): Illuminate\\Routing\\Route->run()
#6 /home/alejandro/play-work/playgroup-admin---laravel/vendor/laravel/framework/src/Illuminate/Pipeline/Pipeline.php(130): Illuminate\\Routing\\Router->Illuminate\\Routing\\{closure}()
#7 /home/alejandro/play-work/playgroup-admin---laravel/vendor/laravel/framework/src/Illuminate/Routing/Middleware/SubstituteBindings.php(41): Illuminate\\Pipeline\\Pipeline->Illuminate\\Pipeline\\{closure}()
#8 /home/alejandro/play-work/playgroup-admin---laravel/vendor/laravel/framework/src/Illuminate/Pipeline/Pipeline.php(171): Illuminate\\Routing\\Middleware\\SubstituteBindings->handle()
#9 /home/alejandro/play-work/playgroup-admin---laravel/vendor/laravel/framework/src/Illuminate/Pipeline/Pipeline.php(105): Illuminate\\Pipeline\\Pipeline->Illuminate\\Pipeline\\{closure}()
#10 /home/alejandro/play-work/playgroup-admin---laravel/vendor/laravel/framework/src/Illuminate/Routing/Router.php(683): Illuminate\\Pipeline\\Pipeline->then()
#11 /home/alejandro/play-work/playgroup-admin---laravel/vendor/laravel/framework/src/Illuminate/Routing/Router.php(658): Illuminate\\Routing\\Router->runRouteWithinStack()
#12 /home/alejandro/play-work/playgroup-admin---laravel/vendor/laravel/framework/src/Illuminate/Routing/Router.php(624): Illuminate\\Routing\\Router->runRoute()
#13 /home/alejandro/play-work/playgroup-admin---laravel/vendor/laravel/framework/src/Illuminate/Routing/Router.php(613): Illuminate\\Routing\\Router->dispatchToRoute()
#14 /home/alejandro/play-work/playgroup-admin---laravel/vendor/laravel/framework/src/Illuminate/Foundation/Http/Kernel.php(170): Illuminate\\Routing\\Router->dispatch()
#15 /home/alejandro/play-work/playgroup-admin---laravel/vendor/laravel/framework/src/Illuminate/Pipeline/Pipeline.php(130): Illuminate\\Foundation\\Http\\Kernel->Illuminate\\Foundation\\Http\\{closure}()
#16 /home/alejandro/play-work/playgroup-admin---laravel/vendor/laravel/framework/src/Illuminate/Foundation/Http/Middleware/TransformsRequest.php(21): Illuminate\\Pipeline\\Pipeline->Illuminate\\Pipeline\\{closure}()
#17 /home/alejandro/play-work/playgroup-admin---laravel/vendor/laravel/framework/src/Illuminate/Pipeline/Pipeline.php(171): Illuminate\\Foundation\\Http\\Middleware\\TransformsRequest->handle()
#18 /home/alejandro/play-work/playgroup-admin---laravel/vendor/laravel/framework/src/Illuminate/Foundation/Http/Middleware/TransformsRequest.php(21): Illuminate\\Pipeline\\Pipeline->Illuminate\\Pipeline\\{closure}()
#19 /home/alejandro/play-work/playgroup-admin---laravel/vendor/laravel/framework/src/Illuminate/Pipeline/Pipeline.php(171): Illuminate\\Foundation\\Http\\Middleware\\TransformsRequest->handle()
#20 /home/alejandro/play-work/playgroup-admin---laravel/vendor/laravel/framework/src/Illuminate/Foundation/Http/Middleware/ValidatePostSize.php(27): Illuminate\\Pipeline\\Pipeline->Illuminate\\Pipeline\\{closure}()
#21 /home/alejandro/play-work/playgroup-admin---laravel/vendor/laravel/framework/src/Illuminate/Pipeline/Pipeline.php(171): Illuminate\\Foundation\\Http\\Middleware\\ValidatePostSize->handle()
#22 /home/alejandro/play-work/playgroup-admin---laravel/vendor/laravel/framework/src/Illuminate/Foundation/Http/Middleware/CheckForMaintenanceMode.php(63): Illuminate\\Pipeline\\Pipeline->Illuminate\\Pipeline\\{closure}()
#23 /home/alejandro/play-work/playgroup-admin---laravel/vendor/laravel/framework/src/Illuminate/Pipeline/Pipeline.php(171): Illuminate\\Foundation\\Http\\Middleware\\CheckForMaintenanceMode->handle()
#24 /home/alejandro/play-work/playgroup-admin---laravel/vendor/fideloper/proxy/src/TrustProxies.php(57): Illuminate\\Pipeline\\Pipeline->Illuminate\\Pipeline\\{closure}()
#25 /home/alejandro/play-work/playgroup-admin---laravel/vendor/laravel/framework/src/Illuminate/Pipeline/Pipeline.php(171): Fideloper\\Proxy\\TrustProxies->handle()
#26 /home/alejandro/play-work/playgroup-admin---laravel/vendor/laravel/framework/src/Illuminate/Pipeline/Pipeline.php(105): Illuminate\\Pipeline\\Pipeline->Illuminate\\Pipeline\\{closure}()
#27 /home/alejandro/play-work/playgroup-admin---laravel/vendor/laravel/framework/src/Illuminate/Foundation/Http/Kernel.php(145): Illuminate\\Pipeline\\Pipeline->then()
#28 /home/alejandro/play-work/playgroup-admin---laravel/vendor/laravel/framework/src/Illuminate/Foundation/Http/Kernel.php(110): Illuminate\\Foundation\\Http\\Kernel->sendRequestThroughRouter()
#29 /home/alejandro/play-work/playgroup-admin---laravel/public/index.php(55): Illuminate\\Foundation\\Http\\Kernel->handle()
#30 /home/alejandro/play-work/playgroup-admin---laravel/server.php(21): require_once('/home/alejandro...')
#31 {main}
"} 
[2025-05-18 23:55:15] local.ERROR: Call to a member function unsetRelation() on null {"exception":"[object] (Symfony\\Component\\Debug\\Exception\\FatalThrowableError(code: 0): Call to a member function unsetRelation() on null at /home/alejandro/play-work/playgroup-admin---laravel/app/Http/Controllers/Api/PageController.php:45)
[stacktrace]
#0 /home/alejandro/play-work/playgroup-admin---laravel/vendor/laravel/framework/src/Illuminate/Routing/Controller.php(54): App\\Http\\Controllers\\Api\\PageController->getPodcasts()
#1 /home/alejandro/play-work/playgroup-admin---laravel/vendor/laravel/framework/src/Illuminate/Routing/ControllerDispatcher.php(45): Illuminate\\Routing\\Controller->callAction()
#2 /home/alejandro/play-work/playgroup-admin---laravel/vendor/laravel/framework/src/Illuminate/Routing/Route.php(219): Illuminate\\Routing\\ControllerDispatcher->dispatch()
#3 /home/alejandro/play-work/playgroup-admin---laravel/vendor/laravel/framework/src/Illuminate/Routing/Route.php(176): Illuminate\\Routing\\Route->runController()
#4 /home/alejandro/play-work/playgroup-admin---laravel/vendor/laravel/framework/src/Illuminate/Routing/Router.php(681): Illuminate\\Routing\\Route->run()
#5 /home/alejandro/play-work/playgroup-admin---laravel/vendor/laravel/framework/src/Illuminate/Pipeline/Pipeline.php(130): Illuminate\\Routing\\Router->Illuminate\\Routing\\{closure}()
#6 /home/alejandro/play-work/playgroup-admin---laravel/vendor/laravel/framework/src/Illuminate/Routing/Middleware/SubstituteBindings.php(41): Illuminate\\Pipeline\\Pipeline->Illuminate\\Pipeline\\{closure}()
#7 /home/alejandro/play-work/playgroup-admin---laravel/vendor/laravel/framework/src/Illuminate/Pipeline/Pipeline.php(171): Illuminate\\Routing\\Middleware\\SubstituteBindings->handle()
#8 /home/alejandro/play-work/playgroup-admin---laravel/vendor/laravel/framework/src/Illuminate/Pipeline/Pipeline.php(105): Illuminate\\Pipeline\\Pipeline->Illuminate\\Pipeline\\{closure}()
#9 /home/alejandro/play-work/playgroup-admin---laravel/vendor/laravel/framework/src/Illuminate/Routing/Router.php(683): Illuminate\\Pipeline\\Pipeline->then()
#10 /home/alejandro/play-work/playgroup-admin---laravel/vendor/laravel/framework/src/Illuminate/Routing/Router.php(658): Illuminate\\Routing\\Router->runRouteWithinStack()
#11 /home/alejandro/play-work/playgroup-admin---laravel/vendor/laravel/framework/src/Illuminate/Routing/Router.php(624): Illuminate\\Routing\\Router->runRoute()
#12 /home/alejandro/play-work/playgroup-admin---laravel/vendor/laravel/framework/src/Illuminate/Routing/Router.php(613): Illuminate\\Routing\\Router->dispatchToRoute()
#13 /home/alejandro/play-work/playgroup-admin---laravel/vendor/laravel/framework/src/Illuminate/Foundation/Http/Kernel.php(170): Illuminate\\Routing\\Router->dispatch()
#14 /home/alejandro/play-work/playgroup-admin---laravel/vendor/laravel/framework/src/Illuminate/Pipeline/Pipeline.php(130): Illuminate\\Foundation\\Http\\Kernel->Illuminate\\Foundation\\Http\\{closure}()
#15 /home/alejandro/play-work/playgroup-admin---laravel/vendor/laravel/framework/src/Illuminate/Foundation/Http/Middleware/TransformsRequest.php(21): Illuminate\\Pipeline\\Pipeline->Illuminate\\Pipeline\\{closure}()
#16 /home/alejandro/play-work/playgroup-admin---laravel/vendor/laravel/framework/src/Illuminate/Pipeline/Pipeline.php(171): Illuminate\\Foundation\\Http\\Middleware\\TransformsRequest->handle()
#17 /home/alejandro/play-work/playgroup-admin---laravel/vendor/laravel/framework/src/Illuminate/Foundation/Http/Middleware/TransformsRequest.php(21): Illuminate\\Pipeline\\Pipeline->Illuminate\\Pipeline\\{closure}()
#18 /home/alejandro/play-work/playgroup-admin---laravel/vendor/laravel/framework/src/Illuminate/Pipeline/Pipeline.php(171): Illuminate\\Foundation\\Http\\Middleware\\TransformsRequest->handle()
#19 /home/alejandro/play-work/playgroup-admin---laravel/vendor/laravel/framework/src/Illuminate/Foundation/Http/Middleware/ValidatePostSize.php(27): Illuminate\\Pipeline\\Pipeline->Illuminate\\Pipeline\\{closure}()
#20 /home/alejandro/play-work/playgroup-admin---laravel/vendor/laravel/framework/src/Illuminate/Pipeline/Pipeline.php(171): Illuminate\\Foundation\\Http\\Middleware\\ValidatePostSize->handle()
#21 /home/alejandro/play-work/playgroup-admin---laravel/vendor/laravel/framework/src/Illuminate/Foundation/Http/Middleware/CheckForMaintenanceMode.php(63): Illuminate\\Pipeline\\Pipeline->Illuminate\\Pipeline\\{closure}()
#22 /home/alejandro/play-work/playgroup-admin---laravel/vendor/laravel/framework/src/Illuminate/Pipeline/Pipeline.php(171): Illuminate\\Foundation\\Http\\Middleware\\CheckForMaintenanceMode->handle()
#23 /home/alejandro/play-work/playgroup-admin---laravel/vendor/fideloper/proxy/src/TrustProxies.php(57): Illuminate\\Pipeline\\Pipeline->Illuminate\\Pipeline\\{closure}()
#24 /home/alejandro/play-work/playgroup-admin---laravel/vendor/laravel/framework/src/Illuminate/Pipeline/Pipeline.php(171): Fideloper\\Proxy\\TrustProxies->handle()
#25 /home/alejandro/play-work/playgroup-admin---laravel/vendor/laravel/framework/src/Illuminate/Pipeline/Pipeline.php(105): Illuminate\\Pipeline\\Pipeline->Illuminate\\Pipeline\\{closure}()
#26 /home/alejandro/play-work/playgroup-admin---laravel/vendor/laravel/framework/src/Illuminate/Foundation/Http/Kernel.php(145): Illuminate\\Pipeline\\Pipeline->then()
#27 /home/alejandro/play-work/playgroup-admin---laravel/vendor/laravel/framework/src/Illuminate/Foundation/Http/Kernel.php(110): Illuminate\\Foundation\\Http\\Kernel->sendRequestThroughRouter()
#28 /home/alejandro/play-work/playgroup-admin---laravel/public/index.php(55): Illuminate\\Foundation\\Http\\Kernel->handle()
#29 /home/alejandro/play-work/playgroup-admin---laravel/server.php(21): require_once('/home/alejandro...')
#30 {main}
"} 
[2025-05-18 23:55:15] local.ERROR: Trying to get property 'content' of non-object {"exception":"[object] (ErrorException(code: 0): Trying to get property 'content' of non-object at /home/alejandro/play-work/playgroup-admin---laravel/app/Http/Controllers/Api/ApiController.php:80)
[stacktrace]
#0 /home/alejandro/play-work/playgroup-admin---laravel/app/Http/Controllers/Api/ApiController.php(80): Illuminate\\Foundation\\Bootstrap\\HandleExceptions->handleError()
#1 /home/alejandro/play-work/playgroup-admin---laravel/vendor/laravel/framework/src/Illuminate/Routing/Controller.php(54): App\\Http\\Controllers\\Api\\ApiController->qualityProcessData()
#2 /home/alejandro/play-work/playgroup-admin---laravel/vendor/laravel/framework/src/Illuminate/Routing/ControllerDispatcher.php(45): Illuminate\\Routing\\Controller->callAction()
#3 /home/alejandro/play-work/playgroup-admin---laravel/vendor/laravel/framework/src/Illuminate/Routing/Route.php(219): Illuminate\\Routing\\ControllerDispatcher->dispatch()
#4 /home/alejandro/play-work/playgroup-admin---laravel/vendor/laravel/framework/src/Illuminate/Routing/Route.php(176): Illuminate\\Routing\\Route->runController()
#5 /home/alejandro/play-work/playgroup-admin---laravel/vendor/laravel/framework/src/Illuminate/Routing/Router.php(681): Illuminate\\Routing\\Route->run()
#6 /home/alejandro/play-work/playgroup-admin---laravel/vendor/laravel/framework/src/Illuminate/Pipeline/Pipeline.php(130): Illuminate\\Routing\\Router->Illuminate\\Routing\\{closure}()
#7 /home/alejandro/play-work/playgroup-admin---laravel/vendor/laravel/framework/src/Illuminate/Routing/Middleware/SubstituteBindings.php(41): Illuminate\\Pipeline\\Pipeline->Illuminate\\Pipeline\\{closure}()
#8 /home/alejandro/play-work/playgroup-admin---laravel/vendor/laravel/framework/src/Illuminate/Pipeline/Pipeline.php(171): Illuminate\\Routing\\Middleware\\SubstituteBindings->handle()
#9 /home/alejandro/play-work/playgroup-admin---laravel/vendor/laravel/framework/src/Illuminate/Pipeline/Pipeline.php(105): Illuminate\\Pipeline\\Pipeline->Illuminate\\Pipeline\\{closure}()
#10 /home/alejandro/play-work/playgroup-admin---laravel/vendor/laravel/framework/src/Illuminate/Routing/Router.php(683): Illuminate\\Pipeline\\Pipeline->then()
#11 /home/alejandro/play-work/playgroup-admin---laravel/vendor/laravel/framework/src/Illuminate/Routing/Router.php(658): Illuminate\\Routing\\Router->runRouteWithinStack()
#12 /home/alejandro/play-work/playgroup-admin---laravel/vendor/laravel/framework/src/Illuminate/Routing/Router.php(624): Illuminate\\Routing\\Router->runRoute()
#13 /home/alejandro/play-work/playgroup-admin---laravel/vendor/laravel/framework/src/Illuminate/Routing/Router.php(613): Illuminate\\Routing\\Router->dispatchToRoute()
#14 /home/alejandro/play-work/playgroup-admin---laravel/vendor/laravel/framework/src/Illuminate/Foundation/Http/Kernel.php(170): Illuminate\\Routing\\Router->dispatch()
#15 /home/alejandro/play-work/playgroup-admin---laravel/vendor/laravel/framework/src/Illuminate/Pipeline/Pipeline.php(130): Illuminate\\Foundation\\Http\\Kernel->Illuminate\\Foundation\\Http\\{closure}()
#16 /home/alejandro/play-work/playgroup-admin---laravel/vendor/laravel/framework/src/Illuminate/Foundation/Http/Middleware/TransformsRequest.php(21): Illuminate\\Pipeline\\Pipeline->Illuminate\\Pipeline\\{closure}()
#17 /home/alejandro/play-work/playgroup-admin---laravel/vendor/laravel/framework/src/Illuminate/Pipeline/Pipeline.php(171): Illuminate\\Foundation\\Http\\Middleware\\TransformsRequest->handle()
#18 /home/alejandro/play-work/playgroup-admin---laravel/vendor/laravel/framework/src/Illuminate/Foundation/Http/Middleware/TransformsRequest.php(21): Illuminate\\Pipeline\\Pipeline->Illuminate\\Pipeline\\{closure}()
#19 /home/alejandro/play-work/playgroup-admin---laravel/vendor/laravel/framework/src/Illuminate/Pipeline/Pipeline.php(171): Illuminate\\Foundation\\Http\\Middleware\\TransformsRequest->handle()
#20 /home/alejandro/play-work/playgroup-admin---laravel/vendor/laravel/framework/src/Illuminate/Foundation/Http/Middleware/ValidatePostSize.php(27): Illuminate\\Pipeline\\Pipeline->Illuminate\\Pipeline\\{closure}()
#21 /home/alejandro/play-work/playgroup-admin---laravel/vendor/laravel/framework/src/Illuminate/Pipeline/Pipeline.php(171): Illuminate\\Foundation\\Http\\Middleware\\ValidatePostSize->handle()
#22 /home/alejandro/play-work/playgroup-admin---laravel/vendor/laravel/framework/src/Illuminate/Foundation/Http/Middleware/CheckForMaintenanceMode.php(63): Illuminate\\Pipeline\\Pipeline->Illuminate\\Pipeline\\{closure}()
#23 /home/alejandro/play-work/playgroup-admin---laravel/vendor/laravel/framework/src/Illuminate/Pipeline/Pipeline.php(171): Illuminate\\Foundation\\Http\\Middleware\\CheckForMaintenanceMode->handle()
#24 /home/alejandro/play-work/playgroup-admin---laravel/vendor/fideloper/proxy/src/TrustProxies.php(57): Illuminate\\Pipeline\\Pipeline->Illuminate\\Pipeline\\{closure}()
#25 /home/alejandro/play-work/playgroup-admin---laravel/vendor/laravel/framework/src/Illuminate/Pipeline/Pipeline.php(171): Fideloper\\Proxy\\TrustProxies->handle()
#26 /home/alejandro/play-work/playgroup-admin---laravel/vendor/laravel/framework/src/Illuminate/Pipeline/Pipeline.php(105): Illuminate\\Pipeline\\Pipeline->Illuminate\\Pipeline\\{closure}()
#27 /home/alejandro/play-work/playgroup-admin---laravel/vendor/laravel/framework/src/Illuminate/Foundation/Http/Kernel.php(145): Illuminate\\Pipeline\\Pipeline->then()
#28 /home/alejandro/play-work/playgroup-admin---laravel/vendor/laravel/framework/src/Illuminate/Foundation/Http/Kernel.php(110): Illuminate\\Foundation\\Http\\Kernel->sendRequestThroughRouter()
#29 /home/alejandro/play-work/playgroup-admin---laravel/public/index.php(55): Illuminate\\Foundation\\Http\\Kernel->handle()
#30 /home/alejandro/play-work/playgroup-admin---laravel/server.php(21): require_once('/home/alejandro...')
#31 {main}
"} 
[2025-05-18 23:55:15] local.ERROR: Call to a member function unsetRelation() on null {"exception":"[object] (Symfony\\Component\\Debug\\Exception\\FatalThrowableError(code: 0): Call to a member function unsetRelation() on null at /home/alejandro/play-work/playgroup-admin---laravel/app/Http/Controllers/Api/PageController.php:45)
[stacktrace]
#0 /home/alejandro/play-work/playgroup-admin---laravel/vendor/laravel/framework/src/Illuminate/Routing/Controller.php(54): App\\Http\\Controllers\\Api\\PageController->getPodcasts()
#1 /home/alejandro/play-work/playgroup-admin---laravel/vendor/laravel/framework/src/Illuminate/Routing/ControllerDispatcher.php(45): Illuminate\\Routing\\Controller->callAction()
#2 /home/alejandro/play-work/playgroup-admin---laravel/vendor/laravel/framework/src/Illuminate/Routing/Route.php(219): Illuminate\\Routing\\ControllerDispatcher->dispatch()
#3 /home/alejandro/play-work/playgroup-admin---laravel/vendor/laravel/framework/src/Illuminate/Routing/Route.php(176): Illuminate\\Routing\\Route->runController()
#4 /home/alejandro/play-work/playgroup-admin---laravel/vendor/laravel/framework/src/Illuminate/Routing/Router.php(681): Illuminate\\Routing\\Route->run()
#5 /home/alejandro/play-work/playgroup-admin---laravel/vendor/laravel/framework/src/Illuminate/Pipeline/Pipeline.php(130): Illuminate\\Routing\\Router->Illuminate\\Routing\\{closure}()
#6 /home/alejandro/play-work/playgroup-admin---laravel/vendor/laravel/framework/src/Illuminate/Routing/Middleware/SubstituteBindings.php(41): Illuminate\\Pipeline\\Pipeline->Illuminate\\Pipeline\\{closure}()
#7 /home/alejandro/play-work/playgroup-admin---laravel/vendor/laravel/framework/src/Illuminate/Pipeline/Pipeline.php(171): Illuminate\\Routing\\Middleware\\SubstituteBindings->handle()
#8 /home/alejandro/play-work/playgroup-admin---laravel/vendor/laravel/framework/src/Illuminate/Pipeline/Pipeline.php(105): Illuminate\\Pipeline\\Pipeline->Illuminate\\Pipeline\\{closure}()
#9 /home/alejandro/play-work/playgroup-admin---laravel/vendor/laravel/framework/src/Illuminate/Routing/Router.php(683): Illuminate\\Pipeline\\Pipeline->then()
#10 /home/alejandro/play-work/playgroup-admin---laravel/vendor/laravel/framework/src/Illuminate/Routing/Router.php(658): Illuminate\\Routing\\Router->runRouteWithinStack()
#11 /home/alejandro/play-work/playgroup-admin---laravel/vendor/laravel/framework/src/Illuminate/Routing/Router.php(624): Illuminate\\Routing\\Router->runRoute()
#12 /home/alejandro/play-work/playgroup-admin---laravel/vendor/laravel/framework/src/Illuminate/Routing/Router.php(613): Illuminate\\Routing\\Router->dispatchToRoute()
#13 /home/alejandro/play-work/playgroup-admin---laravel/vendor/laravel/framework/src/Illuminate/Foundation/Http/Kernel.php(170): Illuminate\\Routing\\Router->dispatch()
#14 /home/alejandro/play-work/playgroup-admin---laravel/vendor/laravel/framework/src/Illuminate/Pipeline/Pipeline.php(130): Illuminate\\Foundation\\Http\\Kernel->Illuminate\\Foundation\\Http\\{closure}()
#15 /home/alejandro/play-work/playgroup-admin---laravel/vendor/laravel/framework/src/Illuminate/Foundation/Http/Middleware/TransformsRequest.php(21): Illuminate\\Pipeline\\Pipeline->Illuminate\\Pipeline\\{closure}()
#16 /home/alejandro/play-work/playgroup-admin---laravel/vendor/laravel/framework/src/Illuminate/Pipeline/Pipeline.php(171): Illuminate\\Foundation\\Http\\Middleware\\TransformsRequest->handle()
#17 /home/alejandro/play-work/playgroup-admin---laravel/vendor/laravel/framework/src/Illuminate/Foundation/Http/Middleware/TransformsRequest.php(21): Illuminate\\Pipeline\\Pipeline->Illuminate\\Pipeline\\{closure}()
#18 /home/alejandro/play-work/playgroup-admin---laravel/vendor/laravel/framework/src/Illuminate/Pipeline/Pipeline.php(171): Illuminate\\Foundation\\Http\\Middleware\\TransformsRequest->handle()
#19 /home/alejandro/play-work/playgroup-admin---laravel/vendor/laravel/framework/src/Illuminate/Foundation/Http/Middleware/ValidatePostSize.php(27): Illuminate\\Pipeline\\Pipeline->Illuminate\\Pipeline\\{closure}()
#20 /home/alejandro/play-work/playgroup-admin---laravel/vendor/laravel/framework/src/Illuminate/Pipeline/Pipeline.php(171): Illuminate\\Foundation\\Http\\Middleware\\ValidatePostSize->handle()
#21 /home/alejandro/play-work/playgroup-admin---laravel/vendor/laravel/framework/src/Illuminate/Foundation/Http/Middleware/CheckForMaintenanceMode.php(63): Illuminate\\Pipeline\\Pipeline->Illuminate\\Pipeline\\{closure}()
#22 /home/alejandro/play-work/playgroup-admin---laravel/vendor/laravel/framework/src/Illuminate/Pipeline/Pipeline.php(171): Illuminate\\Foundation\\Http\\Middleware\\CheckForMaintenanceMode->handle()
#23 /home/alejandro/play-work/playgroup-admin---laravel/vendor/fideloper/proxy/src/TrustProxies.php(57): Illuminate\\Pipeline\\Pipeline->Illuminate\\Pipeline\\{closure}()
#24 /home/alejandro/play-work/playgroup-admin---laravel/vendor/laravel/framework/src/Illuminate/Pipeline/Pipeline.php(171): Fideloper\\Proxy\\TrustProxies->handle()
#25 /home/alejandro/play-work/playgroup-admin---laravel/vendor/laravel/framework/src/Illuminate/Pipeline/Pipeline.php(105): Illuminate\\Pipeline\\Pipeline->Illuminate\\Pipeline\\{closure}()
#26 /home/alejandro/play-work/playgroup-admin---laravel/vendor/laravel/framework/src/Illuminate/Foundation/Http/Kernel.php(145): Illuminate\\Pipeline\\Pipeline->then()
#27 /home/alejandro/play-work/playgroup-admin---laravel/vendor/laravel/framework/src/Illuminate/Foundation/Http/Kernel.php(110): Illuminate\\Foundation\\Http\\Kernel->sendRequestThroughRouter()
#28 /home/alejandro/play-work/playgroup-admin---laravel/public/index.php(55): Illuminate\\Foundation\\Http\\Kernel->handle()
#29 /home/alejandro/play-work/playgroup-admin---laravel/server.php(21): require_once('/home/alejandro...')
#30 {main}
"} 
[2025-05-18 23:55:15] local.ERROR: Trying to get property 'content' of non-object {"exception":"[object] (ErrorException(code: 0): Trying to get property 'content' of non-object at /home/alejandro/play-work/playgroup-admin---laravel/app/Http/Controllers/Api/ApiController.php:80)
[stacktrace]
#0 /home/alejandro/play-work/playgroup-admin---laravel/app/Http/Controllers/Api/ApiController.php(80): Illuminate\\Foundation\\Bootstrap\\HandleExceptions->handleError()
#1 /home/alejandro/play-work/playgroup-admin---laravel/vendor/laravel/framework/src/Illuminate/Routing/Controller.php(54): App\\Http\\Controllers\\Api\\ApiController->qualityProcessData()
#2 /home/alejandro/play-work/playgroup-admin---laravel/vendor/laravel/framework/src/Illuminate/Routing/ControllerDispatcher.php(45): Illuminate\\Routing\\Controller->callAction()
#3 /home/alejandro/play-work/playgroup-admin---laravel/vendor/laravel/framework/src/Illuminate/Routing/Route.php(219): Illuminate\\Routing\\ControllerDispatcher->dispatch()
#4 /home/alejandro/play-work/playgroup-admin---laravel/vendor/laravel/framework/src/Illuminate/Routing/Route.php(176): Illuminate\\Routing\\Route->runController()
#5 /home/alejandro/play-work/playgroup-admin---laravel/vendor/laravel/framework/src/Illuminate/Routing/Router.php(681): Illuminate\\Routing\\Route->run()
#6 /home/alejandro/play-work/playgroup-admin---laravel/vendor/laravel/framework/src/Illuminate/Pipeline/Pipeline.php(130): Illuminate\\Routing\\Router->Illuminate\\Routing\\{closure}()
#7 /home/alejandro/play-work/playgroup-admin---laravel/vendor/laravel/framework/src/Illuminate/Routing/Middleware/SubstituteBindings.php(41): Illuminate\\Pipeline\\Pipeline->Illuminate\\Pipeline\\{closure}()
#8 /home/alejandro/play-work/playgroup-admin---laravel/vendor/laravel/framework/src/Illuminate/Pipeline/Pipeline.php(171): Illuminate\\Routing\\Middleware\\SubstituteBindings->handle()
#9 /home/alejandro/play-work/playgroup-admin---laravel/vendor/laravel/framework/src/Illuminate/Pipeline/Pipeline.php(105): Illuminate\\Pipeline\\Pipeline->Illuminate\\Pipeline\\{closure}()
#10 /home/alejandro/play-work/playgroup-admin---laravel/vendor/laravel/framework/src/Illuminate/Routing/Router.php(683): Illuminate\\Pipeline\\Pipeline->then()
#11 /home/alejandro/play-work/playgroup-admin---laravel/vendor/laravel/framework/src/Illuminate/Routing/Router.php(658): Illuminate\\Routing\\Router->runRouteWithinStack()
#12 /home/alejandro/play-work/playgroup-admin---laravel/vendor/laravel/framework/src/Illuminate/Routing/Router.php(624): Illuminate\\Routing\\Router->runRoute()
#13 /home/alejandro/play-work/playgroup-admin---laravel/vendor/laravel/framework/src/Illuminate/Routing/Router.php(613): Illuminate\\Routing\\Router->dispatchToRoute()
#14 /home/alejandro/play-work/playgroup-admin---laravel/vendor/laravel/framework/src/Illuminate/Foundation/Http/Kernel.php(170): Illuminate\\Routing\\Router->dispatch()
#15 /home/alejandro/play-work/playgroup-admin---laravel/vendor/laravel/framework/src/Illuminate/Pipeline/Pipeline.php(130): Illuminate\\Foundation\\Http\\Kernel->Illuminate\\Foundation\\Http\\{closure}()
#16 /home/alejandro/play-work/playgroup-admin---laravel/vendor/laravel/framework/src/Illuminate/Foundation/Http/Middleware/TransformsRequest.php(21): Illuminate\\Pipeline\\Pipeline->Illuminate\\Pipeline\\{closure}()
#17 /home/alejandro/play-work/playgroup-admin---laravel/vendor/laravel/framework/src/Illuminate/Pipeline/Pipeline.php(171): Illuminate\\Foundation\\Http\\Middleware\\TransformsRequest->handle()
#18 /home/alejandro/play-work/playgroup-admin---laravel/vendor/laravel/framework/src/Illuminate/Foundation/Http/Middleware/TransformsRequest.php(21): Illuminate\\Pipeline\\Pipeline->Illuminate\\Pipeline\\{closure}()
#19 /home/alejandro/play-work/playgroup-admin---laravel/vendor/laravel/framework/src/Illuminate/Pipeline/Pipeline.php(171): Illuminate\\Foundation\\Http\\Middleware\\TransformsRequest->handle()
#20 /home/alejandro/play-work/playgroup-admin---laravel/vendor/laravel/framework/src/Illuminate/Foundation/Http/Middleware/ValidatePostSize.php(27): Illuminate\\Pipeline\\Pipeline->Illuminate\\Pipeline\\{closure}()
#21 /home/alejandro/play-work/playgroup-admin---laravel/vendor/laravel/framework/src/Illuminate/Pipeline/Pipeline.php(171): Illuminate\\Foundation\\Http\\Middleware\\ValidatePostSize->handle()
#22 /home/alejandro/play-work/playgroup-admin---laravel/vendor/laravel/framework/src/Illuminate/Foundation/Http/Middleware/CheckForMaintenanceMode.php(63): Illuminate\\Pipeline\\Pipeline->Illuminate\\Pipeline\\{closure}()
#23 /home/alejandro/play-work/playgroup-admin---laravel/vendor/laravel/framework/src/Illuminate/Pipeline/Pipeline.php(171): Illuminate\\Foundation\\Http\\Middleware\\CheckForMaintenanceMode->handle()
#24 /home/alejandro/play-work/playgroup-admin---laravel/vendor/fideloper/proxy/src/TrustProxies.php(57): Illuminate\\Pipeline\\Pipeline->Illuminate\\Pipeline\\{closure}()
#25 /home/alejandro/play-work/playgroup-admin---laravel/vendor/laravel/framework/src/Illuminate/Pipeline/Pipeline.php(171): Fideloper\\Proxy\\TrustProxies->handle()
#26 /home/alejandro/play-work/playgroup-admin---laravel/vendor/laravel/framework/src/Illuminate/Pipeline/Pipeline.php(105): Illuminate\\Pipeline\\Pipeline->Illuminate\\Pipeline\\{closure}()
#27 /home/alejandro/play-work/playgroup-admin---laravel/vendor/laravel/framework/src/Illuminate/Foundation/Http/Kernel.php(145): Illuminate\\Pipeline\\Pipeline->then()
#28 /home/alejandro/play-work/playgroup-admin---laravel/vendor/laravel/framework/src/Illuminate/Foundation/Http/Kernel.php(110): Illuminate\\Foundation\\Http\\Kernel->sendRequestThroughRouter()
#29 /home/alejandro/play-work/playgroup-admin---laravel/public/index.php(55): Illuminate\\Foundation\\Http\\Kernel->handle()
#30 /home/alejandro/play-work/playgroup-admin---laravel/server.php(21): require_once('/home/alejandro...')
#31 {main}
"} 
[2025-05-18 23:56:13] local.ERROR: Call to a member function unsetRelation() on null {"exception":"[object] (Symfony\\Component\\Debug\\Exception\\FatalThrowableError(code: 0): Call to a member function unsetRelation() on null at /home/alejandro/play-work/playgroup-admin---laravel/app/Http/Controllers/Api/PageController.php:45)
[stacktrace]
#0 /home/alejandro/play-work/playgroup-admin---laravel/vendor/laravel/framework/src/Illuminate/Routing/Controller.php(54): App\\Http\\Controllers\\Api\\PageController->getPodcasts()
#1 /home/alejandro/play-work/playgroup-admin---laravel/vendor/laravel/framework/src/Illuminate/Routing/ControllerDispatcher.php(45): Illuminate\\Routing\\Controller->callAction()
#2 /home/alejandro/play-work/playgroup-admin---laravel/vendor/laravel/framework/src/Illuminate/Routing/Route.php(219): Illuminate\\Routing\\ControllerDispatcher->dispatch()
#3 /home/alejandro/play-work/playgroup-admin---laravel/vendor/laravel/framework/src/Illuminate/Routing/Route.php(176): Illuminate\\Routing\\Route->runController()
#4 /home/alejandro/play-work/playgroup-admin---laravel/vendor/laravel/framework/src/Illuminate/Routing/Router.php(681): Illuminate\\Routing\\Route->run()
#5 /home/alejandro/play-work/playgroup-admin---laravel/vendor/laravel/framework/src/Illuminate/Pipeline/Pipeline.php(130): Illuminate\\Routing\\Router->Illuminate\\Routing\\{closure}()
#6 /home/alejandro/play-work/playgroup-admin---laravel/vendor/laravel/framework/src/Illuminate/Routing/Middleware/SubstituteBindings.php(41): Illuminate\\Pipeline\\Pipeline->Illuminate\\Pipeline\\{closure}()
#7 /home/alejandro/play-work/playgroup-admin---laravel/vendor/laravel/framework/src/Illuminate/Pipeline/Pipeline.php(171): Illuminate\\Routing\\Middleware\\SubstituteBindings->handle()
#8 /home/alejandro/play-work/playgroup-admin---laravel/vendor/laravel/framework/src/Illuminate/Pipeline/Pipeline.php(105): Illuminate\\Pipeline\\Pipeline->Illuminate\\Pipeline\\{closure}()
#9 /home/alejandro/play-work/playgroup-admin---laravel/vendor/laravel/framework/src/Illuminate/Routing/Router.php(683): Illuminate\\Pipeline\\Pipeline->then()
#10 /home/alejandro/play-work/playgroup-admin---laravel/vendor/laravel/framework/src/Illuminate/Routing/Router.php(658): Illuminate\\Routing\\Router->runRouteWithinStack()
#11 /home/alejandro/play-work/playgroup-admin---laravel/vendor/laravel/framework/src/Illuminate/Routing/Router.php(624): Illuminate\\Routing\\Router->runRoute()
#12 /home/alejandro/play-work/playgroup-admin---laravel/vendor/laravel/framework/src/Illuminate/Routing/Router.php(613): Illuminate\\Routing\\Router->dispatchToRoute()
#13 /home/alejandro/play-work/playgroup-admin---laravel/vendor/laravel/framework/src/Illuminate/Foundation/Http/Kernel.php(170): Illuminate\\Routing\\Router->dispatch()
#14 /home/alejandro/play-work/playgroup-admin---laravel/vendor/laravel/framework/src/Illuminate/Pipeline/Pipeline.php(130): Illuminate\\Foundation\\Http\\Kernel->Illuminate\\Foundation\\Http\\{closure}()
#15 /home/alejandro/play-work/playgroup-admin---laravel/vendor/laravel/framework/src/Illuminate/Foundation/Http/Middleware/TransformsRequest.php(21): Illuminate\\Pipeline\\Pipeline->Illuminate\\Pipeline\\{closure}()
#16 /home/alejandro/play-work/playgroup-admin---laravel/vendor/laravel/framework/src/Illuminate/Pipeline/Pipeline.php(171): Illuminate\\Foundation\\Http\\Middleware\\TransformsRequest->handle()
#17 /home/alejandro/play-work/playgroup-admin---laravel/vendor/laravel/framework/src/Illuminate/Foundation/Http/Middleware/TransformsRequest.php(21): Illuminate\\Pipeline\\Pipeline->Illuminate\\Pipeline\\{closure}()
#18 /home/alejandro/play-work/playgroup-admin---laravel/vendor/laravel/framework/src/Illuminate/Pipeline/Pipeline.php(171): Illuminate\\Foundation\\Http\\Middleware\\TransformsRequest->handle()
#19 /home/alejandro/play-work/playgroup-admin---laravel/vendor/laravel/framework/src/Illuminate/Foundation/Http/Middleware/ValidatePostSize.php(27): Illuminate\\Pipeline\\Pipeline->Illuminate\\Pipeline\\{closure}()
#20 /home/alejandro/play-work/playgroup-admin---laravel/vendor/laravel/framework/src/Illuminate/Pipeline/Pipeline.php(171): Illuminate\\Foundation\\Http\\Middleware\\ValidatePostSize->handle()
#21 /home/alejandro/play-work/playgroup-admin---laravel/vendor/laravel/framework/src/Illuminate/Foundation/Http/Middleware/CheckForMaintenanceMode.php(63): Illuminate\\Pipeline\\Pipeline->Illuminate\\Pipeline\\{closure}()
#22 /home/alejandro/play-work/playgroup-admin---laravel/vendor/laravel/framework/src/Illuminate/Pipeline/Pipeline.php(171): Illuminate\\Foundation\\Http\\Middleware\\CheckForMaintenanceMode->handle()
#23 /home/alejandro/play-work/playgroup-admin---laravel/vendor/fideloper/proxy/src/TrustProxies.php(57): Illuminate\\Pipeline\\Pipeline->Illuminate\\Pipeline\\{closure}()
#24 /home/alejandro/play-work/playgroup-admin---laravel/vendor/laravel/framework/src/Illuminate/Pipeline/Pipeline.php(171): Fideloper\\Proxy\\TrustProxies->handle()
#25 /home/alejandro/play-work/playgroup-admin---laravel/vendor/laravel/framework/src/Illuminate/Pipeline/Pipeline.php(105): Illuminate\\Pipeline\\Pipeline->Illuminate\\Pipeline\\{closure}()
#26 /home/alejandro/play-work/playgroup-admin---laravel/vendor/laravel/framework/src/Illuminate/Foundation/Http/Kernel.php(145): Illuminate\\Pipeline\\Pipeline->then()
#27 /home/alejandro/play-work/playgroup-admin---laravel/vendor/laravel/framework/src/Illuminate/Foundation/Http/Kernel.php(110): Illuminate\\Foundation\\Http\\Kernel->sendRequestThroughRouter()
#28 /home/alejandro/play-work/playgroup-admin---laravel/public/index.php(55): Illuminate\\Foundation\\Http\\Kernel->handle()
#29 /home/alejandro/play-work/playgroup-admin---laravel/server.php(21): require_once('/home/alejandro...')
#30 {main}
"} 
[2025-05-18 23:56:13] local.ERROR: Trying to get property 'content' of non-object {"exception":"[object] (ErrorException(code: 0): Trying to get property 'content' of non-object at /home/alejandro/play-work/playgroup-admin---laravel/app/Http/Controllers/Api/ApiController.php:80)
[stacktrace]
#0 /home/alejandro/play-work/playgroup-admin---laravel/app/Http/Controllers/Api/ApiController.php(80): Illuminate\\Foundation\\Bootstrap\\HandleExceptions->handleError()
#1 /home/alejandro/play-work/playgroup-admin---laravel/vendor/laravel/framework/src/Illuminate/Routing/Controller.php(54): App\\Http\\Controllers\\Api\\ApiController->qualityProcessData()
#2 /home/alejandro/play-work/playgroup-admin---laravel/vendor/laravel/framework/src/Illuminate/Routing/ControllerDispatcher.php(45): Illuminate\\Routing\\Controller->callAction()
#3 /home/alejandro/play-work/playgroup-admin---laravel/vendor/laravel/framework/src/Illuminate/Routing/Route.php(219): Illuminate\\Routing\\ControllerDispatcher->dispatch()
#4 /home/alejandro/play-work/playgroup-admin---laravel/vendor/laravel/framework/src/Illuminate/Routing/Route.php(176): Illuminate\\Routing\\Route->runController()
#5 /home/alejandro/play-work/playgroup-admin---laravel/vendor/laravel/framework/src/Illuminate/Routing/Router.php(681): Illuminate\\Routing\\Route->run()
#6 /home/alejandro/play-work/playgroup-admin---laravel/vendor/laravel/framework/src/Illuminate/Pipeline/Pipeline.php(130): Illuminate\\Routing\\Router->Illuminate\\Routing\\{closure}()
#7 /home/alejandro/play-work/playgroup-admin---laravel/vendor/laravel/framework/src/Illuminate/Routing/Middleware/SubstituteBindings.php(41): Illuminate\\Pipeline\\Pipeline->Illuminate\\Pipeline\\{closure}()
#8 /home/alejandro/play-work/playgroup-admin---laravel/vendor/laravel/framework/src/Illuminate/Pipeline/Pipeline.php(171): Illuminate\\Routing\\Middleware\\SubstituteBindings->handle()
#9 /home/alejandro/play-work/playgroup-admin---laravel/vendor/laravel/framework/src/Illuminate/Pipeline/Pipeline.php(105): Illuminate\\Pipeline\\Pipeline->Illuminate\\Pipeline\\{closure}()
#10 /home/alejandro/play-work/playgroup-admin---laravel/vendor/laravel/framework/src/Illuminate/Routing/Router.php(683): Illuminate\\Pipeline\\Pipeline->then()
#11 /home/alejandro/play-work/playgroup-admin---laravel/vendor/laravel/framework/src/Illuminate/Routing/Router.php(658): Illuminate\\Routing\\Router->runRouteWithinStack()
#12 /home/alejandro/play-work/playgroup-admin---laravel/vendor/laravel/framework/src/Illuminate/Routing/Router.php(624): Illuminate\\Routing\\Router->runRoute()
#13 /home/alejandro/play-work/playgroup-admin---laravel/vendor/laravel/framework/src/Illuminate/Routing/Router.php(613): Illuminate\\Routing\\Router->dispatchToRoute()
#14 /home/alejandro/play-work/playgroup-admin---laravel/vendor/laravel/framework/src/Illuminate/Foundation/Http/Kernel.php(170): Illuminate\\Routing\\Router->dispatch()
#15 /home/alejandro/play-work/playgroup-admin---laravel/vendor/laravel/framework/src/Illuminate/Pipeline/Pipeline.php(130): Illuminate\\Foundation\\Http\\Kernel->Illuminate\\Foundation\\Http\\{closure}()
#16 /home/alejandro/play-work/playgroup-admin---laravel/vendor/laravel/framework/src/Illuminate/Foundation/Http/Middleware/TransformsRequest.php(21): Illuminate\\Pipeline\\Pipeline->Illuminate\\Pipeline\\{closure}()
#17 /home/alejandro/play-work/playgroup-admin---laravel/vendor/laravel/framework/src/Illuminate/Pipeline/Pipeline.php(171): Illuminate\\Foundation\\Http\\Middleware\\TransformsRequest->handle()
#18 /home/alejandro/play-work/playgroup-admin---laravel/vendor/laravel/framework/src/Illuminate/Foundation/Http/Middleware/TransformsRequest.php(21): Illuminate\\Pipeline\\Pipeline->Illuminate\\Pipeline\\{closure}()
#19 /home/alejandro/play-work/playgroup-admin---laravel/vendor/laravel/framework/src/Illuminate/Pipeline/Pipeline.php(171): Illuminate\\Foundation\\Http\\Middleware\\TransformsRequest->handle()
#20 /home/alejandro/play-work/playgroup-admin---laravel/vendor/laravel/framework/src/Illuminate/Foundation/Http/Middleware/ValidatePostSize.php(27): Illuminate\\Pipeline\\Pipeline->Illuminate\\Pipeline\\{closure}()
#21 /home/alejandro/play-work/playgroup-admin---laravel/vendor/laravel/framework/src/Illuminate/Pipeline/Pipeline.php(171): Illuminate\\Foundation\\Http\\Middleware\\ValidatePostSize->handle()
#22 /home/alejandro/play-work/playgroup-admin---laravel/vendor/laravel/framework/src/Illuminate/Foundation/Http/Middleware/CheckForMaintenanceMode.php(63): Illuminate\\Pipeline\\Pipeline->Illuminate\\Pipeline\\{closure}()
#23 /home/alejandro/play-work/playgroup-admin---laravel/vendor/laravel/framework/src/Illuminate/Pipeline/Pipeline.php(171): Illuminate\\Foundation\\Http\\Middleware\\CheckForMaintenanceMode->handle()
#24 /home/alejandro/play-work/playgroup-admin---laravel/vendor/fideloper/proxy/src/TrustProxies.php(57): Illuminate\\Pipeline\\Pipeline->Illuminate\\Pipeline\\{closure}()
#25 /home/alejandro/play-work/playgroup-admin---laravel/vendor/laravel/framework/src/Illuminate/Pipeline/Pipeline.php(171): Fideloper\\Proxy\\TrustProxies->handle()
#26 /home/alejandro/play-work/playgroup-admin---laravel/vendor/laravel/framework/src/Illuminate/Pipeline/Pipeline.php(105): Illuminate\\Pipeline\\Pipeline->Illuminate\\Pipeline\\{closure}()
#27 /home/alejandro/play-work/playgroup-admin---laravel/vendor/laravel/framework/src/Illuminate/Foundation/Http/Kernel.php(145): Illuminate\\Pipeline\\Pipeline->then()
#28 /home/alejandro/play-work/playgroup-admin---laravel/vendor/laravel/framework/src/Illuminate/Foundation/Http/Kernel.php(110): Illuminate\\Foundation\\Http\\Kernel->sendRequestThroughRouter()
#29 /home/alejandro/play-work/playgroup-admin---laravel/public/index.php(55): Illuminate\\Foundation\\Http\\Kernel->handle()
#30 /home/alejandro/play-work/playgroup-admin---laravel/server.php(21): require_once('/home/alejandro...')
#31 {main}
"} 
[2025-05-18 23:56:13] local.ERROR: Call to a member function unsetRelation() on null {"exception":"[object] (Symfony\\Component\\Debug\\Exception\\FatalThrowableError(code: 0): Call to a member function unsetRelation() on null at /home/alejandro/play-work/playgroup-admin---laravel/app/Http/Controllers/Api/PageController.php:45)
[stacktrace]
#0 /home/alejandro/play-work/playgroup-admin---laravel/vendor/laravel/framework/src/Illuminate/Routing/Controller.php(54): App\\Http\\Controllers\\Api\\PageController->getPodcasts()
#1 /home/alejandro/play-work/playgroup-admin---laravel/vendor/laravel/framework/src/Illuminate/Routing/ControllerDispatcher.php(45): Illuminate\\Routing\\Controller->callAction()
#2 /home/alejandro/play-work/playgroup-admin---laravel/vendor/laravel/framework/src/Illuminate/Routing/Route.php(219): Illuminate\\Routing\\ControllerDispatcher->dispatch()
#3 /home/alejandro/play-work/playgroup-admin---laravel/vendor/laravel/framework/src/Illuminate/Routing/Route.php(176): Illuminate\\Routing\\Route->runController()
#4 /home/alejandro/play-work/playgroup-admin---laravel/vendor/laravel/framework/src/Illuminate/Routing/Router.php(681): Illuminate\\Routing\\Route->run()
#5 /home/alejandro/play-work/playgroup-admin---laravel/vendor/laravel/framework/src/Illuminate/Pipeline/Pipeline.php(130): Illuminate\\Routing\\Router->Illuminate\\Routing\\{closure}()
#6 /home/alejandro/play-work/playgroup-admin---laravel/vendor/laravel/framework/src/Illuminate/Routing/Middleware/SubstituteBindings.php(41): Illuminate\\Pipeline\\Pipeline->Illuminate\\Pipeline\\{closure}()
#7 /home/alejandro/play-work/playgroup-admin---laravel/vendor/laravel/framework/src/Illuminate/Pipeline/Pipeline.php(171): Illuminate\\Routing\\Middleware\\SubstituteBindings->handle()
#8 /home/alejandro/play-work/playgroup-admin---laravel/vendor/laravel/framework/src/Illuminate/Pipeline/Pipeline.php(105): Illuminate\\Pipeline\\Pipeline->Illuminate\\Pipeline\\{closure}()
#9 /home/alejandro/play-work/playgroup-admin---laravel/vendor/laravel/framework/src/Illuminate/Routing/Router.php(683): Illuminate\\Pipeline\\Pipeline->then()
#10 /home/alejandro/play-work/playgroup-admin---laravel/vendor/laravel/framework/src/Illuminate/Routing/Router.php(658): Illuminate\\Routing\\Router->runRouteWithinStack()
#11 /home/alejandro/play-work/playgroup-admin---laravel/vendor/laravel/framework/src/Illuminate/Routing/Router.php(624): Illuminate\\Routing\\Router->runRoute()
#12 /home/alejandro/play-work/playgroup-admin---laravel/vendor/laravel/framework/src/Illuminate/Routing/Router.php(613): Illuminate\\Routing\\Router->dispatchToRoute()
#13 /home/alejandro/play-work/playgroup-admin---laravel/vendor/laravel/framework/src/Illuminate/Foundation/Http/Kernel.php(170): Illuminate\\Routing\\Router->dispatch()
#14 /home/alejandro/play-work/playgroup-admin---laravel/vendor/laravel/framework/src/Illuminate/Pipeline/Pipeline.php(130): Illuminate\\Foundation\\Http\\Kernel->Illuminate\\Foundation\\Http\\{closure}()
#15 /home/alejandro/play-work/playgroup-admin---laravel/vendor/laravel/framework/src/Illuminate/Foundation/Http/Middleware/TransformsRequest.php(21): Illuminate\\Pipeline\\Pipeline->Illuminate\\Pipeline\\{closure}()
#16 /home/alejandro/play-work/playgroup-admin---laravel/vendor/laravel/framework/src/Illuminate/Pipeline/Pipeline.php(171): Illuminate\\Foundation\\Http\\Middleware\\TransformsRequest->handle()
#17 /home/alejandro/play-work/playgroup-admin---laravel/vendor/laravel/framework/src/Illuminate/Foundation/Http/Middleware/TransformsRequest.php(21): Illuminate\\Pipeline\\Pipeline->Illuminate\\Pipeline\\{closure}()
#18 /home/alejandro/play-work/playgroup-admin---laravel/vendor/laravel/framework/src/Illuminate/Pipeline/Pipeline.php(171): Illuminate\\Foundation\\Http\\Middleware\\TransformsRequest->handle()
#19 /home/alejandro/play-work/playgroup-admin---laravel/vendor/laravel/framework/src/Illuminate/Foundation/Http/Middleware/ValidatePostSize.php(27): Illuminate\\Pipeline\\Pipeline->Illuminate\\Pipeline\\{closure}()
#20 /home/alejandro/play-work/playgroup-admin---laravel/vendor/laravel/framework/src/Illuminate/Pipeline/Pipeline.php(171): Illuminate\\Foundation\\Http\\Middleware\\ValidatePostSize->handle()
#21 /home/alejandro/play-work/playgroup-admin---laravel/vendor/laravel/framework/src/Illuminate/Foundation/Http/Middleware/CheckForMaintenanceMode.php(63): Illuminate\\Pipeline\\Pipeline->Illuminate\\Pipeline\\{closure}()
#22 /home/alejandro/play-work/playgroup-admin---laravel/vendor/laravel/framework/src/Illuminate/Pipeline/Pipeline.php(171): Illuminate\\Foundation\\Http\\Middleware\\CheckForMaintenanceMode->handle()
#23 /home/alejandro/play-work/playgroup-admin---laravel/vendor/fideloper/proxy/src/TrustProxies.php(57): Illuminate\\Pipeline\\Pipeline->Illuminate\\Pipeline\\{closure}()
#24 /home/alejandro/play-work/playgroup-admin---laravel/vendor/laravel/framework/src/Illuminate/Pipeline/Pipeline.php(171): Fideloper\\Proxy\\TrustProxies->handle()
#25 /home/alejandro/play-work/playgroup-admin---laravel/vendor/laravel/framework/src/Illuminate/Pipeline/Pipeline.php(105): Illuminate\\Pipeline\\Pipeline->Illuminate\\Pipeline\\{closure}()
#26 /home/alejandro/play-work/playgroup-admin---laravel/vendor/laravel/framework/src/Illuminate/Foundation/Http/Kernel.php(145): Illuminate\\Pipeline\\Pipeline->then()
#27 /home/alejandro/play-work/playgroup-admin---laravel/vendor/laravel/framework/src/Illuminate/Foundation/Http/Kernel.php(110): Illuminate\\Foundation\\Http\\Kernel->sendRequestThroughRouter()
#28 /home/alejandro/play-work/playgroup-admin---laravel/public/index.php(55): Illuminate\\Foundation\\Http\\Kernel->handle()
#29 /home/alejandro/play-work/playgroup-admin---laravel/server.php(21): require_once('/home/alejandro...')
#30 {main}
"} 
[2025-05-18 23:56:13] local.ERROR: Trying to get property 'content' of non-object {"exception":"[object] (ErrorException(code: 0): Trying to get property 'content' of non-object at /home/alejandro/play-work/playgroup-admin---laravel/app/Http/Controllers/Api/ApiController.php:80)
[stacktrace]
#0 /home/alejandro/play-work/playgroup-admin---laravel/app/Http/Controllers/Api/ApiController.php(80): Illuminate\\Foundation\\Bootstrap\\HandleExceptions->handleError()
#1 /home/alejandro/play-work/playgroup-admin---laravel/vendor/laravel/framework/src/Illuminate/Routing/Controller.php(54): App\\Http\\Controllers\\Api\\ApiController->qualityProcessData()
#2 /home/alejandro/play-work/playgroup-admin---laravel/vendor/laravel/framework/src/Illuminate/Routing/ControllerDispatcher.php(45): Illuminate\\Routing\\Controller->callAction()
#3 /home/alejandro/play-work/playgroup-admin---laravel/vendor/laravel/framework/src/Illuminate/Routing/Route.php(219): Illuminate\\Routing\\ControllerDispatcher->dispatch()
#4 /home/alejandro/play-work/playgroup-admin---laravel/vendor/laravel/framework/src/Illuminate/Routing/Route.php(176): Illuminate\\Routing\\Route->runController()
#5 /home/alejandro/play-work/playgroup-admin---laravel/vendor/laravel/framework/src/Illuminate/Routing/Router.php(681): Illuminate\\Routing\\Route->run()
#6 /home/alejandro/play-work/playgroup-admin---laravel/vendor/laravel/framework/src/Illuminate/Pipeline/Pipeline.php(130): Illuminate\\Routing\\Router->Illuminate\\Routing\\{closure}()
#7 /home/alejandro/play-work/playgroup-admin---laravel/vendor/laravel/framework/src/Illuminate/Routing/Middleware/SubstituteBindings.php(41): Illuminate\\Pipeline\\Pipeline->Illuminate\\Pipeline\\{closure}()
#8 /home/alejandro/play-work/playgroup-admin---laravel/vendor/laravel/framework/src/Illuminate/Pipeline/Pipeline.php(171): Illuminate\\Routing\\Middleware\\SubstituteBindings->handle()
#9 /home/alejandro/play-work/playgroup-admin---laravel/vendor/laravel/framework/src/Illuminate/Pipeline/Pipeline.php(105): Illuminate\\Pipeline\\Pipeline->Illuminate\\Pipeline\\{closure}()
#10 /home/alejandro/play-work/playgroup-admin---laravel/vendor/laravel/framework/src/Illuminate/Routing/Router.php(683): Illuminate\\Pipeline\\Pipeline->then()
#11 /home/alejandro/play-work/playgroup-admin---laravel/vendor/laravel/framework/src/Illuminate/Routing/Router.php(658): Illuminate\\Routing\\Router->runRouteWithinStack()
#12 /home/alejandro/play-work/playgroup-admin---laravel/vendor/laravel/framework/src/Illuminate/Routing/Router.php(624): Illuminate\\Routing\\Router->runRoute()
#13 /home/alejandro/play-work/playgroup-admin---laravel/vendor/laravel/framework/src/Illuminate/Routing/Router.php(613): Illuminate\\Routing\\Router->dispatchToRoute()
#14 /home/alejandro/play-work/playgroup-admin---laravel/vendor/laravel/framework/src/Illuminate/Foundation/Http/Kernel.php(170): Illuminate\\Routing\\Router->dispatch()
#15 /home/alejandro/play-work/playgroup-admin---laravel/vendor/laravel/framework/src/Illuminate/Pipeline/Pipeline.php(130): Illuminate\\Foundation\\Http\\Kernel->Illuminate\\Foundation\\Http\\{closure}()
#16 /home/alejandro/play-work/playgroup-admin---laravel/vendor/laravel/framework/src/Illuminate/Foundation/Http/Middleware/TransformsRequest.php(21): Illuminate\\Pipeline\\Pipeline->Illuminate\\Pipeline\\{closure}()
#17 /home/alejandro/play-work/playgroup-admin---laravel/vendor/laravel/framework/src/Illuminate/Pipeline/Pipeline.php(171): Illuminate\\Foundation\\Http\\Middleware\\TransformsRequest->handle()
#18 /home/alejandro/play-work/playgroup-admin---laravel/vendor/laravel/framework/src/Illuminate/Foundation/Http/Middleware/TransformsRequest.php(21): Illuminate\\Pipeline\\Pipeline->Illuminate\\Pipeline\\{closure}()
#19 /home/alejandro/play-work/playgroup-admin---laravel/vendor/laravel/framework/src/Illuminate/Pipeline/Pipeline.php(171): Illuminate\\Foundation\\Http\\Middleware\\TransformsRequest->handle()
#20 /home/alejandro/play-work/playgroup-admin---laravel/vendor/laravel/framework/src/Illuminate/Foundation/Http/Middleware/ValidatePostSize.php(27): Illuminate\\Pipeline\\Pipeline->Illuminate\\Pipeline\\{closure}()
#21 /home/alejandro/play-work/playgroup-admin---laravel/vendor/laravel/framework/src/Illuminate/Pipeline/Pipeline.php(171): Illuminate\\Foundation\\Http\\Middleware\\ValidatePostSize->handle()
#22 /home/alejandro/play-work/playgroup-admin---laravel/vendor/laravel/framework/src/Illuminate/Foundation/Http/Middleware/CheckForMaintenanceMode.php(63): Illuminate\\Pipeline\\Pipeline->Illuminate\\Pipeline\\{closure}()
#23 /home/alejandro/play-work/playgroup-admin---laravel/vendor/laravel/framework/src/Illuminate/Pipeline/Pipeline.php(171): Illuminate\\Foundation\\Http\\Middleware\\CheckForMaintenanceMode->handle()
#24 /home/alejandro/play-work/playgroup-admin---laravel/vendor/fideloper/proxy/src/TrustProxies.php(57): Illuminate\\Pipeline\\Pipeline->Illuminate\\Pipeline\\{closure}()
#25 /home/alejandro/play-work/playgroup-admin---laravel/vendor/laravel/framework/src/Illuminate/Pipeline/Pipeline.php(171): Fideloper\\Proxy\\TrustProxies->handle()
#26 /home/alejandro/play-work/playgroup-admin---laravel/vendor/laravel/framework/src/Illuminate/Pipeline/Pipeline.php(105): Illuminate\\Pipeline\\Pipeline->Illuminate\\Pipeline\\{closure}()
#27 /home/alejandro/play-work/playgroup-admin---laravel/vendor/laravel/framework/src/Illuminate/Foundation/Http/Kernel.php(145): Illuminate\\Pipeline\\Pipeline->then()
#28 /home/alejandro/play-work/playgroup-admin---laravel/vendor/laravel/framework/src/Illuminate/Foundation/Http/Kernel.php(110): Illuminate\\Foundation\\Http\\Kernel->sendRequestThroughRouter()
#29 /home/alejandro/play-work/playgroup-admin---laravel/public/index.php(55): Illuminate\\Foundation\\Http\\Kernel->handle()
#30 /home/alejandro/play-work/playgroup-admin---laravel/server.php(21): require_once('/home/alejandro...')
#31 {main}
"} 
[2025-05-18 23:56:14] local.ERROR: Call to a member function unsetRelation() on null {"exception":"[object] (Symfony\\Component\\Debug\\Exception\\FatalThrowableError(code: 0): Call to a member function unsetRelation() on null at /home/alejandro/play-work/playgroup-admin---laravel/app/Http/Controllers/Api/PageController.php:45)
[stacktrace]
#0 /home/alejandro/play-work/playgroup-admin---laravel/vendor/laravel/framework/src/Illuminate/Routing/Controller.php(54): App\\Http\\Controllers\\Api\\PageController->getPodcasts()
#1 /home/alejandro/play-work/playgroup-admin---laravel/vendor/laravel/framework/src/Illuminate/Routing/ControllerDispatcher.php(45): Illuminate\\Routing\\Controller->callAction()
#2 /home/alejandro/play-work/playgroup-admin---laravel/vendor/laravel/framework/src/Illuminate/Routing/Route.php(219): Illuminate\\Routing\\ControllerDispatcher->dispatch()
#3 /home/alejandro/play-work/playgroup-admin---laravel/vendor/laravel/framework/src/Illuminate/Routing/Route.php(176): Illuminate\\Routing\\Route->runController()
#4 /home/alejandro/play-work/playgroup-admin---laravel/vendor/laravel/framework/src/Illuminate/Routing/Router.php(681): Illuminate\\Routing\\Route->run()
#5 /home/alejandro/play-work/playgroup-admin---laravel/vendor/laravel/framework/src/Illuminate/Pipeline/Pipeline.php(130): Illuminate\\Routing\\Router->Illuminate\\Routing\\{closure}()
#6 /home/alejandro/play-work/playgroup-admin---laravel/vendor/laravel/framework/src/Illuminate/Routing/Middleware/SubstituteBindings.php(41): Illuminate\\Pipeline\\Pipeline->Illuminate\\Pipeline\\{closure}()
#7 /home/alejandro/play-work/playgroup-admin---laravel/vendor/laravel/framework/src/Illuminate/Pipeline/Pipeline.php(171): Illuminate\\Routing\\Middleware\\SubstituteBindings->handle()
#8 /home/alejandro/play-work/playgroup-admin---laravel/vendor/laravel/framework/src/Illuminate/Pipeline/Pipeline.php(105): Illuminate\\Pipeline\\Pipeline->Illuminate\\Pipeline\\{closure}()
#9 /home/alejandro/play-work/playgroup-admin---laravel/vendor/laravel/framework/src/Illuminate/Routing/Router.php(683): Illuminate\\Pipeline\\Pipeline->then()
#10 /home/alejandro/play-work/playgroup-admin---laravel/vendor/laravel/framework/src/Illuminate/Routing/Router.php(658): Illuminate\\Routing\\Router->runRouteWithinStack()
#11 /home/alejandro/play-work/playgroup-admin---laravel/vendor/laravel/framework/src/Illuminate/Routing/Router.php(624): Illuminate\\Routing\\Router->runRoute()
#12 /home/alejandro/play-work/playgroup-admin---laravel/vendor/laravel/framework/src/Illuminate/Routing/Router.php(613): Illuminate\\Routing\\Router->dispatchToRoute()
#13 /home/alejandro/play-work/playgroup-admin---laravel/vendor/laravel/framework/src/Illuminate/Foundation/Http/Kernel.php(170): Illuminate\\Routing\\Router->dispatch()
#14 /home/alejandro/play-work/playgroup-admin---laravel/vendor/laravel/framework/src/Illuminate/Pipeline/Pipeline.php(130): Illuminate\\Foundation\\Http\\Kernel->Illuminate\\Foundation\\Http\\{closure}()
#15 /home/alejandro/play-work/playgroup-admin---laravel/vendor/laravel/framework/src/Illuminate/Foundation/Http/Middleware/TransformsRequest.php(21): Illuminate\\Pipeline\\Pipeline->Illuminate\\Pipeline\\{closure}()
#16 /home/alejandro/play-work/playgroup-admin---laravel/vendor/laravel/framework/src/Illuminate/Pipeline/Pipeline.php(171): Illuminate\\Foundation\\Http\\Middleware\\TransformsRequest->handle()
#17 /home/alejandro/play-work/playgroup-admin---laravel/vendor/laravel/framework/src/Illuminate/Foundation/Http/Middleware/TransformsRequest.php(21): Illuminate\\Pipeline\\Pipeline->Illuminate\\Pipeline\\{closure}()
#18 /home/alejandro/play-work/playgroup-admin---laravel/vendor/laravel/framework/src/Illuminate/Pipeline/Pipeline.php(171): Illuminate\\Foundation\\Http\\Middleware\\TransformsRequest->handle()
#19 /home/alejandro/play-work/playgroup-admin---laravel/vendor/laravel/framework/src/Illuminate/Foundation/Http/Middleware/ValidatePostSize.php(27): Illuminate\\Pipeline\\Pipeline->Illuminate\\Pipeline\\{closure}()
#20 /home/alejandro/play-work/playgroup-admin---laravel/vendor/laravel/framework/src/Illuminate/Pipeline/Pipeline.php(171): Illuminate\\Foundation\\Http\\Middleware\\ValidatePostSize->handle()
#21 /home/alejandro/play-work/playgroup-admin---laravel/vendor/laravel/framework/src/Illuminate/Foundation/Http/Middleware/CheckForMaintenanceMode.php(63): Illuminate\\Pipeline\\Pipeline->Illuminate\\Pipeline\\{closure}()
#22 /home/alejandro/play-work/playgroup-admin---laravel/vendor/laravel/framework/src/Illuminate/Pipeline/Pipeline.php(171): Illuminate\\Foundation\\Http\\Middleware\\CheckForMaintenanceMode->handle()
#23 /home/alejandro/play-work/playgroup-admin---laravel/vendor/fideloper/proxy/src/TrustProxies.php(57): Illuminate\\Pipeline\\Pipeline->Illuminate\\Pipeline\\{closure}()
#24 /home/alejandro/play-work/playgroup-admin---laravel/vendor/laravel/framework/src/Illuminate/Pipeline/Pipeline.php(171): Fideloper\\Proxy\\TrustProxies->handle()
#25 /home/alejandro/play-work/playgroup-admin---laravel/vendor/laravel/framework/src/Illuminate/Pipeline/Pipeline.php(105): Illuminate\\Pipeline\\Pipeline->Illuminate\\Pipeline\\{closure}()
#26 /home/alejandro/play-work/playgroup-admin---laravel/vendor/laravel/framework/src/Illuminate/Foundation/Http/Kernel.php(145): Illuminate\\Pipeline\\Pipeline->then()
#27 /home/alejandro/play-work/playgroup-admin---laravel/vendor/laravel/framework/src/Illuminate/Foundation/Http/Kernel.php(110): Illuminate\\Foundation\\Http\\Kernel->sendRequestThroughRouter()
#28 /home/alejandro/play-work/playgroup-admin---laravel/public/index.php(55): Illuminate\\Foundation\\Http\\Kernel->handle()
#29 /home/alejandro/play-work/playgroup-admin---laravel/server.php(21): require_once('/home/alejandro...')
#30 {main}
"} 
[2025-05-18 23:56:14] local.ERROR: Trying to get property 'content' of non-object {"exception":"[object] (ErrorException(code: 0): Trying to get property 'content' of non-object at /home/alejandro/play-work/playgroup-admin---laravel/app/Http/Controllers/Api/ApiController.php:80)
[stacktrace]
#0 /home/alejandro/play-work/playgroup-admin---laravel/app/Http/Controllers/Api/ApiController.php(80): Illuminate\\Foundation\\Bootstrap\\HandleExceptions->handleError()
#1 /home/alejandro/play-work/playgroup-admin---laravel/vendor/laravel/framework/src/Illuminate/Routing/Controller.php(54): App\\Http\\Controllers\\Api\\ApiController->qualityProcessData()
#2 /home/alejandro/play-work/playgroup-admin---laravel/vendor/laravel/framework/src/Illuminate/Routing/ControllerDispatcher.php(45): Illuminate\\Routing\\Controller->callAction()
#3 /home/alejandro/play-work/playgroup-admin---laravel/vendor/laravel/framework/src/Illuminate/Routing/Route.php(219): Illuminate\\Routing\\ControllerDispatcher->dispatch()
#4 /home/alejandro/play-work/playgroup-admin---laravel/vendor/laravel/framework/src/Illuminate/Routing/Route.php(176): Illuminate\\Routing\\Route->runController()
#5 /home/alejandro/play-work/playgroup-admin---laravel/vendor/laravel/framework/src/Illuminate/Routing/Router.php(681): Illuminate\\Routing\\Route->run()
#6 /home/alejandro/play-work/playgroup-admin---laravel/vendor/laravel/framework/src/Illuminate/Pipeline/Pipeline.php(130): Illuminate\\Routing\\Router->Illuminate\\Routing\\{closure}()
#7 /home/alejandro/play-work/playgroup-admin---laravel/vendor/laravel/framework/src/Illuminate/Routing/Middleware/SubstituteBindings.php(41): Illuminate\\Pipeline\\Pipeline->Illuminate\\Pipeline\\{closure}()
#8 /home/alejandro/play-work/playgroup-admin---laravel/vendor/laravel/framework/src/Illuminate/Pipeline/Pipeline.php(171): Illuminate\\Routing\\Middleware\\SubstituteBindings->handle()
#9 /home/alejandro/play-work/playgroup-admin---laravel/vendor/laravel/framework/src/Illuminate/Pipeline/Pipeline.php(105): Illuminate\\Pipeline\\Pipeline->Illuminate\\Pipeline\\{closure}()
#10 /home/alejandro/play-work/playgroup-admin---laravel/vendor/laravel/framework/src/Illuminate/Routing/Router.php(683): Illuminate\\Pipeline\\Pipeline->then()
#11 /home/alejandro/play-work/playgroup-admin---laravel/vendor/laravel/framework/src/Illuminate/Routing/Router.php(658): Illuminate\\Routing\\Router->runRouteWithinStack()
#12 /home/alejandro/play-work/playgroup-admin---laravel/vendor/laravel/framework/src/Illuminate/Routing/Router.php(624): Illuminate\\Routing\\Router->runRoute()
#13 /home/alejandro/play-work/playgroup-admin---laravel/vendor/laravel/framework/src/Illuminate/Routing/Router.php(613): Illuminate\\Routing\\Router->dispatchToRoute()
#14 /home/alejandro/play-work/playgroup-admin---laravel/vendor/laravel/framework/src/Illuminate/Foundation/Http/Kernel.php(170): Illuminate\\Routing\\Router->dispatch()
#15 /home/alejandro/play-work/playgroup-admin---laravel/vendor/laravel/framework/src/Illuminate/Pipeline/Pipeline.php(130): Illuminate\\Foundation\\Http\\Kernel->Illuminate\\Foundation\\Http\\{closure}()
#16 /home/alejandro/play-work/playgroup-admin---laravel/vendor/laravel/framework/src/Illuminate/Foundation/Http/Middleware/TransformsRequest.php(21): Illuminate\\Pipeline\\Pipeline->Illuminate\\Pipeline\\{closure}()
#17 /home/alejandro/play-work/playgroup-admin---laravel/vendor/laravel/framework/src/Illuminate/Pipeline/Pipeline.php(171): Illuminate\\Foundation\\Http\\Middleware\\TransformsRequest->handle()
#18 /home/alejandro/play-work/playgroup-admin---laravel/vendor/laravel/framework/src/Illuminate/Foundation/Http/Middleware/TransformsRequest.php(21): Illuminate\\Pipeline\\Pipeline->Illuminate\\Pipeline\\{closure}()
#19 /home/alejandro/play-work/playgroup-admin---laravel/vendor/laravel/framework/src/Illuminate/Pipeline/Pipeline.php(171): Illuminate\\Foundation\\Http\\Middleware\\TransformsRequest->handle()
#20 /home/alejandro/play-work/playgroup-admin---laravel/vendor/laravel/framework/src/Illuminate/Foundation/Http/Middleware/ValidatePostSize.php(27): Illuminate\\Pipeline\\Pipeline->Illuminate\\Pipeline\\{closure}()
#21 /home/alejandro/play-work/playgroup-admin---laravel/vendor/laravel/framework/src/Illuminate/Pipeline/Pipeline.php(171): Illuminate\\Foundation\\Http\\Middleware\\ValidatePostSize->handle()
#22 /home/alejandro/play-work/playgroup-admin---laravel/vendor/laravel/framework/src/Illuminate/Foundation/Http/Middleware/CheckForMaintenanceMode.php(63): Illuminate\\Pipeline\\Pipeline->Illuminate\\Pipeline\\{closure}()
#23 /home/alejandro/play-work/playgroup-admin---laravel/vendor/laravel/framework/src/Illuminate/Pipeline/Pipeline.php(171): Illuminate\\Foundation\\Http\\Middleware\\CheckForMaintenanceMode->handle()
#24 /home/alejandro/play-work/playgroup-admin---laravel/vendor/fideloper/proxy/src/TrustProxies.php(57): Illuminate\\Pipeline\\Pipeline->Illuminate\\Pipeline\\{closure}()
#25 /home/alejandro/play-work/playgroup-admin---laravel/vendor/laravel/framework/src/Illuminate/Pipeline/Pipeline.php(171): Fideloper\\Proxy\\TrustProxies->handle()
#26 /home/alejandro/play-work/playgroup-admin---laravel/vendor/laravel/framework/src/Illuminate/Pipeline/Pipeline.php(105): Illuminate\\Pipeline\\Pipeline->Illuminate\\Pipeline\\{closure}()
#27 /home/alejandro/play-work/playgroup-admin---laravel/vendor/laravel/framework/src/Illuminate/Foundation/Http/Kernel.php(145): Illuminate\\Pipeline\\Pipeline->then()
#28 /home/alejandro/play-work/playgroup-admin---laravel/vendor/laravel/framework/src/Illuminate/Foundation/Http/Kernel.php(110): Illuminate\\Foundation\\Http\\Kernel->sendRequestThroughRouter()
#29 /home/alejandro/play-work/playgroup-admin---laravel/public/index.php(55): Illuminate\\Foundation\\Http\\Kernel->handle()
#30 /home/alejandro/play-work/playgroup-admin---laravel/server.php(21): require_once('/home/alejandro...')
#31 {main}
"} 
[2025-05-18 23:56:14] local.ERROR: Call to a member function unsetRelation() on null {"exception":"[object] (Symfony\\Component\\Debug\\Exception\\FatalThrowableError(code: 0): Call to a member function unsetRelation() on null at /home/alejandro/play-work/playgroup-admin---laravel/app/Http/Controllers/Api/PageController.php:45)
[stacktrace]
#0 /home/alejandro/play-work/playgroup-admin---laravel/vendor/laravel/framework/src/Illuminate/Routing/Controller.php(54): App\\Http\\Controllers\\Api\\PageController->getPodcasts()
#1 /home/alejandro/play-work/playgroup-admin---laravel/vendor/laravel/framework/src/Illuminate/Routing/ControllerDispatcher.php(45): Illuminate\\Routing\\Controller->callAction()
#2 /home/alejandro/play-work/playgroup-admin---laravel/vendor/laravel/framework/src/Illuminate/Routing/Route.php(219): Illuminate\\Routing\\ControllerDispatcher->dispatch()
#3 /home/alejandro/play-work/playgroup-admin---laravel/vendor/laravel/framework/src/Illuminate/Routing/Route.php(176): Illuminate\\Routing\\Route->runController()
#4 /home/alejandro/play-work/playgroup-admin---laravel/vendor/laravel/framework/src/Illuminate/Routing/Router.php(681): Illuminate\\Routing\\Route->run()
#5 /home/alejandro/play-work/playgroup-admin---laravel/vendor/laravel/framework/src/Illuminate/Pipeline/Pipeline.php(130): Illuminate\\Routing\\Router->Illuminate\\Routing\\{closure}()
#6 /home/alejandro/play-work/playgroup-admin---laravel/vendor/laravel/framework/src/Illuminate/Routing/Middleware/SubstituteBindings.php(41): Illuminate\\Pipeline\\Pipeline->Illuminate\\Pipeline\\{closure}()
#7 /home/alejandro/play-work/playgroup-admin---laravel/vendor/laravel/framework/src/Illuminate/Pipeline/Pipeline.php(171): Illuminate\\Routing\\Middleware\\SubstituteBindings->handle()
#8 /home/alejandro/play-work/playgroup-admin---laravel/vendor/laravel/framework/src/Illuminate/Pipeline/Pipeline.php(105): Illuminate\\Pipeline\\Pipeline->Illuminate\\Pipeline\\{closure}()
#9 /home/alejandro/play-work/playgroup-admin---laravel/vendor/laravel/framework/src/Illuminate/Routing/Router.php(683): Illuminate\\Pipeline\\Pipeline->then()
#10 /home/alejandro/play-work/playgroup-admin---laravel/vendor/laravel/framework/src/Illuminate/Routing/Router.php(658): Illuminate\\Routing\\Router->runRouteWithinStack()
#11 /home/alejandro/play-work/playgroup-admin---laravel/vendor/laravel/framework/src/Illuminate/Routing/Router.php(624): Illuminate\\Routing\\Router->runRoute()
#12 /home/alejandro/play-work/playgroup-admin---laravel/vendor/laravel/framework/src/Illuminate/Routing/Router.php(613): Illuminate\\Routing\\Router->dispatchToRoute()
#13 /home/alejandro/play-work/playgroup-admin---laravel/vendor/laravel/framework/src/Illuminate/Foundation/Http/Kernel.php(170): Illuminate\\Routing\\Router->dispatch()
#14 /home/alejandro/play-work/playgroup-admin---laravel/vendor/laravel/framework/src/Illuminate/Pipeline/Pipeline.php(130): Illuminate\\Foundation\\Http\\Kernel->Illuminate\\Foundation\\Http\\{closure}()
#15 /home/alejandro/play-work/playgroup-admin---laravel/vendor/laravel/framework/src/Illuminate/Foundation/Http/Middleware/TransformsRequest.php(21): Illuminate\\Pipeline\\Pipeline->Illuminate\\Pipeline\\{closure}()
#16 /home/alejandro/play-work/playgroup-admin---laravel/vendor/laravel/framework/src/Illuminate/Pipeline/Pipeline.php(171): Illuminate\\Foundation\\Http\\Middleware\\TransformsRequest->handle()
#17 /home/alejandro/play-work/playgroup-admin---laravel/vendor/laravel/framework/src/Illuminate/Foundation/Http/Middleware/TransformsRequest.php(21): Illuminate\\Pipeline\\Pipeline->Illuminate\\Pipeline\\{closure}()
#18 /home/alejandro/play-work/playgroup-admin---laravel/vendor/laravel/framework/src/Illuminate/Pipeline/Pipeline.php(171): Illuminate\\Foundation\\Http\\Middleware\\TransformsRequest->handle()
#19 /home/alejandro/play-work/playgroup-admin---laravel/vendor/laravel/framework/src/Illuminate/Foundation/Http/Middleware/ValidatePostSize.php(27): Illuminate\\Pipeline\\Pipeline->Illuminate\\Pipeline\\{closure}()
#20 /home/alejandro/play-work/playgroup-admin---laravel/vendor/laravel/framework/src/Illuminate/Pipeline/Pipeline.php(171): Illuminate\\Foundation\\Http\\Middleware\\ValidatePostSize->handle()
#21 /home/alejandro/play-work/playgroup-admin---laravel/vendor/laravel/framework/src/Illuminate/Foundation/Http/Middleware/CheckForMaintenanceMode.php(63): Illuminate\\Pipeline\\Pipeline->Illuminate\\Pipeline\\{closure}()
#22 /home/alejandro/play-work/playgroup-admin---laravel/vendor/laravel/framework/src/Illuminate/Pipeline/Pipeline.php(171): Illuminate\\Foundation\\Http\\Middleware\\CheckForMaintenanceMode->handle()
#23 /home/alejandro/play-work/playgroup-admin---laravel/vendor/fideloper/proxy/src/TrustProxies.php(57): Illuminate\\Pipeline\\Pipeline->Illuminate\\Pipeline\\{closure}()
#24 /home/alejandro/play-work/playgroup-admin---laravel/vendor/laravel/framework/src/Illuminate/Pipeline/Pipeline.php(171): Fideloper\\Proxy\\TrustProxies->handle()
#25 /home/alejandro/play-work/playgroup-admin---laravel/vendor/laravel/framework/src/Illuminate/Pipeline/Pipeline.php(105): Illuminate\\Pipeline\\Pipeline->Illuminate\\Pipeline\\{closure}()
#26 /home/alejandro/play-work/playgroup-admin---laravel/vendor/laravel/framework/src/Illuminate/Foundation/Http/Kernel.php(145): Illuminate\\Pipeline\\Pipeline->then()
#27 /home/alejandro/play-work/playgroup-admin---laravel/vendor/laravel/framework/src/Illuminate/Foundation/Http/Kernel.php(110): Illuminate\\Foundation\\Http\\Kernel->sendRequestThroughRouter()
#28 /home/alejandro/play-work/playgroup-admin---laravel/public/index.php(55): Illuminate\\Foundation\\Http\\Kernel->handle()
#29 /home/alejandro/play-work/playgroup-admin---laravel/server.php(21): require_once('/home/alejandro...')
#30 {main}
"} 
[2025-05-18 23:56:15] local.ERROR: Trying to get property 'content' of non-object {"exception":"[object] (ErrorException(code: 0): Trying to get property 'content' of non-object at /home/alejandro/play-work/playgroup-admin---laravel/app/Http/Controllers/Api/ApiController.php:80)
[stacktrace]
#0 /home/alejandro/play-work/playgroup-admin---laravel/app/Http/Controllers/Api/ApiController.php(80): Illuminate\\Foundation\\Bootstrap\\HandleExceptions->handleError()
#1 /home/alejandro/play-work/playgroup-admin---laravel/vendor/laravel/framework/src/Illuminate/Routing/Controller.php(54): App\\Http\\Controllers\\Api\\ApiController->qualityProcessData()
#2 /home/alejandro/play-work/playgroup-admin---laravel/vendor/laravel/framework/src/Illuminate/Routing/ControllerDispatcher.php(45): Illuminate\\Routing\\Controller->callAction()
#3 /home/alejandro/play-work/playgroup-admin---laravel/vendor/laravel/framework/src/Illuminate/Routing/Route.php(219): Illuminate\\Routing\\ControllerDispatcher->dispatch()
#4 /home/alejandro/play-work/playgroup-admin---laravel/vendor/laravel/framework/src/Illuminate/Routing/Route.php(176): Illuminate\\Routing\\Route->runController()
#5 /home/alejandro/play-work/playgroup-admin---laravel/vendor/laravel/framework/src/Illuminate/Routing/Router.php(681): Illuminate\\Routing\\Route->run()
#6 /home/alejandro/play-work/playgroup-admin---laravel/vendor/laravel/framework/src/Illuminate/Pipeline/Pipeline.php(130): Illuminate\\Routing\\Router->Illuminate\\Routing\\{closure}()
#7 /home/alejandro/play-work/playgroup-admin---laravel/vendor/laravel/framework/src/Illuminate/Routing/Middleware/SubstituteBindings.php(41): Illuminate\\Pipeline\\Pipeline->Illuminate\\Pipeline\\{closure}()
#8 /home/alejandro/play-work/playgroup-admin---laravel/vendor/laravel/framework/src/Illuminate/Pipeline/Pipeline.php(171): Illuminate\\Routing\\Middleware\\SubstituteBindings->handle()
#9 /home/alejandro/play-work/playgroup-admin---laravel/vendor/laravel/framework/src/Illuminate/Pipeline/Pipeline.php(105): Illuminate\\Pipeline\\Pipeline->Illuminate\\Pipeline\\{closure}()
#10 /home/alejandro/play-work/playgroup-admin---laravel/vendor/laravel/framework/src/Illuminate/Routing/Router.php(683): Illuminate\\Pipeline\\Pipeline->then()
#11 /home/alejandro/play-work/playgroup-admin---laravel/vendor/laravel/framework/src/Illuminate/Routing/Router.php(658): Illuminate\\Routing\\Router->runRouteWithinStack()
#12 /home/alejandro/play-work/playgroup-admin---laravel/vendor/laravel/framework/src/Illuminate/Routing/Router.php(624): Illuminate\\Routing\\Router->runRoute()
#13 /home/alejandro/play-work/playgroup-admin---laravel/vendor/laravel/framework/src/Illuminate/Routing/Router.php(613): Illuminate\\Routing\\Router->dispatchToRoute()
#14 /home/alejandro/play-work/playgroup-admin---laravel/vendor/laravel/framework/src/Illuminate/Foundation/Http/Kernel.php(170): Illuminate\\Routing\\Router->dispatch()
#15 /home/alejandro/play-work/playgroup-admin---laravel/vendor/laravel/framework/src/Illuminate/Pipeline/Pipeline.php(130): Illuminate\\Foundation\\Http\\Kernel->Illuminate\\Foundation\\Http\\{closure}()
#16 /home/alejandro/play-work/playgroup-admin---laravel/vendor/laravel/framework/src/Illuminate/Foundation/Http/Middleware/TransformsRequest.php(21): Illuminate\\Pipeline\\Pipeline->Illuminate\\Pipeline\\{closure}()
#17 /home/alejandro/play-work/playgroup-admin---laravel/vendor/laravel/framework/src/Illuminate/Pipeline/Pipeline.php(171): Illuminate\\Foundation\\Http\\Middleware\\TransformsRequest->handle()
#18 /home/alejandro/play-work/playgroup-admin---laravel/vendor/laravel/framework/src/Illuminate/Foundation/Http/Middleware/TransformsRequest.php(21): Illuminate\\Pipeline\\Pipeline->Illuminate\\Pipeline\\{closure}()
#19 /home/alejandro/play-work/playgroup-admin---laravel/vendor/laravel/framework/src/Illuminate/Pipeline/Pipeline.php(171): Illuminate\\Foundation\\Http\\Middleware\\TransformsRequest->handle()
#20 /home/alejandro/play-work/playgroup-admin---laravel/vendor/laravel/framework/src/Illuminate/Foundation/Http/Middleware/ValidatePostSize.php(27): Illuminate\\Pipeline\\Pipeline->Illuminate\\Pipeline\\{closure}()
#21 /home/alejandro/play-work/playgroup-admin---laravel/vendor/laravel/framework/src/Illuminate/Pipeline/Pipeline.php(171): Illuminate\\Foundation\\Http\\Middleware\\ValidatePostSize->handle()
#22 /home/alejandro/play-work/playgroup-admin---laravel/vendor/laravel/framework/src/Illuminate/Foundation/Http/Middleware/CheckForMaintenanceMode.php(63): Illuminate\\Pipeline\\Pipeline->Illuminate\\Pipeline\\{closure}()
#23 /home/alejandro/play-work/playgroup-admin---laravel/vendor/laravel/framework/src/Illuminate/Pipeline/Pipeline.php(171): Illuminate\\Foundation\\Http\\Middleware\\CheckForMaintenanceMode->handle()
#24 /home/alejandro/play-work/playgroup-admin---laravel/vendor/fideloper/proxy/src/TrustProxies.php(57): Illuminate\\Pipeline\\Pipeline->Illuminate\\Pipeline\\{closure}()
#25 /home/alejandro/play-work/playgroup-admin---laravel/vendor/laravel/framework/src/Illuminate/Pipeline/Pipeline.php(171): Fideloper\\Proxy\\TrustProxies->handle()
#26 /home/alejandro/play-work/playgroup-admin---laravel/vendor/laravel/framework/src/Illuminate/Pipeline/Pipeline.php(105): Illuminate\\Pipeline\\Pipeline->Illuminate\\Pipeline\\{closure}()
#27 /home/alejandro/play-work/playgroup-admin---laravel/vendor/laravel/framework/src/Illuminate/Foundation/Http/Kernel.php(145): Illuminate\\Pipeline\\Pipeline->then()
#28 /home/alejandro/play-work/playgroup-admin---laravel/vendor/laravel/framework/src/Illuminate/Foundation/Http/Kernel.php(110): Illuminate\\Foundation\\Http\\Kernel->sendRequestThroughRouter()
#29 /home/alejandro/play-work/playgroup-admin---laravel/public/index.php(55): Illuminate\\Foundation\\Http\\Kernel->handle()
#30 /home/alejandro/play-work/playgroup-admin---laravel/server.php(21): require_once('/home/alejandro...')
#31 {main}
"} 
