[2025-05-20 09:10:16] local.ERROR: SQLSTATE[HY000] [2002] No such file or directory (SQL: SHOW FULL TABLES WHERE table_type = 'BASE TABLE') {"exception":"[object] (Illuminate\\Database\\QueryException(code: 2002): SQLSTATE[HY000] [2002] No such file or directory (SQL: SHOW FULL TABLES WHERE table_type = 'BASE TABLE') at /home/alejandro/play-work/playgroup-admin---laravel/vendor/laravel/framework/src/Illuminate/Database/Connection.php:669)
[stacktrace]
#0 /home/alejandro/play-work/playgroup-admin---laravel/vendor/laravel/framework/src/Illuminate/Database/Connection.php(629): Illuminate\\Database\\Connection->runQueryCallback()
#1 /home/alejandro/play-work/playgroup-admin---laravel/vendor/laravel/framework/src/Illuminate/Database/Connection.php(338): Illuminate\\Database\\Connection->run()
#2 /home/alejandro/play-work/playgroup-admin---laravel/vendor/laravel/framework/src/Illuminate/Database/Schema/MySqlBuilder.php(99): Illuminate\\Database\\Connection->select()
#3 /home/alejandro/play-work/playgroup-admin---laravel/vendor/laravel/framework/src/Illuminate/Database/Schema/MySqlBuilder.php(48): Illuminate\\Database\\Schema\\MySqlBuilder->getAllTables()
#4 /home/alejandro/play-work/playgroup-admin---laravel/vendor/laravel/framework/src/Illuminate/Database/Console/WipeCommand.php(67): Illuminate\\Database\\Schema\\MySqlBuilder->dropAllTables()
#5 /home/alejandro/play-work/playgroup-admin---laravel/vendor/laravel/framework/src/Illuminate/Database/Console/WipeCommand.php(46): Illuminate\\Database\\Console\\WipeCommand->dropAllTables()
#6 /home/alejandro/play-work/playgroup-admin---laravel/vendor/laravel/framework/src/Illuminate/Container/BoundMethod.php(36): Illuminate\\Database\\Console\\WipeCommand->handle()
#7 /home/alejandro/play-work/playgroup-admin---laravel/vendor/laravel/framework/src/Illuminate/Container/Util.php(37): Illuminate\\Container\\BoundMethod::Illuminate\\Container\\{closure}()
#8 /home/alejandro/play-work/playgroup-admin---laravel/vendor/laravel/framework/src/Illuminate/Container/BoundMethod.php(93): Illuminate\\Container\\Util::unwrapIfClosure()
#9 /home/alejandro/play-work/playgroup-admin---laravel/vendor/laravel/framework/src/Illuminate/Container/BoundMethod.php(37): Illuminate\\Container\\BoundMethod::callBoundMethod()
#10 /home/alejandro/play-work/playgroup-admin---laravel/vendor/laravel/framework/src/Illuminate/Container/Container.php(590): Illuminate\\Container\\BoundMethod::call()
#11 /home/alejandro/play-work/playgroup-admin---laravel/vendor/laravel/framework/src/Illuminate/Console/Command.php(134): Illuminate\\Container\\Container->call()
#12 /home/alejandro/play-work/playgroup-admin---laravel/vendor/symfony/console/Command/Command.php(255): Illuminate\\Console\\Command->execute()
#13 /home/alejandro/play-work/playgroup-admin---laravel/vendor/laravel/framework/src/Illuminate/Console/Command.php(121): Symfony\\Component\\Console\\Command\\Command->run()
#14 /home/alejandro/play-work/playgroup-admin---laravel/vendor/laravel/framework/src/Illuminate/Console/Concerns/CallsCommands.php(56): Illuminate\\Console\\Command->run()
#15 /home/alejandro/play-work/playgroup-admin---laravel/vendor/laravel/framework/src/Illuminate/Console/Concerns/CallsCommands.php(28): Illuminate\\Console\\Command->runCommand()
#16 /home/alejandro/play-work/playgroup-admin---laravel/vendor/laravel/framework/src/Illuminate/Database/Console/Migrations/FreshCommand.php(41): Illuminate\\Console\\Command->call()
#17 /home/alejandro/play-work/playgroup-admin---laravel/vendor/laravel/framework/src/Illuminate/Container/BoundMethod.php(36): Illuminate\\Database\\Console\\Migrations\\FreshCommand->handle()
#18 /home/alejandro/play-work/playgroup-admin---laravel/vendor/laravel/framework/src/Illuminate/Container/Util.php(37): Illuminate\\Container\\BoundMethod::Illuminate\\Container\\{closure}()
#19 /home/alejandro/play-work/playgroup-admin---laravel/vendor/laravel/framework/src/Illuminate/Container/BoundMethod.php(93): Illuminate\\Container\\Util::unwrapIfClosure()
#20 /home/alejandro/play-work/playgroup-admin---laravel/vendor/laravel/framework/src/Illuminate/Container/BoundMethod.php(37): Illuminate\\Container\\BoundMethod::callBoundMethod()
#21 /home/alejandro/play-work/playgroup-admin---laravel/vendor/laravel/framework/src/Illuminate/Container/Container.php(590): Illuminate\\Container\\BoundMethod::call()
#22 /home/alejandro/play-work/playgroup-admin---laravel/vendor/laravel/framework/src/Illuminate/Console/Command.php(134): Illuminate\\Container\\Container->call()
#23 /home/alejandro/play-work/playgroup-admin---laravel/vendor/symfony/console/Command/Command.php(255): Illuminate\\Console\\Command->execute()
#24 /home/alejandro/play-work/playgroup-admin---laravel/vendor/laravel/framework/src/Illuminate/Console/Command.php(121): Symfony\\Component\\Console\\Command\\Command->run()
#25 /home/alejandro/play-work/playgroup-admin---laravel/vendor/symfony/console/Application.php(1021): Illuminate\\Console\\Command->run()
#26 /home/alejandro/play-work/playgroup-admin---laravel/vendor/symfony/console/Application.php(275): Symfony\\Component\\Console\\Application->doRunCommand()
#27 /home/alejandro/play-work/playgroup-admin---laravel/vendor/symfony/console/Application.php(149): Symfony\\Component\\Console\\Application->doRun()
#28 /home/alejandro/play-work/playgroup-admin---laravel/vendor/laravel/framework/src/Illuminate/Console/Application.php(93): Symfony\\Component\\Console\\Application->run()
#29 /home/alejandro/play-work/playgroup-admin---laravel/vendor/laravel/framework/src/Illuminate/Foundation/Console/Kernel.php(131): Illuminate\\Console\\Application->run()
#30 /home/alejandro/play-work/playgroup-admin---laravel/artisan(37): Illuminate\\Foundation\\Console\\Kernel->handle()
#31 {main}

[previous exception] [object] (Doctrine\\DBAL\\Driver\\PDO\\Exception(code: 2002): SQLSTATE[HY000] [2002] No such file or directory at /home/alejandro/play-work/playgroup-admin---laravel/vendor/doctrine/dbal/lib/Doctrine/DBAL/Driver/PDO/Exception.php:18)
[stacktrace]
#0 /home/alejandro/play-work/playgroup-admin---laravel/vendor/doctrine/dbal/lib/Doctrine/DBAL/Driver/PDOConnection.php(44): Doctrine\\DBAL\\Driver\\PDO\\Exception::new()
#1 /home/alejandro/play-work/playgroup-admin---laravel/vendor/laravel/framework/src/Illuminate/Database/Connectors/Connector.php(67): Doctrine\\DBAL\\Driver\\PDOConnection->__construct()
#2 /home/alejandro/play-work/playgroup-admin---laravel/vendor/laravel/framework/src/Illuminate/Database/Connectors/Connector.php(46): Illuminate\\Database\\Connectors\\Connector->createPdoConnection()
#3 /home/alejandro/play-work/playgroup-admin---laravel/vendor/laravel/framework/src/Illuminate/Database/Connectors/MySqlConnector.php(24): Illuminate\\Database\\Connectors\\Connector->createConnection()
#4 /home/alejandro/play-work/playgroup-admin---laravel/vendor/laravel/framework/src/Illuminate/Database/Connectors/ConnectionFactory.php(182): Illuminate\\Database\\Connectors\\MySqlConnector->connect()
#5 [internal function]: Illuminate\\Database\\Connectors\\ConnectionFactory->Illuminate\\Database\\Connectors\\{closure}()
#6 /home/alejandro/play-work/playgroup-admin---laravel/vendor/laravel/framework/src/Illuminate/Database/Connection.php(924): call_user_func()
#7 /home/alejandro/play-work/playgroup-admin---laravel/vendor/laravel/framework/src/Illuminate/Database/Connection.php(959): Illuminate\\Database\\Connection->getPdo()
#8 /home/alejandro/play-work/playgroup-admin---laravel/vendor/laravel/framework/src/Illuminate/Database/Connection.php(404): Illuminate\\Database\\Connection->getReadPdo()
#9 /home/alejandro/play-work/playgroup-admin---laravel/vendor/laravel/framework/src/Illuminate/Database/Connection.php(330): Illuminate\\Database\\Connection->getPdoForSelect()
#10 /home/alejandro/play-work/playgroup-admin---laravel/vendor/laravel/framework/src/Illuminate/Database/Connection.php(662): Illuminate\\Database\\Connection->Illuminate\\Database\\{closure}()
#11 /home/alejandro/play-work/playgroup-admin---laravel/vendor/laravel/framework/src/Illuminate/Database/Connection.php(629): Illuminate\\Database\\Connection->runQueryCallback()
#12 /home/alejandro/play-work/playgroup-admin---laravel/vendor/laravel/framework/src/Illuminate/Database/Connection.php(338): Illuminate\\Database\\Connection->run()
#13 /home/alejandro/play-work/playgroup-admin---laravel/vendor/laravel/framework/src/Illuminate/Database/Schema/MySqlBuilder.php(99): Illuminate\\Database\\Connection->select()
#14 /home/alejandro/play-work/playgroup-admin---laravel/vendor/laravel/framework/src/Illuminate/Database/Schema/MySqlBuilder.php(48): Illuminate\\Database\\Schema\\MySqlBuilder->getAllTables()
#15 /home/alejandro/play-work/playgroup-admin---laravel/vendor/laravel/framework/src/Illuminate/Database/Console/WipeCommand.php(67): Illuminate\\Database\\Schema\\MySqlBuilder->dropAllTables()
#16 /home/alejandro/play-work/playgroup-admin---laravel/vendor/laravel/framework/src/Illuminate/Database/Console/WipeCommand.php(46): Illuminate\\Database\\Console\\WipeCommand->dropAllTables()
#17 /home/alejandro/play-work/playgroup-admin---laravel/vendor/laravel/framework/src/Illuminate/Container/BoundMethod.php(36): Illuminate\\Database\\Console\\WipeCommand->handle()
#18 /home/alejandro/play-work/playgroup-admin---laravel/vendor/laravel/framework/src/Illuminate/Container/Util.php(37): Illuminate\\Container\\BoundMethod::Illuminate\\Container\\{closure}()
#19 /home/alejandro/play-work/playgroup-admin---laravel/vendor/laravel/framework/src/Illuminate/Container/BoundMethod.php(93): Illuminate\\Container\\Util::unwrapIfClosure()
#20 /home/alejandro/play-work/playgroup-admin---laravel/vendor/laravel/framework/src/Illuminate/Container/BoundMethod.php(37): Illuminate\\Container\\BoundMethod::callBoundMethod()
#21 /home/alejandro/play-work/playgroup-admin---laravel/vendor/laravel/framework/src/Illuminate/Container/Container.php(590): Illuminate\\Container\\BoundMethod::call()
#22 /home/alejandro/play-work/playgroup-admin---laravel/vendor/laravel/framework/src/Illuminate/Console/Command.php(134): Illuminate\\Container\\Container->call()
#23 /home/alejandro/play-work/playgroup-admin---laravel/vendor/symfony/console/Command/Command.php(255): Illuminate\\Console\\Command->execute()
#24 /home/alejandro/play-work/playgroup-admin---laravel/vendor/laravel/framework/src/Illuminate/Console/Command.php(121): Symfony\\Component\\Console\\Command\\Command->run()
#25 /home/alejandro/play-work/playgroup-admin---laravel/vendor/laravel/framework/src/Illuminate/Console/Concerns/CallsCommands.php(56): Illuminate\\Console\\Command->run()
#26 /home/alejandro/play-work/playgroup-admin---laravel/vendor/laravel/framework/src/Illuminate/Console/Concerns/CallsCommands.php(28): Illuminate\\Console\\Command->runCommand()
#27 /home/alejandro/play-work/playgroup-admin---laravel/vendor/laravel/framework/src/Illuminate/Database/Console/Migrations/FreshCommand.php(41): Illuminate\\Console\\Command->call()
#28 /home/alejandro/play-work/playgroup-admin---laravel/vendor/laravel/framework/src/Illuminate/Container/BoundMethod.php(36): Illuminate\\Database\\Console\\Migrations\\FreshCommand->handle()
#29 /home/alejandro/play-work/playgroup-admin---laravel/vendor/laravel/framework/src/Illuminate/Container/Util.php(37): Illuminate\\Container\\BoundMethod::Illuminate\\Container\\{closure}()
#30 /home/alejandro/play-work/playgroup-admin---laravel/vendor/laravel/framework/src/Illuminate/Container/BoundMethod.php(93): Illuminate\\Container\\Util::unwrapIfClosure()
#31 /home/alejandro/play-work/playgroup-admin---laravel/vendor/laravel/framework/src/Illuminate/Container/BoundMethod.php(37): Illuminate\\Container\\BoundMethod::callBoundMethod()
#32 /home/alejandro/play-work/playgroup-admin---laravel/vendor/laravel/framework/src/Illuminate/Container/Container.php(590): Illuminate\\Container\\BoundMethod::call()
#33 /home/alejandro/play-work/playgroup-admin---laravel/vendor/laravel/framework/src/Illuminate/Console/Command.php(134): Illuminate\\Container\\Container->call()
#34 /home/alejandro/play-work/playgroup-admin---laravel/vendor/symfony/console/Command/Command.php(255): Illuminate\\Console\\Command->execute()
#35 /home/alejandro/play-work/playgroup-admin---laravel/vendor/laravel/framework/src/Illuminate/Console/Command.php(121): Symfony\\Component\\Console\\Command\\Command->run()
#36 /home/alejandro/play-work/playgroup-admin---laravel/vendor/symfony/console/Application.php(1021): Illuminate\\Console\\Command->run()
#37 /home/alejandro/play-work/playgroup-admin---laravel/vendor/symfony/console/Application.php(275): Symfony\\Component\\Console\\Application->doRunCommand()
#38 /home/alejandro/play-work/playgroup-admin---laravel/vendor/symfony/console/Application.php(149): Symfony\\Component\\Console\\Application->doRun()
#39 /home/alejandro/play-work/playgroup-admin---laravel/vendor/laravel/framework/src/Illuminate/Console/Application.php(93): Symfony\\Component\\Console\\Application->run()
#40 /home/alejandro/play-work/playgroup-admin---laravel/vendor/laravel/framework/src/Illuminate/Foundation/Console/Kernel.php(131): Illuminate\\Console\\Application->run()
#41 /home/alejandro/play-work/playgroup-admin---laravel/artisan(37): Illuminate\\Foundation\\Console\\Kernel->handle()
#42 {main}

[previous exception] [object] (PDOException(code: 2002): SQLSTATE[HY000] [2002] No such file or directory at /home/alejandro/play-work/playgroup-admin---laravel/vendor/doctrine/dbal/lib/Doctrine/DBAL/Driver/PDOConnection.php:40)
[stacktrace]
#0 /home/alejandro/play-work/playgroup-admin---laravel/vendor/doctrine/dbal/lib/Doctrine/DBAL/Driver/PDOConnection.php(40): PDO->__construct()
#1 /home/alejandro/play-work/playgroup-admin---laravel/vendor/laravel/framework/src/Illuminate/Database/Connectors/Connector.php(67): Doctrine\\DBAL\\Driver\\PDOConnection->__construct()
#2 /home/alejandro/play-work/playgroup-admin---laravel/vendor/laravel/framework/src/Illuminate/Database/Connectors/Connector.php(46): Illuminate\\Database\\Connectors\\Connector->createPdoConnection()
#3 /home/alejandro/play-work/playgroup-admin---laravel/vendor/laravel/framework/src/Illuminate/Database/Connectors/MySqlConnector.php(24): Illuminate\\Database\\Connectors\\Connector->createConnection()
#4 /home/alejandro/play-work/playgroup-admin---laravel/vendor/laravel/framework/src/Illuminate/Database/Connectors/ConnectionFactory.php(182): Illuminate\\Database\\Connectors\\MySqlConnector->connect()
#5 [internal function]: Illuminate\\Database\\Connectors\\ConnectionFactory->Illuminate\\Database\\Connectors\\{closure}()
#6 /home/alejandro/play-work/playgroup-admin---laravel/vendor/laravel/framework/src/Illuminate/Database/Connection.php(924): call_user_func()
#7 /home/alejandro/play-work/playgroup-admin---laravel/vendor/laravel/framework/src/Illuminate/Database/Connection.php(959): Illuminate\\Database\\Connection->getPdo()
#8 /home/alejandro/play-work/playgroup-admin---laravel/vendor/laravel/framework/src/Illuminate/Database/Connection.php(404): Illuminate\\Database\\Connection->getReadPdo()
#9 /home/alejandro/play-work/playgroup-admin---laravel/vendor/laravel/framework/src/Illuminate/Database/Connection.php(330): Illuminate\\Database\\Connection->getPdoForSelect()
#10 /home/alejandro/play-work/playgroup-admin---laravel/vendor/laravel/framework/src/Illuminate/Database/Connection.php(662): Illuminate\\Database\\Connection->Illuminate\\Database\\{closure}()
#11 /home/alejandro/play-work/playgroup-admin---laravel/vendor/laravel/framework/src/Illuminate/Database/Connection.php(629): Illuminate\\Database\\Connection->runQueryCallback()
#12 /home/alejandro/play-work/playgroup-admin---laravel/vendor/laravel/framework/src/Illuminate/Database/Connection.php(338): Illuminate\\Database\\Connection->run()
#13 /home/alejandro/play-work/playgroup-admin---laravel/vendor/laravel/framework/src/Illuminate/Database/Schema/MySqlBuilder.php(99): Illuminate\\Database\\Connection->select()
#14 /home/alejandro/play-work/playgroup-admin---laravel/vendor/laravel/framework/src/Illuminate/Database/Schema/MySqlBuilder.php(48): Illuminate\\Database\\Schema\\MySqlBuilder->getAllTables()
#15 /home/alejandro/play-work/playgroup-admin---laravel/vendor/laravel/framework/src/Illuminate/Database/Console/WipeCommand.php(67): Illuminate\\Database\\Schema\\MySqlBuilder->dropAllTables()
#16 /home/alejandro/play-work/playgroup-admin---laravel/vendor/laravel/framework/src/Illuminate/Database/Console/WipeCommand.php(46): Illuminate\\Database\\Console\\WipeCommand->dropAllTables()
#17 /home/alejandro/play-work/playgroup-admin---laravel/vendor/laravel/framework/src/Illuminate/Container/BoundMethod.php(36): Illuminate\\Database\\Console\\WipeCommand->handle()
#18 /home/alejandro/play-work/playgroup-admin---laravel/vendor/laravel/framework/src/Illuminate/Container/Util.php(37): Illuminate\\Container\\BoundMethod::Illuminate\\Container\\{closure}()
#19 /home/alejandro/play-work/playgroup-admin---laravel/vendor/laravel/framework/src/Illuminate/Container/BoundMethod.php(93): Illuminate\\Container\\Util::unwrapIfClosure()
#20 /home/alejandro/play-work/playgroup-admin---laravel/vendor/laravel/framework/src/Illuminate/Container/BoundMethod.php(37): Illuminate\\Container\\BoundMethod::callBoundMethod()
#21 /home/alejandro/play-work/playgroup-admin---laravel/vendor/laravel/framework/src/Illuminate/Container/Container.php(590): Illuminate\\Container\\BoundMethod::call()
#22 /home/alejandro/play-work/playgroup-admin---laravel/vendor/laravel/framework/src/Illuminate/Console/Command.php(134): Illuminate\\Container\\Container->call()
#23 /home/alejandro/play-work/playgroup-admin---laravel/vendor/symfony/console/Command/Command.php(255): Illuminate\\Console\\Command->execute()
#24 /home/alejandro/play-work/playgroup-admin---laravel/vendor/laravel/framework/src/Illuminate/Console/Command.php(121): Symfony\\Component\\Console\\Command\\Command->run()
#25 /home/alejandro/play-work/playgroup-admin---laravel/vendor/laravel/framework/src/Illuminate/Console/Concerns/CallsCommands.php(56): Illuminate\\Console\\Command->run()
#26 /home/alejandro/play-work/playgroup-admin---laravel/vendor/laravel/framework/src/Illuminate/Console/Concerns/CallsCommands.php(28): Illuminate\\Console\\Command->runCommand()
#27 /home/alejandro/play-work/playgroup-admin---laravel/vendor/laravel/framework/src/Illuminate/Database/Console/Migrations/FreshCommand.php(41): Illuminate\\Console\\Command->call()
#28 /home/alejandro/play-work/playgroup-admin---laravel/vendor/laravel/framework/src/Illuminate/Container/BoundMethod.php(36): Illuminate\\Database\\Console\\Migrations\\FreshCommand->handle()
#29 /home/alejandro/play-work/playgroup-admin---laravel/vendor/laravel/framework/src/Illuminate/Container/Util.php(37): Illuminate\\Container\\BoundMethod::Illuminate\\Container\\{closure}()
#30 /home/alejandro/play-work/playgroup-admin---laravel/vendor/laravel/framework/src/Illuminate/Container/BoundMethod.php(93): Illuminate\\Container\\Util::unwrapIfClosure()
#31 /home/alejandro/play-work/playgroup-admin---laravel/vendor/laravel/framework/src/Illuminate/Container/BoundMethod.php(37): Illuminate\\Container\\BoundMethod::callBoundMethod()
#32 /home/alejandro/play-work/playgroup-admin---laravel/vendor/laravel/framework/src/Illuminate/Container/Container.php(590): Illuminate\\Container\\BoundMethod::call()
#33 /home/alejandro/play-work/playgroup-admin---laravel/vendor/laravel/framework/src/Illuminate/Console/Command.php(134): Illuminate\\Container\\Container->call()
#34 /home/alejandro/play-work/playgroup-admin---laravel/vendor/symfony/console/Command/Command.php(255): Illuminate\\Console\\Command->execute()
#35 /home/alejandro/play-work/playgroup-admin---laravel/vendor/laravel/framework/src/Illuminate/Console/Command.php(121): Symfony\\Component\\Console\\Command\\Command->run()
#36 /home/alejandro/play-work/playgroup-admin---laravel/vendor/symfony/console/Application.php(1021): Illuminate\\Console\\Command->run()
#37 /home/alejandro/play-work/playgroup-admin---laravel/vendor/symfony/console/Application.php(275): Symfony\\Component\\Console\\Application->doRunCommand()
#38 /home/alejandro/play-work/playgroup-admin---laravel/vendor/symfony/console/Application.php(149): Symfony\\Component\\Console\\Application->doRun()
#39 /home/alejandro/play-work/playgroup-admin---laravel/vendor/laravel/framework/src/Illuminate/Console/Application.php(93): Symfony\\Component\\Console\\Application->run()
#40 /home/alejandro/play-work/playgroup-admin---laravel/vendor/laravel/framework/src/Illuminate/Foundation/Console/Kernel.php(131): Illuminate\\Console\\Application->run()
#41 /home/alejandro/play-work/playgroup-admin---laravel/artisan(37): Illuminate\\Foundation\\Console\\Kernel->handle()
#42 {main}
"} 
[2025-05-20 09:11:09] local.ERROR: SQLSTATE[42S22]: Column not found: 1054 Unknown column 'position' in 'field list' (SQL: select `name`, `image`, `position`, `category` from `awards` order by `index` asc) {"exception":"[object] (Illuminate\\Database\\QueryException(code: 42S22): SQLSTATE[42S22]: Column not found: 1054 Unknown column 'position' in 'field list' (SQL: select `name`, `image`, `position`, `category` from `awards` order by `index` asc) at /home/alejandro/play-work/playgroup-admin---laravel/vendor/laravel/framework/src/Illuminate/Database/Connection.php:669)
[stacktrace]
#0 /home/alejandro/play-work/playgroup-admin---laravel/vendor/laravel/framework/src/Illuminate/Database/Connection.php(629): Illuminate\\Database\\Connection->runQueryCallback()
#1 /home/alejandro/play-work/playgroup-admin---laravel/vendor/laravel/framework/src/Illuminate/Database/Connection.php(338): Illuminate\\Database\\Connection->run()
#2 /home/alejandro/play-work/playgroup-admin---laravel/vendor/laravel/framework/src/Illuminate/Database/Query/Builder.php(2159): Illuminate\\Database\\Connection->select()
#3 /home/alejandro/play-work/playgroup-admin---laravel/vendor/laravel/framework/src/Illuminate/Database/Query/Builder.php(2147): Illuminate\\Database\\Query\\Builder->runSelect()
#4 /home/alejandro/play-work/playgroup-admin---laravel/vendor/laravel/framework/src/Illuminate/Database/Query/Builder.php(2619): Illuminate\\Database\\Query\\Builder->Illuminate\\Database\\Query\\{closure}()
#5 /home/alejandro/play-work/playgroup-admin---laravel/vendor/laravel/framework/src/Illuminate/Database/Query/Builder.php(2148): Illuminate\\Database\\Query\\Builder->onceWithColumns()
#6 /home/alejandro/play-work/playgroup-admin---laravel/vendor/laravel/framework/src/Illuminate/Database/Eloquent/Builder.php(546): Illuminate\\Database\\Query\\Builder->get()
#7 /home/alejandro/play-work/playgroup-admin---laravel/vendor/laravel/framework/src/Illuminate/Database/Eloquent/Builder.php(530): Illuminate\\Database\\Eloquent\\Builder->getModels()
#8 /home/alejandro/play-work/playgroup-admin---laravel/app/Http/Controllers/Api/PageController.php(78): Illuminate\\Database\\Eloquent\\Builder->get()
#9 /home/alejandro/play-work/playgroup-admin---laravel/vendor/laravel/framework/src/Illuminate/Routing/Controller.php(54): App\\Http\\Controllers\\Api\\PageController->home()
#10 /home/alejandro/play-work/playgroup-admin---laravel/vendor/laravel/framework/src/Illuminate/Routing/ControllerDispatcher.php(45): Illuminate\\Routing\\Controller->callAction()
#11 /home/alejandro/play-work/playgroup-admin---laravel/vendor/laravel/framework/src/Illuminate/Routing/Route.php(219): Illuminate\\Routing\\ControllerDispatcher->dispatch()
#12 /home/alejandro/play-work/playgroup-admin---laravel/vendor/laravel/framework/src/Illuminate/Routing/Route.php(176): Illuminate\\Routing\\Route->runController()
#13 /home/alejandro/play-work/playgroup-admin---laravel/vendor/laravel/framework/src/Illuminate/Routing/Router.php(681): Illuminate\\Routing\\Route->run()
#14 /home/alejandro/play-work/playgroup-admin---laravel/vendor/laravel/framework/src/Illuminate/Pipeline/Pipeline.php(130): Illuminate\\Routing\\Router->Illuminate\\Routing\\{closure}()
#15 /home/alejandro/play-work/playgroup-admin---laravel/vendor/laravel/framework/src/Illuminate/Routing/Middleware/SubstituteBindings.php(41): Illuminate\\Pipeline\\Pipeline->Illuminate\\Pipeline\\{closure}()
#16 /home/alejandro/play-work/playgroup-admin---laravel/vendor/laravel/framework/src/Illuminate/Pipeline/Pipeline.php(171): Illuminate\\Routing\\Middleware\\SubstituteBindings->handle()
#17 /home/alejandro/play-work/playgroup-admin---laravel/vendor/laravel/framework/src/Illuminate/Pipeline/Pipeline.php(105): Illuminate\\Pipeline\\Pipeline->Illuminate\\Pipeline\\{closure}()
#18 /home/alejandro/play-work/playgroup-admin---laravel/vendor/laravel/framework/src/Illuminate/Routing/Router.php(683): Illuminate\\Pipeline\\Pipeline->then()
#19 /home/alejandro/play-work/playgroup-admin---laravel/vendor/laravel/framework/src/Illuminate/Routing/Router.php(658): Illuminate\\Routing\\Router->runRouteWithinStack()
#20 /home/alejandro/play-work/playgroup-admin---laravel/vendor/laravel/framework/src/Illuminate/Routing/Router.php(624): Illuminate\\Routing\\Router->runRoute()
#21 /home/alejandro/play-work/playgroup-admin---laravel/vendor/laravel/framework/src/Illuminate/Routing/Router.php(613): Illuminate\\Routing\\Router->dispatchToRoute()
#22 /home/alejandro/play-work/playgroup-admin---laravel/vendor/laravel/framework/src/Illuminate/Foundation/Http/Kernel.php(170): Illuminate\\Routing\\Router->dispatch()
#23 /home/alejandro/play-work/playgroup-admin---laravel/vendor/laravel/framework/src/Illuminate/Pipeline/Pipeline.php(130): Illuminate\\Foundation\\Http\\Kernel->Illuminate\\Foundation\\Http\\{closure}()
#24 /home/alejandro/play-work/playgroup-admin---laravel/vendor/laravel/framework/src/Illuminate/Foundation/Http/Middleware/TransformsRequest.php(21): Illuminate\\Pipeline\\Pipeline->Illuminate\\Pipeline\\{closure}()
#25 /home/alejandro/play-work/playgroup-admin---laravel/vendor/laravel/framework/src/Illuminate/Pipeline/Pipeline.php(171): Illuminate\\Foundation\\Http\\Middleware\\TransformsRequest->handle()
#26 /home/alejandro/play-work/playgroup-admin---laravel/vendor/laravel/framework/src/Illuminate/Foundation/Http/Middleware/TransformsRequest.php(21): Illuminate\\Pipeline\\Pipeline->Illuminate\\Pipeline\\{closure}()
#27 /home/alejandro/play-work/playgroup-admin---laravel/vendor/laravel/framework/src/Illuminate/Pipeline/Pipeline.php(171): Illuminate\\Foundation\\Http\\Middleware\\TransformsRequest->handle()
#28 /home/alejandro/play-work/playgroup-admin---laravel/vendor/laravel/framework/src/Illuminate/Foundation/Http/Middleware/ValidatePostSize.php(27): Illuminate\\Pipeline\\Pipeline->Illuminate\\Pipeline\\{closure}()
#29 /home/alejandro/play-work/playgroup-admin---laravel/vendor/laravel/framework/src/Illuminate/Pipeline/Pipeline.php(171): Illuminate\\Foundation\\Http\\Middleware\\ValidatePostSize->handle()
#30 /home/alejandro/play-work/playgroup-admin---laravel/vendor/laravel/framework/src/Illuminate/Foundation/Http/Middleware/CheckForMaintenanceMode.php(63): Illuminate\\Pipeline\\Pipeline->Illuminate\\Pipeline\\{closure}()
#31 /home/alejandro/play-work/playgroup-admin---laravel/vendor/laravel/framework/src/Illuminate/Pipeline/Pipeline.php(171): Illuminate\\Foundation\\Http\\Middleware\\CheckForMaintenanceMode->handle()
#32 /home/alejandro/play-work/playgroup-admin---laravel/vendor/fideloper/proxy/src/TrustProxies.php(57): Illuminate\\Pipeline\\Pipeline->Illuminate\\Pipeline\\{closure}()
#33 /home/alejandro/play-work/playgroup-admin---laravel/vendor/laravel/framework/src/Illuminate/Pipeline/Pipeline.php(171): Fideloper\\Proxy\\TrustProxies->handle()
#34 /home/alejandro/play-work/playgroup-admin---laravel/vendor/laravel/framework/src/Illuminate/Pipeline/Pipeline.php(105): Illuminate\\Pipeline\\Pipeline->Illuminate\\Pipeline\\{closure}()
#35 /home/alejandro/play-work/playgroup-admin---laravel/vendor/laravel/framework/src/Illuminate/Foundation/Http/Kernel.php(145): Illuminate\\Pipeline\\Pipeline->then()
#36 /home/alejandro/play-work/playgroup-admin---laravel/vendor/laravel/framework/src/Illuminate/Foundation/Http/Kernel.php(110): Illuminate\\Foundation\\Http\\Kernel->sendRequestThroughRouter()
#37 /home/alejandro/play-work/playgroup-admin---laravel/public/index.php(55): Illuminate\\Foundation\\Http\\Kernel->handle()
#38 /home/alejandro/play-work/playgroup-admin---laravel/server.php(21): require_once('/home/alejandro...')
#39 {main}

[previous exception] [object] (Doctrine\\DBAL\\Driver\\PDO\\Exception(code: 42S22): SQLSTATE[42S22]: Column not found: 1054 Unknown column 'position' in 'field list' at /home/alejandro/play-work/playgroup-admin---laravel/vendor/doctrine/dbal/lib/Doctrine/DBAL/Driver/PDO/Exception.php:18)
[stacktrace]
#0 /home/alejandro/play-work/playgroup-admin---laravel/vendor/doctrine/dbal/lib/Doctrine/DBAL/Driver/PDOConnection.php(87): Doctrine\\DBAL\\Driver\\PDO\\Exception::new()
#1 /home/alejandro/play-work/playgroup-admin---laravel/vendor/laravel/framework/src/Illuminate/Database/Connection.php(331): Doctrine\\DBAL\\Driver\\PDOConnection->prepare()
#2 /home/alejandro/play-work/playgroup-admin---laravel/vendor/laravel/framework/src/Illuminate/Database/Connection.php(662): Illuminate\\Database\\Connection->Illuminate\\Database\\{closure}()
#3 /home/alejandro/play-work/playgroup-admin---laravel/vendor/laravel/framework/src/Illuminate/Database/Connection.php(629): Illuminate\\Database\\Connection->runQueryCallback()
#4 /home/alejandro/play-work/playgroup-admin---laravel/vendor/laravel/framework/src/Illuminate/Database/Connection.php(338): Illuminate\\Database\\Connection->run()
#5 /home/alejandro/play-work/playgroup-admin---laravel/vendor/laravel/framework/src/Illuminate/Database/Query/Builder.php(2159): Illuminate\\Database\\Connection->select()
#6 /home/alejandro/play-work/playgroup-admin---laravel/vendor/laravel/framework/src/Illuminate/Database/Query/Builder.php(2147): Illuminate\\Database\\Query\\Builder->runSelect()
#7 /home/alejandro/play-work/playgroup-admin---laravel/vendor/laravel/framework/src/Illuminate/Database/Query/Builder.php(2619): Illuminate\\Database\\Query\\Builder->Illuminate\\Database\\Query\\{closure}()
#8 /home/alejandro/play-work/playgroup-admin---laravel/vendor/laravel/framework/src/Illuminate/Database/Query/Builder.php(2148): Illuminate\\Database\\Query\\Builder->onceWithColumns()
#9 /home/alejandro/play-work/playgroup-admin---laravel/vendor/laravel/framework/src/Illuminate/Database/Eloquent/Builder.php(546): Illuminate\\Database\\Query\\Builder->get()
#10 /home/alejandro/play-work/playgroup-admin---laravel/vendor/laravel/framework/src/Illuminate/Database/Eloquent/Builder.php(530): Illuminate\\Database\\Eloquent\\Builder->getModels()
#11 /home/alejandro/play-work/playgroup-admin---laravel/app/Http/Controllers/Api/PageController.php(78): Illuminate\\Database\\Eloquent\\Builder->get()
#12 /home/alejandro/play-work/playgroup-admin---laravel/vendor/laravel/framework/src/Illuminate/Routing/Controller.php(54): App\\Http\\Controllers\\Api\\PageController->home()
#13 /home/alejandro/play-work/playgroup-admin---laravel/vendor/laravel/framework/src/Illuminate/Routing/ControllerDispatcher.php(45): Illuminate\\Routing\\Controller->callAction()
#14 /home/alejandro/play-work/playgroup-admin---laravel/vendor/laravel/framework/src/Illuminate/Routing/Route.php(219): Illuminate\\Routing\\ControllerDispatcher->dispatch()
#15 /home/alejandro/play-work/playgroup-admin---laravel/vendor/laravel/framework/src/Illuminate/Routing/Route.php(176): Illuminate\\Routing\\Route->runController()
#16 /home/alejandro/play-work/playgroup-admin---laravel/vendor/laravel/framework/src/Illuminate/Routing/Router.php(681): Illuminate\\Routing\\Route->run()
#17 /home/alejandro/play-work/playgroup-admin---laravel/vendor/laravel/framework/src/Illuminate/Pipeline/Pipeline.php(130): Illuminate\\Routing\\Router->Illuminate\\Routing\\{closure}()
#18 /home/alejandro/play-work/playgroup-admin---laravel/vendor/laravel/framework/src/Illuminate/Routing/Middleware/SubstituteBindings.php(41): Illuminate\\Pipeline\\Pipeline->Illuminate\\Pipeline\\{closure}()
#19 /home/alejandro/play-work/playgroup-admin---laravel/vendor/laravel/framework/src/Illuminate/Pipeline/Pipeline.php(171): Illuminate\\Routing\\Middleware\\SubstituteBindings->handle()
#20 /home/alejandro/play-work/playgroup-admin---laravel/vendor/laravel/framework/src/Illuminate/Pipeline/Pipeline.php(105): Illuminate\\Pipeline\\Pipeline->Illuminate\\Pipeline\\{closure}()
#21 /home/alejandro/play-work/playgroup-admin---laravel/vendor/laravel/framework/src/Illuminate/Routing/Router.php(683): Illuminate\\Pipeline\\Pipeline->then()
#22 /home/alejandro/play-work/playgroup-admin---laravel/vendor/laravel/framework/src/Illuminate/Routing/Router.php(658): Illuminate\\Routing\\Router->runRouteWithinStack()
#23 /home/alejandro/play-work/playgroup-admin---laravel/vendor/laravel/framework/src/Illuminate/Routing/Router.php(624): Illuminate\\Routing\\Router->runRoute()
#24 /home/alejandro/play-work/playgroup-admin---laravel/vendor/laravel/framework/src/Illuminate/Routing/Router.php(613): Illuminate\\Routing\\Router->dispatchToRoute()
#25 /home/alejandro/play-work/playgroup-admin---laravel/vendor/laravel/framework/src/Illuminate/Foundation/Http/Kernel.php(170): Illuminate\\Routing\\Router->dispatch()
#26 /home/alejandro/play-work/playgroup-admin---laravel/vendor/laravel/framework/src/Illuminate/Pipeline/Pipeline.php(130): Illuminate\\Foundation\\Http\\Kernel->Illuminate\\Foundation\\Http\\{closure}()
#27 /home/alejandro/play-work/playgroup-admin---laravel/vendor/laravel/framework/src/Illuminate/Foundation/Http/Middleware/TransformsRequest.php(21): Illuminate\\Pipeline\\Pipeline->Illuminate\\Pipeline\\{closure}()
#28 /home/alejandro/play-work/playgroup-admin---laravel/vendor/laravel/framework/src/Illuminate/Pipeline/Pipeline.php(171): Illuminate\\Foundation\\Http\\Middleware\\TransformsRequest->handle()
#29 /home/alejandro/play-work/playgroup-admin---laravel/vendor/laravel/framework/src/Illuminate/Foundation/Http/Middleware/TransformsRequest.php(21): Illuminate\\Pipeline\\Pipeline->Illuminate\\Pipeline\\{closure}()
#30 /home/alejandro/play-work/playgroup-admin---laravel/vendor/laravel/framework/src/Illuminate/Pipeline/Pipeline.php(171): Illuminate\\Foundation\\Http\\Middleware\\TransformsRequest->handle()
#31 /home/alejandro/play-work/playgroup-admin---laravel/vendor/laravel/framework/src/Illuminate/Foundation/Http/Middleware/ValidatePostSize.php(27): Illuminate\\Pipeline\\Pipeline->Illuminate\\Pipeline\\{closure}()
#32 /home/alejandro/play-work/playgroup-admin---laravel/vendor/laravel/framework/src/Illuminate/Pipeline/Pipeline.php(171): Illuminate\\Foundation\\Http\\Middleware\\ValidatePostSize->handle()
#33 /home/alejandro/play-work/playgroup-admin---laravel/vendor/laravel/framework/src/Illuminate/Foundation/Http/Middleware/CheckForMaintenanceMode.php(63): Illuminate\\Pipeline\\Pipeline->Illuminate\\Pipeline\\{closure}()
#34 /home/alejandro/play-work/playgroup-admin---laravel/vendor/laravel/framework/src/Illuminate/Pipeline/Pipeline.php(171): Illuminate\\Foundation\\Http\\Middleware\\CheckForMaintenanceMode->handle()
#35 /home/alejandro/play-work/playgroup-admin---laravel/vendor/fideloper/proxy/src/TrustProxies.php(57): Illuminate\\Pipeline\\Pipeline->Illuminate\\Pipeline\\{closure}()
#36 /home/alejandro/play-work/playgroup-admin---laravel/vendor/laravel/framework/src/Illuminate/Pipeline/Pipeline.php(171): Fideloper\\Proxy\\TrustProxies->handle()
#37 /home/alejandro/play-work/playgroup-admin---laravel/vendor/laravel/framework/src/Illuminate/Pipeline/Pipeline.php(105): Illuminate\\Pipeline\\Pipeline->Illuminate\\Pipeline\\{closure}()
#38 /home/alejandro/play-work/playgroup-admin---laravel/vendor/laravel/framework/src/Illuminate/Foundation/Http/Kernel.php(145): Illuminate\\Pipeline\\Pipeline->then()
#39 /home/alejandro/play-work/playgroup-admin---laravel/vendor/laravel/framework/src/Illuminate/Foundation/Http/Kernel.php(110): Illuminate\\Foundation\\Http\\Kernel->sendRequestThroughRouter()
#40 /home/alejandro/play-work/playgroup-admin---laravel/public/index.php(55): Illuminate\\Foundation\\Http\\Kernel->handle()
#41 /home/alejandro/play-work/playgroup-admin---laravel/server.php(21): require_once('/home/alejandro...')
#42 {main}

[previous exception] [object] (PDOException(code: 42S22): SQLSTATE[42S22]: Column not found: 1054 Unknown column 'position' in 'field list' at /home/alejandro/play-work/playgroup-admin---laravel/vendor/doctrine/dbal/lib/Doctrine/DBAL/Driver/PDOConnection.php:82)
[stacktrace]
#0 /home/alejandro/play-work/playgroup-admin---laravel/vendor/doctrine/dbal/lib/Doctrine/DBAL/Driver/PDOConnection.php(82): PDO->prepare()
#1 /home/alejandro/play-work/playgroup-admin---laravel/vendor/laravel/framework/src/Illuminate/Database/Connection.php(331): Doctrine\\DBAL\\Driver\\PDOConnection->prepare()
#2 /home/alejandro/play-work/playgroup-admin---laravel/vendor/laravel/framework/src/Illuminate/Database/Connection.php(662): Illuminate\\Database\\Connection->Illuminate\\Database\\{closure}()
#3 /home/alejandro/play-work/playgroup-admin---laravel/vendor/laravel/framework/src/Illuminate/Database/Connection.php(629): Illuminate\\Database\\Connection->runQueryCallback()
#4 /home/alejandro/play-work/playgroup-admin---laravel/vendor/laravel/framework/src/Illuminate/Database/Connection.php(338): Illuminate\\Database\\Connection->run()
#5 /home/alejandro/play-work/playgroup-admin---laravel/vendor/laravel/framework/src/Illuminate/Database/Query/Builder.php(2159): Illuminate\\Database\\Connection->select()
#6 /home/alejandro/play-work/playgroup-admin---laravel/vendor/laravel/framework/src/Illuminate/Database/Query/Builder.php(2147): Illuminate\\Database\\Query\\Builder->runSelect()
#7 /home/alejandro/play-work/playgroup-admin---laravel/vendor/laravel/framework/src/Illuminate/Database/Query/Builder.php(2619): Illuminate\\Database\\Query\\Builder->Illuminate\\Database\\Query\\{closure}()
#8 /home/alejandro/play-work/playgroup-admin---laravel/vendor/laravel/framework/src/Illuminate/Database/Query/Builder.php(2148): Illuminate\\Database\\Query\\Builder->onceWithColumns()
#9 /home/alejandro/play-work/playgroup-admin---laravel/vendor/laravel/framework/src/Illuminate/Database/Eloquent/Builder.php(546): Illuminate\\Database\\Query\\Builder->get()
#10 /home/alejandro/play-work/playgroup-admin---laravel/vendor/laravel/framework/src/Illuminate/Database/Eloquent/Builder.php(530): Illuminate\\Database\\Eloquent\\Builder->getModels()
#11 /home/alejandro/play-work/playgroup-admin---laravel/app/Http/Controllers/Api/PageController.php(78): Illuminate\\Database\\Eloquent\\Builder->get()
#12 /home/alejandro/play-work/playgroup-admin---laravel/vendor/laravel/framework/src/Illuminate/Routing/Controller.php(54): App\\Http\\Controllers\\Api\\PageController->home()
#13 /home/alejandro/play-work/playgroup-admin---laravel/vendor/laravel/framework/src/Illuminate/Routing/ControllerDispatcher.php(45): Illuminate\\Routing\\Controller->callAction()
#14 /home/alejandro/play-work/playgroup-admin---laravel/vendor/laravel/framework/src/Illuminate/Routing/Route.php(219): Illuminate\\Routing\\ControllerDispatcher->dispatch()
#15 /home/alejandro/play-work/playgroup-admin---laravel/vendor/laravel/framework/src/Illuminate/Routing/Route.php(176): Illuminate\\Routing\\Route->runController()
#16 /home/alejandro/play-work/playgroup-admin---laravel/vendor/laravel/framework/src/Illuminate/Routing/Router.php(681): Illuminate\\Routing\\Route->run()
#17 /home/alejandro/play-work/playgroup-admin---laravel/vendor/laravel/framework/src/Illuminate/Pipeline/Pipeline.php(130): Illuminate\\Routing\\Router->Illuminate\\Routing\\{closure}()
#18 /home/alejandro/play-work/playgroup-admin---laravel/vendor/laravel/framework/src/Illuminate/Routing/Middleware/SubstituteBindings.php(41): Illuminate\\Pipeline\\Pipeline->Illuminate\\Pipeline\\{closure}()
#19 /home/alejandro/play-work/playgroup-admin---laravel/vendor/laravel/framework/src/Illuminate/Pipeline/Pipeline.php(171): Illuminate\\Routing\\Middleware\\SubstituteBindings->handle()
#20 /home/alejandro/play-work/playgroup-admin---laravel/vendor/laravel/framework/src/Illuminate/Pipeline/Pipeline.php(105): Illuminate\\Pipeline\\Pipeline->Illuminate\\Pipeline\\{closure}()
#21 /home/alejandro/play-work/playgroup-admin---laravel/vendor/laravel/framework/src/Illuminate/Routing/Router.php(683): Illuminate\\Pipeline\\Pipeline->then()
#22 /home/alejandro/play-work/playgroup-admin---laravel/vendor/laravel/framework/src/Illuminate/Routing/Router.php(658): Illuminate\\Routing\\Router->runRouteWithinStack()
#23 /home/alejandro/play-work/playgroup-admin---laravel/vendor/laravel/framework/src/Illuminate/Routing/Router.php(624): Illuminate\\Routing\\Router->runRoute()
#24 /home/alejandro/play-work/playgroup-admin---laravel/vendor/laravel/framework/src/Illuminate/Routing/Router.php(613): Illuminate\\Routing\\Router->dispatchToRoute()
#25 /home/alejandro/play-work/playgroup-admin---laravel/vendor/laravel/framework/src/Illuminate/Foundation/Http/Kernel.php(170): Illuminate\\Routing\\Router->dispatch()
#26 /home/alejandro/play-work/playgroup-admin---laravel/vendor/laravel/framework/src/Illuminate/Pipeline/Pipeline.php(130): Illuminate\\Foundation\\Http\\Kernel->Illuminate\\Foundation\\Http\\{closure}()
#27 /home/alejandro/play-work/playgroup-admin---laravel/vendor/laravel/framework/src/Illuminate/Foundation/Http/Middleware/TransformsRequest.php(21): Illuminate\\Pipeline\\Pipeline->Illuminate\\Pipeline\\{closure}()
#28 /home/alejandro/play-work/playgroup-admin---laravel/vendor/laravel/framework/src/Illuminate/Pipeline/Pipeline.php(171): Illuminate\\Foundation\\Http\\Middleware\\TransformsRequest->handle()
#29 /home/alejandro/play-work/playgroup-admin---laravel/vendor/laravel/framework/src/Illuminate/Foundation/Http/Middleware/TransformsRequest.php(21): Illuminate\\Pipeline\\Pipeline->Illuminate\\Pipeline\\{closure}()
#30 /home/alejandro/play-work/playgroup-admin---laravel/vendor/laravel/framework/src/Illuminate/Pipeline/Pipeline.php(171): Illuminate\\Foundation\\Http\\Middleware\\TransformsRequest->handle()
#31 /home/alejandro/play-work/playgroup-admin---laravel/vendor/laravel/framework/src/Illuminate/Foundation/Http/Middleware/ValidatePostSize.php(27): Illuminate\\Pipeline\\Pipeline->Illuminate\\Pipeline\\{closure}()
#32 /home/alejandro/play-work/playgroup-admin---laravel/vendor/laravel/framework/src/Illuminate/Pipeline/Pipeline.php(171): Illuminate\\Foundation\\Http\\Middleware\\ValidatePostSize->handle()
#33 /home/alejandro/play-work/playgroup-admin---laravel/vendor/laravel/framework/src/Illuminate/Foundation/Http/Middleware/CheckForMaintenanceMode.php(63): Illuminate\\Pipeline\\Pipeline->Illuminate\\Pipeline\\{closure}()
#34 /home/alejandro/play-work/playgroup-admin---laravel/vendor/laravel/framework/src/Illuminate/Pipeline/Pipeline.php(171): Illuminate\\Foundation\\Http\\Middleware\\CheckForMaintenanceMode->handle()
#35 /home/alejandro/play-work/playgroup-admin---laravel/vendor/fideloper/proxy/src/TrustProxies.php(57): Illuminate\\Pipeline\\Pipeline->Illuminate\\Pipeline\\{closure}()
#36 /home/alejandro/play-work/playgroup-admin---laravel/vendor/laravel/framework/src/Illuminate/Pipeline/Pipeline.php(171): Fideloper\\Proxy\\TrustProxies->handle()
#37 /home/alejandro/play-work/playgroup-admin---laravel/vendor/laravel/framework/src/Illuminate/Pipeline/Pipeline.php(105): Illuminate\\Pipeline\\Pipeline->Illuminate\\Pipeline\\{closure}()
#38 /home/alejandro/play-work/playgroup-admin---laravel/vendor/laravel/framework/src/Illuminate/Foundation/Http/Kernel.php(145): Illuminate\\Pipeline\\Pipeline->then()
#39 /home/alejandro/play-work/playgroup-admin---laravel/vendor/laravel/framework/src/Illuminate/Foundation/Http/Kernel.php(110): Illuminate\\Foundation\\Http\\Kernel->sendRequestThroughRouter()
#40 /home/alejandro/play-work/playgroup-admin---laravel/public/index.php(55): Illuminate\\Foundation\\Http\\Kernel->handle()
#41 /home/alejandro/play-work/playgroup-admin---laravel/server.php(21): require_once('/home/alejandro...')
#42 {main}
"} 
[2025-05-20 09:11:09] local.ERROR: SQLSTATE[42S22]: Column not found: 1054 Unknown column 'position' in 'field list' (SQL: select `name`, `image`, `position`, `category` from `awards` order by `index` asc) {"exception":"[object] (Illuminate\\Database\\QueryException(code: 42S22): SQLSTATE[42S22]: Column not found: 1054 Unknown column 'position' in 'field list' (SQL: select `name`, `image`, `position`, `category` from `awards` order by `index` asc) at /home/alejandro/play-work/playgroup-admin---laravel/vendor/laravel/framework/src/Illuminate/Database/Connection.php:669)
[stacktrace]
#0 /home/alejandro/play-work/playgroup-admin---laravel/vendor/laravel/framework/src/Illuminate/Database/Connection.php(629): Illuminate\\Database\\Connection->runQueryCallback()
#1 /home/alejandro/play-work/playgroup-admin---laravel/vendor/laravel/framework/src/Illuminate/Database/Connection.php(338): Illuminate\\Database\\Connection->run()
#2 /home/alejandro/play-work/playgroup-admin---laravel/vendor/laravel/framework/src/Illuminate/Database/Query/Builder.php(2159): Illuminate\\Database\\Connection->select()
#3 /home/alejandro/play-work/playgroup-admin---laravel/vendor/laravel/framework/src/Illuminate/Database/Query/Builder.php(2147): Illuminate\\Database\\Query\\Builder->runSelect()
#4 /home/alejandro/play-work/playgroup-admin---laravel/vendor/laravel/framework/src/Illuminate/Database/Query/Builder.php(2619): Illuminate\\Database\\Query\\Builder->Illuminate\\Database\\Query\\{closure}()
#5 /home/alejandro/play-work/playgroup-admin---laravel/vendor/laravel/framework/src/Illuminate/Database/Query/Builder.php(2148): Illuminate\\Database\\Query\\Builder->onceWithColumns()
#6 /home/alejandro/play-work/playgroup-admin---laravel/vendor/laravel/framework/src/Illuminate/Database/Eloquent/Builder.php(546): Illuminate\\Database\\Query\\Builder->get()
#7 /home/alejandro/play-work/playgroup-admin---laravel/vendor/laravel/framework/src/Illuminate/Database/Eloquent/Builder.php(530): Illuminate\\Database\\Eloquent\\Builder->getModels()
#8 /home/alejandro/play-work/playgroup-admin---laravel/app/Http/Controllers/Api/PageController.php(78): Illuminate\\Database\\Eloquent\\Builder->get()
#9 /home/alejandro/play-work/playgroup-admin---laravel/vendor/laravel/framework/src/Illuminate/Routing/Controller.php(54): App\\Http\\Controllers\\Api\\PageController->home()
#10 /home/alejandro/play-work/playgroup-admin---laravel/vendor/laravel/framework/src/Illuminate/Routing/ControllerDispatcher.php(45): Illuminate\\Routing\\Controller->callAction()
#11 /home/alejandro/play-work/playgroup-admin---laravel/vendor/laravel/framework/src/Illuminate/Routing/Route.php(219): Illuminate\\Routing\\ControllerDispatcher->dispatch()
#12 /home/alejandro/play-work/playgroup-admin---laravel/vendor/laravel/framework/src/Illuminate/Routing/Route.php(176): Illuminate\\Routing\\Route->runController()
#13 /home/alejandro/play-work/playgroup-admin---laravel/vendor/laravel/framework/src/Illuminate/Routing/Router.php(681): Illuminate\\Routing\\Route->run()
#14 /home/alejandro/play-work/playgroup-admin---laravel/vendor/laravel/framework/src/Illuminate/Pipeline/Pipeline.php(130): Illuminate\\Routing\\Router->Illuminate\\Routing\\{closure}()
#15 /home/alejandro/play-work/playgroup-admin---laravel/vendor/laravel/framework/src/Illuminate/Routing/Middleware/SubstituteBindings.php(41): Illuminate\\Pipeline\\Pipeline->Illuminate\\Pipeline\\{closure}()
#16 /home/alejandro/play-work/playgroup-admin---laravel/vendor/laravel/framework/src/Illuminate/Pipeline/Pipeline.php(171): Illuminate\\Routing\\Middleware\\SubstituteBindings->handle()
#17 /home/alejandro/play-work/playgroup-admin---laravel/vendor/laravel/framework/src/Illuminate/Pipeline/Pipeline.php(105): Illuminate\\Pipeline\\Pipeline->Illuminate\\Pipeline\\{closure}()
#18 /home/alejandro/play-work/playgroup-admin---laravel/vendor/laravel/framework/src/Illuminate/Routing/Router.php(683): Illuminate\\Pipeline\\Pipeline->then()
#19 /home/alejandro/play-work/playgroup-admin---laravel/vendor/laravel/framework/src/Illuminate/Routing/Router.php(658): Illuminate\\Routing\\Router->runRouteWithinStack()
#20 /home/alejandro/play-work/playgroup-admin---laravel/vendor/laravel/framework/src/Illuminate/Routing/Router.php(624): Illuminate\\Routing\\Router->runRoute()
#21 /home/alejandro/play-work/playgroup-admin---laravel/vendor/laravel/framework/src/Illuminate/Routing/Router.php(613): Illuminate\\Routing\\Router->dispatchToRoute()
#22 /home/alejandro/play-work/playgroup-admin---laravel/vendor/laravel/framework/src/Illuminate/Foundation/Http/Kernel.php(170): Illuminate\\Routing\\Router->dispatch()
#23 /home/alejandro/play-work/playgroup-admin---laravel/vendor/laravel/framework/src/Illuminate/Pipeline/Pipeline.php(130): Illuminate\\Foundation\\Http\\Kernel->Illuminate\\Foundation\\Http\\{closure}()
#24 /home/alejandro/play-work/playgroup-admin---laravel/vendor/laravel/framework/src/Illuminate/Foundation/Http/Middleware/TransformsRequest.php(21): Illuminate\\Pipeline\\Pipeline->Illuminate\\Pipeline\\{closure}()
#25 /home/alejandro/play-work/playgroup-admin---laravel/vendor/laravel/framework/src/Illuminate/Pipeline/Pipeline.php(171): Illuminate\\Foundation\\Http\\Middleware\\TransformsRequest->handle()
#26 /home/alejandro/play-work/playgroup-admin---laravel/vendor/laravel/framework/src/Illuminate/Foundation/Http/Middleware/TransformsRequest.php(21): Illuminate\\Pipeline\\Pipeline->Illuminate\\Pipeline\\{closure}()
#27 /home/alejandro/play-work/playgroup-admin---laravel/vendor/laravel/framework/src/Illuminate/Pipeline/Pipeline.php(171): Illuminate\\Foundation\\Http\\Middleware\\TransformsRequest->handle()
#28 /home/alejandro/play-work/playgroup-admin---laravel/vendor/laravel/framework/src/Illuminate/Foundation/Http/Middleware/ValidatePostSize.php(27): Illuminate\\Pipeline\\Pipeline->Illuminate\\Pipeline\\{closure}()
#29 /home/alejandro/play-work/playgroup-admin---laravel/vendor/laravel/framework/src/Illuminate/Pipeline/Pipeline.php(171): Illuminate\\Foundation\\Http\\Middleware\\ValidatePostSize->handle()
#30 /home/alejandro/play-work/playgroup-admin---laravel/vendor/laravel/framework/src/Illuminate/Foundation/Http/Middleware/CheckForMaintenanceMode.php(63): Illuminate\\Pipeline\\Pipeline->Illuminate\\Pipeline\\{closure}()
#31 /home/alejandro/play-work/playgroup-admin---laravel/vendor/laravel/framework/src/Illuminate/Pipeline/Pipeline.php(171): Illuminate\\Foundation\\Http\\Middleware\\CheckForMaintenanceMode->handle()
#32 /home/alejandro/play-work/playgroup-admin---laravel/vendor/fideloper/proxy/src/TrustProxies.php(57): Illuminate\\Pipeline\\Pipeline->Illuminate\\Pipeline\\{closure}()
#33 /home/alejandro/play-work/playgroup-admin---laravel/vendor/laravel/framework/src/Illuminate/Pipeline/Pipeline.php(171): Fideloper\\Proxy\\TrustProxies->handle()
#34 /home/alejandro/play-work/playgroup-admin---laravel/vendor/laravel/framework/src/Illuminate/Pipeline/Pipeline.php(105): Illuminate\\Pipeline\\Pipeline->Illuminate\\Pipeline\\{closure}()
#35 /home/alejandro/play-work/playgroup-admin---laravel/vendor/laravel/framework/src/Illuminate/Foundation/Http/Kernel.php(145): Illuminate\\Pipeline\\Pipeline->then()
#36 /home/alejandro/play-work/playgroup-admin---laravel/vendor/laravel/framework/src/Illuminate/Foundation/Http/Kernel.php(110): Illuminate\\Foundation\\Http\\Kernel->sendRequestThroughRouter()
#37 /home/alejandro/play-work/playgroup-admin---laravel/public/index.php(55): Illuminate\\Foundation\\Http\\Kernel->handle()
#38 /home/alejandro/play-work/playgroup-admin---laravel/server.php(21): require_once('/home/alejandro...')
#39 {main}

[previous exception] [object] (Doctrine\\DBAL\\Driver\\PDO\\Exception(code: 42S22): SQLSTATE[42S22]: Column not found: 1054 Unknown column 'position' in 'field list' at /home/alejandro/play-work/playgroup-admin---laravel/vendor/doctrine/dbal/lib/Doctrine/DBAL/Driver/PDO/Exception.php:18)
[stacktrace]
#0 /home/alejandro/play-work/playgroup-admin---laravel/vendor/doctrine/dbal/lib/Doctrine/DBAL/Driver/PDOConnection.php(87): Doctrine\\DBAL\\Driver\\PDO\\Exception::new()
#1 /home/alejandro/play-work/playgroup-admin---laravel/vendor/laravel/framework/src/Illuminate/Database/Connection.php(331): Doctrine\\DBAL\\Driver\\PDOConnection->prepare()
#2 /home/alejandro/play-work/playgroup-admin---laravel/vendor/laravel/framework/src/Illuminate/Database/Connection.php(662): Illuminate\\Database\\Connection->Illuminate\\Database\\{closure}()
#3 /home/alejandro/play-work/playgroup-admin---laravel/vendor/laravel/framework/src/Illuminate/Database/Connection.php(629): Illuminate\\Database\\Connection->runQueryCallback()
#4 /home/alejandro/play-work/playgroup-admin---laravel/vendor/laravel/framework/src/Illuminate/Database/Connection.php(338): Illuminate\\Database\\Connection->run()
#5 /home/alejandro/play-work/playgroup-admin---laravel/vendor/laravel/framework/src/Illuminate/Database/Query/Builder.php(2159): Illuminate\\Database\\Connection->select()
#6 /home/alejandro/play-work/playgroup-admin---laravel/vendor/laravel/framework/src/Illuminate/Database/Query/Builder.php(2147): Illuminate\\Database\\Query\\Builder->runSelect()
#7 /home/alejandro/play-work/playgroup-admin---laravel/vendor/laravel/framework/src/Illuminate/Database/Query/Builder.php(2619): Illuminate\\Database\\Query\\Builder->Illuminate\\Database\\Query\\{closure}()
#8 /home/alejandro/play-work/playgroup-admin---laravel/vendor/laravel/framework/src/Illuminate/Database/Query/Builder.php(2148): Illuminate\\Database\\Query\\Builder->onceWithColumns()
#9 /home/alejandro/play-work/playgroup-admin---laravel/vendor/laravel/framework/src/Illuminate/Database/Eloquent/Builder.php(546): Illuminate\\Database\\Query\\Builder->get()
#10 /home/alejandro/play-work/playgroup-admin---laravel/vendor/laravel/framework/src/Illuminate/Database/Eloquent/Builder.php(530): Illuminate\\Database\\Eloquent\\Builder->getModels()
#11 /home/alejandro/play-work/playgroup-admin---laravel/app/Http/Controllers/Api/PageController.php(78): Illuminate\\Database\\Eloquent\\Builder->get()
#12 /home/alejandro/play-work/playgroup-admin---laravel/vendor/laravel/framework/src/Illuminate/Routing/Controller.php(54): App\\Http\\Controllers\\Api\\PageController->home()
#13 /home/alejandro/play-work/playgroup-admin---laravel/vendor/laravel/framework/src/Illuminate/Routing/ControllerDispatcher.php(45): Illuminate\\Routing\\Controller->callAction()
#14 /home/alejandro/play-work/playgroup-admin---laravel/vendor/laravel/framework/src/Illuminate/Routing/Route.php(219): Illuminate\\Routing\\ControllerDispatcher->dispatch()
#15 /home/alejandro/play-work/playgroup-admin---laravel/vendor/laravel/framework/src/Illuminate/Routing/Route.php(176): Illuminate\\Routing\\Route->runController()
#16 /home/alejandro/play-work/playgroup-admin---laravel/vendor/laravel/framework/src/Illuminate/Routing/Router.php(681): Illuminate\\Routing\\Route->run()
#17 /home/alejandro/play-work/playgroup-admin---laravel/vendor/laravel/framework/src/Illuminate/Pipeline/Pipeline.php(130): Illuminate\\Routing\\Router->Illuminate\\Routing\\{closure}()
#18 /home/alejandro/play-work/playgroup-admin---laravel/vendor/laravel/framework/src/Illuminate/Routing/Middleware/SubstituteBindings.php(41): Illuminate\\Pipeline\\Pipeline->Illuminate\\Pipeline\\{closure}()
#19 /home/alejandro/play-work/playgroup-admin---laravel/vendor/laravel/framework/src/Illuminate/Pipeline/Pipeline.php(171): Illuminate\\Routing\\Middleware\\SubstituteBindings->handle()
#20 /home/alejandro/play-work/playgroup-admin---laravel/vendor/laravel/framework/src/Illuminate/Pipeline/Pipeline.php(105): Illuminate\\Pipeline\\Pipeline->Illuminate\\Pipeline\\{closure}()
#21 /home/alejandro/play-work/playgroup-admin---laravel/vendor/laravel/framework/src/Illuminate/Routing/Router.php(683): Illuminate\\Pipeline\\Pipeline->then()
#22 /home/alejandro/play-work/playgroup-admin---laravel/vendor/laravel/framework/src/Illuminate/Routing/Router.php(658): Illuminate\\Routing\\Router->runRouteWithinStack()
#23 /home/alejandro/play-work/playgroup-admin---laravel/vendor/laravel/framework/src/Illuminate/Routing/Router.php(624): Illuminate\\Routing\\Router->runRoute()
#24 /home/alejandro/play-work/playgroup-admin---laravel/vendor/laravel/framework/src/Illuminate/Routing/Router.php(613): Illuminate\\Routing\\Router->dispatchToRoute()
#25 /home/alejandro/play-work/playgroup-admin---laravel/vendor/laravel/framework/src/Illuminate/Foundation/Http/Kernel.php(170): Illuminate\\Routing\\Router->dispatch()
#26 /home/alejandro/play-work/playgroup-admin---laravel/vendor/laravel/framework/src/Illuminate/Pipeline/Pipeline.php(130): Illuminate\\Foundation\\Http\\Kernel->Illuminate\\Foundation\\Http\\{closure}()
#27 /home/alejandro/play-work/playgroup-admin---laravel/vendor/laravel/framework/src/Illuminate/Foundation/Http/Middleware/TransformsRequest.php(21): Illuminate\\Pipeline\\Pipeline->Illuminate\\Pipeline\\{closure}()
#28 /home/alejandro/play-work/playgroup-admin---laravel/vendor/laravel/framework/src/Illuminate/Pipeline/Pipeline.php(171): Illuminate\\Foundation\\Http\\Middleware\\TransformsRequest->handle()
#29 /home/alejandro/play-work/playgroup-admin---laravel/vendor/laravel/framework/src/Illuminate/Foundation/Http/Middleware/TransformsRequest.php(21): Illuminate\\Pipeline\\Pipeline->Illuminate\\Pipeline\\{closure}()
#30 /home/alejandro/play-work/playgroup-admin---laravel/vendor/laravel/framework/src/Illuminate/Pipeline/Pipeline.php(171): Illuminate\\Foundation\\Http\\Middleware\\TransformsRequest->handle()
#31 /home/alejandro/play-work/playgroup-admin---laravel/vendor/laravel/framework/src/Illuminate/Foundation/Http/Middleware/ValidatePostSize.php(27): Illuminate\\Pipeline\\Pipeline->Illuminate\\Pipeline\\{closure}()
#32 /home/alejandro/play-work/playgroup-admin---laravel/vendor/laravel/framework/src/Illuminate/Pipeline/Pipeline.php(171): Illuminate\\Foundation\\Http\\Middleware\\ValidatePostSize->handle()
#33 /home/alejandro/play-work/playgroup-admin---laravel/vendor/laravel/framework/src/Illuminate/Foundation/Http/Middleware/CheckForMaintenanceMode.php(63): Illuminate\\Pipeline\\Pipeline->Illuminate\\Pipeline\\{closure}()
#34 /home/alejandro/play-work/playgroup-admin---laravel/vendor/laravel/framework/src/Illuminate/Pipeline/Pipeline.php(171): Illuminate\\Foundation\\Http\\Middleware\\CheckForMaintenanceMode->handle()
#35 /home/alejandro/play-work/playgroup-admin---laravel/vendor/fideloper/proxy/src/TrustProxies.php(57): Illuminate\\Pipeline\\Pipeline->Illuminate\\Pipeline\\{closure}()
#36 /home/alejandro/play-work/playgroup-admin---laravel/vendor/laravel/framework/src/Illuminate/Pipeline/Pipeline.php(171): Fideloper\\Proxy\\TrustProxies->handle()
#37 /home/alejandro/play-work/playgroup-admin---laravel/vendor/laravel/framework/src/Illuminate/Pipeline/Pipeline.php(105): Illuminate\\Pipeline\\Pipeline->Illuminate\\Pipeline\\{closure}()
#38 /home/alejandro/play-work/playgroup-admin---laravel/vendor/laravel/framework/src/Illuminate/Foundation/Http/Kernel.php(145): Illuminate\\Pipeline\\Pipeline->then()
#39 /home/alejandro/play-work/playgroup-admin---laravel/vendor/laravel/framework/src/Illuminate/Foundation/Http/Kernel.php(110): Illuminate\\Foundation\\Http\\Kernel->sendRequestThroughRouter()
#40 /home/alejandro/play-work/playgroup-admin---laravel/public/index.php(55): Illuminate\\Foundation\\Http\\Kernel->handle()
#41 /home/alejandro/play-work/playgroup-admin---laravel/server.php(21): require_once('/home/alejandro...')
#42 {main}

[previous exception] [object] (PDOException(code: 42S22): SQLSTATE[42S22]: Column not found: 1054 Unknown column 'position' in 'field list' at /home/alejandro/play-work/playgroup-admin---laravel/vendor/doctrine/dbal/lib/Doctrine/DBAL/Driver/PDOConnection.php:82)
[stacktrace]
#0 /home/alejandro/play-work/playgroup-admin---laravel/vendor/doctrine/dbal/lib/Doctrine/DBAL/Driver/PDOConnection.php(82): PDO->prepare()
#1 /home/alejandro/play-work/playgroup-admin---laravel/vendor/laravel/framework/src/Illuminate/Database/Connection.php(331): Doctrine\\DBAL\\Driver\\PDOConnection->prepare()
#2 /home/alejandro/play-work/playgroup-admin---laravel/vendor/laravel/framework/src/Illuminate/Database/Connection.php(662): Illuminate\\Database\\Connection->Illuminate\\Database\\{closure}()
#3 /home/alejandro/play-work/playgroup-admin---laravel/vendor/laravel/framework/src/Illuminate/Database/Connection.php(629): Illuminate\\Database\\Connection->runQueryCallback()
#4 /home/alejandro/play-work/playgroup-admin---laravel/vendor/laravel/framework/src/Illuminate/Database/Connection.php(338): Illuminate\\Database\\Connection->run()
#5 /home/alejandro/play-work/playgroup-admin---laravel/vendor/laravel/framework/src/Illuminate/Database/Query/Builder.php(2159): Illuminate\\Database\\Connection->select()
#6 /home/alejandro/play-work/playgroup-admin---laravel/vendor/laravel/framework/src/Illuminate/Database/Query/Builder.php(2147): Illuminate\\Database\\Query\\Builder->runSelect()
#7 /home/alejandro/play-work/playgroup-admin---laravel/vendor/laravel/framework/src/Illuminate/Database/Query/Builder.php(2619): Illuminate\\Database\\Query\\Builder->Illuminate\\Database\\Query\\{closure}()
#8 /home/alejandro/play-work/playgroup-admin---laravel/vendor/laravel/framework/src/Illuminate/Database/Query/Builder.php(2148): Illuminate\\Database\\Query\\Builder->onceWithColumns()
#9 /home/alejandro/play-work/playgroup-admin---laravel/vendor/laravel/framework/src/Illuminate/Database/Eloquent/Builder.php(546): Illuminate\\Database\\Query\\Builder->get()
#10 /home/alejandro/play-work/playgroup-admin---laravel/vendor/laravel/framework/src/Illuminate/Database/Eloquent/Builder.php(530): Illuminate\\Database\\Eloquent\\Builder->getModels()
#11 /home/alejandro/play-work/playgroup-admin---laravel/app/Http/Controllers/Api/PageController.php(78): Illuminate\\Database\\Eloquent\\Builder->get()
#12 /home/alejandro/play-work/playgroup-admin---laravel/vendor/laravel/framework/src/Illuminate/Routing/Controller.php(54): App\\Http\\Controllers\\Api\\PageController->home()
#13 /home/alejandro/play-work/playgroup-admin---laravel/vendor/laravel/framework/src/Illuminate/Routing/ControllerDispatcher.php(45): Illuminate\\Routing\\Controller->callAction()
#14 /home/alejandro/play-work/playgroup-admin---laravel/vendor/laravel/framework/src/Illuminate/Routing/Route.php(219): Illuminate\\Routing\\ControllerDispatcher->dispatch()
#15 /home/alejandro/play-work/playgroup-admin---laravel/vendor/laravel/framework/src/Illuminate/Routing/Route.php(176): Illuminate\\Routing\\Route->runController()
#16 /home/alejandro/play-work/playgroup-admin---laravel/vendor/laravel/framework/src/Illuminate/Routing/Router.php(681): Illuminate\\Routing\\Route->run()
#17 /home/alejandro/play-work/playgroup-admin---laravel/vendor/laravel/framework/src/Illuminate/Pipeline/Pipeline.php(130): Illuminate\\Routing\\Router->Illuminate\\Routing\\{closure}()
#18 /home/alejandro/play-work/playgroup-admin---laravel/vendor/laravel/framework/src/Illuminate/Routing/Middleware/SubstituteBindings.php(41): Illuminate\\Pipeline\\Pipeline->Illuminate\\Pipeline\\{closure}()
#19 /home/alejandro/play-work/playgroup-admin---laravel/vendor/laravel/framework/src/Illuminate/Pipeline/Pipeline.php(171): Illuminate\\Routing\\Middleware\\SubstituteBindings->handle()
#20 /home/alejandro/play-work/playgroup-admin---laravel/vendor/laravel/framework/src/Illuminate/Pipeline/Pipeline.php(105): Illuminate\\Pipeline\\Pipeline->Illuminate\\Pipeline\\{closure}()
#21 /home/alejandro/play-work/playgroup-admin---laravel/vendor/laravel/framework/src/Illuminate/Routing/Router.php(683): Illuminate\\Pipeline\\Pipeline->then()
#22 /home/alejandro/play-work/playgroup-admin---laravel/vendor/laravel/framework/src/Illuminate/Routing/Router.php(658): Illuminate\\Routing\\Router->runRouteWithinStack()
#23 /home/alejandro/play-work/playgroup-admin---laravel/vendor/laravel/framework/src/Illuminate/Routing/Router.php(624): Illuminate\\Routing\\Router->runRoute()
#24 /home/alejandro/play-work/playgroup-admin---laravel/vendor/laravel/framework/src/Illuminate/Routing/Router.php(613): Illuminate\\Routing\\Router->dispatchToRoute()
#25 /home/alejandro/play-work/playgroup-admin---laravel/vendor/laravel/framework/src/Illuminate/Foundation/Http/Kernel.php(170): Illuminate\\Routing\\Router->dispatch()
#26 /home/alejandro/play-work/playgroup-admin---laravel/vendor/laravel/framework/src/Illuminate/Pipeline/Pipeline.php(130): Illuminate\\Foundation\\Http\\Kernel->Illuminate\\Foundation\\Http\\{closure}()
#27 /home/alejandro/play-work/playgroup-admin---laravel/vendor/laravel/framework/src/Illuminate/Foundation/Http/Middleware/TransformsRequest.php(21): Illuminate\\Pipeline\\Pipeline->Illuminate\\Pipeline\\{closure}()
#28 /home/alejandro/play-work/playgroup-admin---laravel/vendor/laravel/framework/src/Illuminate/Pipeline/Pipeline.php(171): Illuminate\\Foundation\\Http\\Middleware\\TransformsRequest->handle()
#29 /home/alejandro/play-work/playgroup-admin---laravel/vendor/laravel/framework/src/Illuminate/Foundation/Http/Middleware/TransformsRequest.php(21): Illuminate\\Pipeline\\Pipeline->Illuminate\\Pipeline\\{closure}()
#30 /home/alejandro/play-work/playgroup-admin---laravel/vendor/laravel/framework/src/Illuminate/Pipeline/Pipeline.php(171): Illuminate\\Foundation\\Http\\Middleware\\TransformsRequest->handle()
#31 /home/alejandro/play-work/playgroup-admin---laravel/vendor/laravel/framework/src/Illuminate/Foundation/Http/Middleware/ValidatePostSize.php(27): Illuminate\\Pipeline\\Pipeline->Illuminate\\Pipeline\\{closure}()
#32 /home/alejandro/play-work/playgroup-admin---laravel/vendor/laravel/framework/src/Illuminate/Pipeline/Pipeline.php(171): Illuminate\\Foundation\\Http\\Middleware\\ValidatePostSize->handle()
#33 /home/alejandro/play-work/playgroup-admin---laravel/vendor/laravel/framework/src/Illuminate/Foundation/Http/Middleware/CheckForMaintenanceMode.php(63): Illuminate\\Pipeline\\Pipeline->Illuminate\\Pipeline\\{closure}()
#34 /home/alejandro/play-work/playgroup-admin---laravel/vendor/laravel/framework/src/Illuminate/Pipeline/Pipeline.php(171): Illuminate\\Foundation\\Http\\Middleware\\CheckForMaintenanceMode->handle()
#35 /home/alejandro/play-work/playgroup-admin---laravel/vendor/fideloper/proxy/src/TrustProxies.php(57): Illuminate\\Pipeline\\Pipeline->Illuminate\\Pipeline\\{closure}()
#36 /home/alejandro/play-work/playgroup-admin---laravel/vendor/laravel/framework/src/Illuminate/Pipeline/Pipeline.php(171): Fideloper\\Proxy\\TrustProxies->handle()
#37 /home/alejandro/play-work/playgroup-admin---laravel/vendor/laravel/framework/src/Illuminate/Pipeline/Pipeline.php(105): Illuminate\\Pipeline\\Pipeline->Illuminate\\Pipeline\\{closure}()
#38 /home/alejandro/play-work/playgroup-admin---laravel/vendor/laravel/framework/src/Illuminate/Foundation/Http/Kernel.php(145): Illuminate\\Pipeline\\Pipeline->then()
#39 /home/alejandro/play-work/playgroup-admin---laravel/vendor/laravel/framework/src/Illuminate/Foundation/Http/Kernel.php(110): Illuminate\\Foundation\\Http\\Kernel->sendRequestThroughRouter()
#40 /home/alejandro/play-work/playgroup-admin---laravel/public/index.php(55): Illuminate\\Foundation\\Http\\Kernel->handle()
#41 /home/alejandro/play-work/playgroup-admin---laravel/server.php(21): require_once('/home/alejandro...')
#42 {main}
"} 
[2025-05-20 09:45:31] local.ERROR: Call to a member function unsetRelation() on null {"exception":"[object] (Symfony\\Component\\Debug\\Exception\\FatalThrowableError(code: 0): Call to a member function unsetRelation() on null at /home/alejandro/play-work/playgroup-admin---laravel/app/Http/Controllers/Api/PageController.php:46)
[stacktrace]
#0 /home/alejandro/play-work/playgroup-admin---laravel/vendor/laravel/framework/src/Illuminate/Routing/Controller.php(54): App\\Http\\Controllers\\Api\\PageController->getPodcasts()
#1 /home/alejandro/play-work/playgroup-admin---laravel/vendor/laravel/framework/src/Illuminate/Routing/ControllerDispatcher.php(45): Illuminate\\Routing\\Controller->callAction()
#2 /home/alejandro/play-work/playgroup-admin---laravel/vendor/laravel/framework/src/Illuminate/Routing/Route.php(219): Illuminate\\Routing\\ControllerDispatcher->dispatch()
#3 /home/alejandro/play-work/playgroup-admin---laravel/vendor/laravel/framework/src/Illuminate/Routing/Route.php(176): Illuminate\\Routing\\Route->runController()
#4 /home/alejandro/play-work/playgroup-admin---laravel/vendor/laravel/framework/src/Illuminate/Routing/Router.php(681): Illuminate\\Routing\\Route->run()
#5 /home/alejandro/play-work/playgroup-admin---laravel/vendor/laravel/framework/src/Illuminate/Pipeline/Pipeline.php(130): Illuminate\\Routing\\Router->Illuminate\\Routing\\{closure}()
#6 /home/alejandro/play-work/playgroup-admin---laravel/vendor/laravel/framework/src/Illuminate/Routing/Middleware/SubstituteBindings.php(41): Illuminate\\Pipeline\\Pipeline->Illuminate\\Pipeline\\{closure}()
#7 /home/alejandro/play-work/playgroup-admin---laravel/vendor/laravel/framework/src/Illuminate/Pipeline/Pipeline.php(171): Illuminate\\Routing\\Middleware\\SubstituteBindings->handle()
#8 /home/alejandro/play-work/playgroup-admin---laravel/vendor/laravel/framework/src/Illuminate/Pipeline/Pipeline.php(105): Illuminate\\Pipeline\\Pipeline->Illuminate\\Pipeline\\{closure}()
#9 /home/alejandro/play-work/playgroup-admin---laravel/vendor/laravel/framework/src/Illuminate/Routing/Router.php(683): Illuminate\\Pipeline\\Pipeline->then()
#10 /home/alejandro/play-work/playgroup-admin---laravel/vendor/laravel/framework/src/Illuminate/Routing/Router.php(658): Illuminate\\Routing\\Router->runRouteWithinStack()
#11 /home/alejandro/play-work/playgroup-admin---laravel/vendor/laravel/framework/src/Illuminate/Routing/Router.php(624): Illuminate\\Routing\\Router->runRoute()
#12 /home/alejandro/play-work/playgroup-admin---laravel/vendor/laravel/framework/src/Illuminate/Routing/Router.php(613): Illuminate\\Routing\\Router->dispatchToRoute()
#13 /home/alejandro/play-work/playgroup-admin---laravel/vendor/laravel/framework/src/Illuminate/Foundation/Http/Kernel.php(170): Illuminate\\Routing\\Router->dispatch()
#14 /home/alejandro/play-work/playgroup-admin---laravel/vendor/laravel/framework/src/Illuminate/Pipeline/Pipeline.php(130): Illuminate\\Foundation\\Http\\Kernel->Illuminate\\Foundation\\Http\\{closure}()
#15 /home/alejandro/play-work/playgroup-admin---laravel/vendor/laravel/framework/src/Illuminate/Foundation/Http/Middleware/TransformsRequest.php(21): Illuminate\\Pipeline\\Pipeline->Illuminate\\Pipeline\\{closure}()
#16 /home/alejandro/play-work/playgroup-admin---laravel/vendor/laravel/framework/src/Illuminate/Pipeline/Pipeline.php(171): Illuminate\\Foundation\\Http\\Middleware\\TransformsRequest->handle()
#17 /home/alejandro/play-work/playgroup-admin---laravel/vendor/laravel/framework/src/Illuminate/Foundation/Http/Middleware/TransformsRequest.php(21): Illuminate\\Pipeline\\Pipeline->Illuminate\\Pipeline\\{closure}()
#18 /home/alejandro/play-work/playgroup-admin---laravel/vendor/laravel/framework/src/Illuminate/Pipeline/Pipeline.php(171): Illuminate\\Foundation\\Http\\Middleware\\TransformsRequest->handle()
#19 /home/alejandro/play-work/playgroup-admin---laravel/vendor/laravel/framework/src/Illuminate/Foundation/Http/Middleware/ValidatePostSize.php(27): Illuminate\\Pipeline\\Pipeline->Illuminate\\Pipeline\\{closure}()
#20 /home/alejandro/play-work/playgroup-admin---laravel/vendor/laravel/framework/src/Illuminate/Pipeline/Pipeline.php(171): Illuminate\\Foundation\\Http\\Middleware\\ValidatePostSize->handle()
#21 /home/alejandro/play-work/playgroup-admin---laravel/vendor/laravel/framework/src/Illuminate/Foundation/Http/Middleware/CheckForMaintenanceMode.php(63): Illuminate\\Pipeline\\Pipeline->Illuminate\\Pipeline\\{closure}()
#22 /home/alejandro/play-work/playgroup-admin---laravel/vendor/laravel/framework/src/Illuminate/Pipeline/Pipeline.php(171): Illuminate\\Foundation\\Http\\Middleware\\CheckForMaintenanceMode->handle()
#23 /home/alejandro/play-work/playgroup-admin---laravel/vendor/fideloper/proxy/src/TrustProxies.php(57): Illuminate\\Pipeline\\Pipeline->Illuminate\\Pipeline\\{closure}()
#24 /home/alejandro/play-work/playgroup-admin---laravel/vendor/laravel/framework/src/Illuminate/Pipeline/Pipeline.php(171): Fideloper\\Proxy\\TrustProxies->handle()
#25 /home/alejandro/play-work/playgroup-admin---laravel/vendor/laravel/framework/src/Illuminate/Pipeline/Pipeline.php(105): Illuminate\\Pipeline\\Pipeline->Illuminate\\Pipeline\\{closure}()
#26 /home/alejandro/play-work/playgroup-admin---laravel/vendor/laravel/framework/src/Illuminate/Foundation/Http/Kernel.php(145): Illuminate\\Pipeline\\Pipeline->then()
#27 /home/alejandro/play-work/playgroup-admin---laravel/vendor/laravel/framework/src/Illuminate/Foundation/Http/Kernel.php(110): Illuminate\\Foundation\\Http\\Kernel->sendRequestThroughRouter()
#28 /home/alejandro/play-work/playgroup-admin---laravel/public/index.php(55): Illuminate\\Foundation\\Http\\Kernel->handle()
#29 /home/alejandro/play-work/playgroup-admin---laravel/server.php(21): require_once('/home/alejandro...')
#30 {main}
"} 
[2025-05-20 09:45:32] local.ERROR: Call to a member function unsetRelation() on null {"exception":"[object] (Symfony\\Component\\Debug\\Exception\\FatalThrowableError(code: 0): Call to a member function unsetRelation() on null at /home/alejandro/play-work/playgroup-admin---laravel/app/Http/Controllers/Api/PageController.php:46)
[stacktrace]
#0 /home/alejandro/play-work/playgroup-admin---laravel/vendor/laravel/framework/src/Illuminate/Routing/Controller.php(54): App\\Http\\Controllers\\Api\\PageController->getPodcasts()
#1 /home/alejandro/play-work/playgroup-admin---laravel/vendor/laravel/framework/src/Illuminate/Routing/ControllerDispatcher.php(45): Illuminate\\Routing\\Controller->callAction()
#2 /home/alejandro/play-work/playgroup-admin---laravel/vendor/laravel/framework/src/Illuminate/Routing/Route.php(219): Illuminate\\Routing\\ControllerDispatcher->dispatch()
#3 /home/alejandro/play-work/playgroup-admin---laravel/vendor/laravel/framework/src/Illuminate/Routing/Route.php(176): Illuminate\\Routing\\Route->runController()
#4 /home/alejandro/play-work/playgroup-admin---laravel/vendor/laravel/framework/src/Illuminate/Routing/Router.php(681): Illuminate\\Routing\\Route->run()
#5 /home/alejandro/play-work/playgroup-admin---laravel/vendor/laravel/framework/src/Illuminate/Pipeline/Pipeline.php(130): Illuminate\\Routing\\Router->Illuminate\\Routing\\{closure}()
#6 /home/alejandro/play-work/playgroup-admin---laravel/vendor/laravel/framework/src/Illuminate/Routing/Middleware/SubstituteBindings.php(41): Illuminate\\Pipeline\\Pipeline->Illuminate\\Pipeline\\{closure}()
#7 /home/alejandro/play-work/playgroup-admin---laravel/vendor/laravel/framework/src/Illuminate/Pipeline/Pipeline.php(171): Illuminate\\Routing\\Middleware\\SubstituteBindings->handle()
#8 /home/alejandro/play-work/playgroup-admin---laravel/vendor/laravel/framework/src/Illuminate/Pipeline/Pipeline.php(105): Illuminate\\Pipeline\\Pipeline->Illuminate\\Pipeline\\{closure}()
#9 /home/alejandro/play-work/playgroup-admin---laravel/vendor/laravel/framework/src/Illuminate/Routing/Router.php(683): Illuminate\\Pipeline\\Pipeline->then()
#10 /home/alejandro/play-work/playgroup-admin---laravel/vendor/laravel/framework/src/Illuminate/Routing/Router.php(658): Illuminate\\Routing\\Router->runRouteWithinStack()
#11 /home/alejandro/play-work/playgroup-admin---laravel/vendor/laravel/framework/src/Illuminate/Routing/Router.php(624): Illuminate\\Routing\\Router->runRoute()
#12 /home/alejandro/play-work/playgroup-admin---laravel/vendor/laravel/framework/src/Illuminate/Routing/Router.php(613): Illuminate\\Routing\\Router->dispatchToRoute()
#13 /home/alejandro/play-work/playgroup-admin---laravel/vendor/laravel/framework/src/Illuminate/Foundation/Http/Kernel.php(170): Illuminate\\Routing\\Router->dispatch()
#14 /home/alejandro/play-work/playgroup-admin---laravel/vendor/laravel/framework/src/Illuminate/Pipeline/Pipeline.php(130): Illuminate\\Foundation\\Http\\Kernel->Illuminate\\Foundation\\Http\\{closure}()
#15 /home/alejandro/play-work/playgroup-admin---laravel/vendor/laravel/framework/src/Illuminate/Foundation/Http/Middleware/TransformsRequest.php(21): Illuminate\\Pipeline\\Pipeline->Illuminate\\Pipeline\\{closure}()
#16 /home/alejandro/play-work/playgroup-admin---laravel/vendor/laravel/framework/src/Illuminate/Pipeline/Pipeline.php(171): Illuminate\\Foundation\\Http\\Middleware\\TransformsRequest->handle()
#17 /home/alejandro/play-work/playgroup-admin---laravel/vendor/laravel/framework/src/Illuminate/Foundation/Http/Middleware/TransformsRequest.php(21): Illuminate\\Pipeline\\Pipeline->Illuminate\\Pipeline\\{closure}()
#18 /home/alejandro/play-work/playgroup-admin---laravel/vendor/laravel/framework/src/Illuminate/Pipeline/Pipeline.php(171): Illuminate\\Foundation\\Http\\Middleware\\TransformsRequest->handle()
#19 /home/alejandro/play-work/playgroup-admin---laravel/vendor/laravel/framework/src/Illuminate/Foundation/Http/Middleware/ValidatePostSize.php(27): Illuminate\\Pipeline\\Pipeline->Illuminate\\Pipeline\\{closure}()
#20 /home/alejandro/play-work/playgroup-admin---laravel/vendor/laravel/framework/src/Illuminate/Pipeline/Pipeline.php(171): Illuminate\\Foundation\\Http\\Middleware\\ValidatePostSize->handle()
#21 /home/alejandro/play-work/playgroup-admin---laravel/vendor/laravel/framework/src/Illuminate/Foundation/Http/Middleware/CheckForMaintenanceMode.php(63): Illuminate\\Pipeline\\Pipeline->Illuminate\\Pipeline\\{closure}()
#22 /home/alejandro/play-work/playgroup-admin---laravel/vendor/laravel/framework/src/Illuminate/Pipeline/Pipeline.php(171): Illuminate\\Foundation\\Http\\Middleware\\CheckForMaintenanceMode->handle()
#23 /home/alejandro/play-work/playgroup-admin---laravel/vendor/fideloper/proxy/src/TrustProxies.php(57): Illuminate\\Pipeline\\Pipeline->Illuminate\\Pipeline\\{closure}()
#24 /home/alejandro/play-work/playgroup-admin---laravel/vendor/laravel/framework/src/Illuminate/Pipeline/Pipeline.php(171): Fideloper\\Proxy\\TrustProxies->handle()
#25 /home/alejandro/play-work/playgroup-admin---laravel/vendor/laravel/framework/src/Illuminate/Pipeline/Pipeline.php(105): Illuminate\\Pipeline\\Pipeline->Illuminate\\Pipeline\\{closure}()
#26 /home/alejandro/play-work/playgroup-admin---laravel/vendor/laravel/framework/src/Illuminate/Foundation/Http/Kernel.php(145): Illuminate\\Pipeline\\Pipeline->then()
#27 /home/alejandro/play-work/playgroup-admin---laravel/vendor/laravel/framework/src/Illuminate/Foundation/Http/Kernel.php(110): Illuminate\\Foundation\\Http\\Kernel->sendRequestThroughRouter()
#28 /home/alejandro/play-work/playgroup-admin---laravel/public/index.php(55): Illuminate\\Foundation\\Http\\Kernel->handle()
#29 /home/alejandro/play-work/playgroup-admin---laravel/server.php(21): require_once('/home/alejandro...')
#30 {main}
"} 
[2025-05-20 09:45:50] local.ERROR: Call to a member function unsetRelation() on null {"exception":"[object] (Symfony\\Component\\Debug\\Exception\\FatalThrowableError(code: 0): Call to a member function unsetRelation() on null at /home/alejandro/play-work/playgroup-admin---laravel/app/Http/Controllers/Api/PageController.php:46)
[stacktrace]
#0 /home/alejandro/play-work/playgroup-admin---laravel/vendor/laravel/framework/src/Illuminate/Routing/Controller.php(54): App\\Http\\Controllers\\Api\\PageController->getPodcasts()
#1 /home/alejandro/play-work/playgroup-admin---laravel/vendor/laravel/framework/src/Illuminate/Routing/ControllerDispatcher.php(45): Illuminate\\Routing\\Controller->callAction()
#2 /home/alejandro/play-work/playgroup-admin---laravel/vendor/laravel/framework/src/Illuminate/Routing/Route.php(219): Illuminate\\Routing\\ControllerDispatcher->dispatch()
#3 /home/alejandro/play-work/playgroup-admin---laravel/vendor/laravel/framework/src/Illuminate/Routing/Route.php(176): Illuminate\\Routing\\Route->runController()
#4 /home/alejandro/play-work/playgroup-admin---laravel/vendor/laravel/framework/src/Illuminate/Routing/Router.php(681): Illuminate\\Routing\\Route->run()
#5 /home/alejandro/play-work/playgroup-admin---laravel/vendor/laravel/framework/src/Illuminate/Pipeline/Pipeline.php(130): Illuminate\\Routing\\Router->Illuminate\\Routing\\{closure}()
#6 /home/alejandro/play-work/playgroup-admin---laravel/vendor/laravel/framework/src/Illuminate/Routing/Middleware/SubstituteBindings.php(41): Illuminate\\Pipeline\\Pipeline->Illuminate\\Pipeline\\{closure}()
#7 /home/alejandro/play-work/playgroup-admin---laravel/vendor/laravel/framework/src/Illuminate/Pipeline/Pipeline.php(171): Illuminate\\Routing\\Middleware\\SubstituteBindings->handle()
#8 /home/alejandro/play-work/playgroup-admin---laravel/vendor/laravel/framework/src/Illuminate/Pipeline/Pipeline.php(105): Illuminate\\Pipeline\\Pipeline->Illuminate\\Pipeline\\{closure}()
#9 /home/alejandro/play-work/playgroup-admin---laravel/vendor/laravel/framework/src/Illuminate/Routing/Router.php(683): Illuminate\\Pipeline\\Pipeline->then()
#10 /home/alejandro/play-work/playgroup-admin---laravel/vendor/laravel/framework/src/Illuminate/Routing/Router.php(658): Illuminate\\Routing\\Router->runRouteWithinStack()
#11 /home/alejandro/play-work/playgroup-admin---laravel/vendor/laravel/framework/src/Illuminate/Routing/Router.php(624): Illuminate\\Routing\\Router->runRoute()
#12 /home/alejandro/play-work/playgroup-admin---laravel/vendor/laravel/framework/src/Illuminate/Routing/Router.php(613): Illuminate\\Routing\\Router->dispatchToRoute()
#13 /home/alejandro/play-work/playgroup-admin---laravel/vendor/laravel/framework/src/Illuminate/Foundation/Http/Kernel.php(170): Illuminate\\Routing\\Router->dispatch()
#14 /home/alejandro/play-work/playgroup-admin---laravel/vendor/laravel/framework/src/Illuminate/Pipeline/Pipeline.php(130): Illuminate\\Foundation\\Http\\Kernel->Illuminate\\Foundation\\Http\\{closure}()
#15 /home/alejandro/play-work/playgroup-admin---laravel/vendor/laravel/framework/src/Illuminate/Foundation/Http/Middleware/TransformsRequest.php(21): Illuminate\\Pipeline\\Pipeline->Illuminate\\Pipeline\\{closure}()
#16 /home/alejandro/play-work/playgroup-admin---laravel/vendor/laravel/framework/src/Illuminate/Pipeline/Pipeline.php(171): Illuminate\\Foundation\\Http\\Middleware\\TransformsRequest->handle()
#17 /home/alejandro/play-work/playgroup-admin---laravel/vendor/laravel/framework/src/Illuminate/Foundation/Http/Middleware/TransformsRequest.php(21): Illuminate\\Pipeline\\Pipeline->Illuminate\\Pipeline\\{closure}()
#18 /home/alejandro/play-work/playgroup-admin---laravel/vendor/laravel/framework/src/Illuminate/Pipeline/Pipeline.php(171): Illuminate\\Foundation\\Http\\Middleware\\TransformsRequest->handle()
#19 /home/alejandro/play-work/playgroup-admin---laravel/vendor/laravel/framework/src/Illuminate/Foundation/Http/Middleware/ValidatePostSize.php(27): Illuminate\\Pipeline\\Pipeline->Illuminate\\Pipeline\\{closure}()
#20 /home/alejandro/play-work/playgroup-admin---laravel/vendor/laravel/framework/src/Illuminate/Pipeline/Pipeline.php(171): Illuminate\\Foundation\\Http\\Middleware\\ValidatePostSize->handle()
#21 /home/alejandro/play-work/playgroup-admin---laravel/vendor/laravel/framework/src/Illuminate/Foundation/Http/Middleware/CheckForMaintenanceMode.php(63): Illuminate\\Pipeline\\Pipeline->Illuminate\\Pipeline\\{closure}()
#22 /home/alejandro/play-work/playgroup-admin---laravel/vendor/laravel/framework/src/Illuminate/Pipeline/Pipeline.php(171): Illuminate\\Foundation\\Http\\Middleware\\CheckForMaintenanceMode->handle()
#23 /home/alejandro/play-work/playgroup-admin---laravel/vendor/fideloper/proxy/src/TrustProxies.php(57): Illuminate\\Pipeline\\Pipeline->Illuminate\\Pipeline\\{closure}()
#24 /home/alejandro/play-work/playgroup-admin---laravel/vendor/laravel/framework/src/Illuminate/Pipeline/Pipeline.php(171): Fideloper\\Proxy\\TrustProxies->handle()
#25 /home/alejandro/play-work/playgroup-admin---laravel/vendor/laravel/framework/src/Illuminate/Pipeline/Pipeline.php(105): Illuminate\\Pipeline\\Pipeline->Illuminate\\Pipeline\\{closure}()
#26 /home/alejandro/play-work/playgroup-admin---laravel/vendor/laravel/framework/src/Illuminate/Foundation/Http/Kernel.php(145): Illuminate\\Pipeline\\Pipeline->then()
#27 /home/alejandro/play-work/playgroup-admin---laravel/vendor/laravel/framework/src/Illuminate/Foundation/Http/Kernel.php(110): Illuminate\\Foundation\\Http\\Kernel->sendRequestThroughRouter()
#28 /home/alejandro/play-work/playgroup-admin---laravel/public/index.php(55): Illuminate\\Foundation\\Http\\Kernel->handle()
#29 /home/alejandro/play-work/playgroup-admin---laravel/server.php(21): require_once('/home/alejandro...')
#30 {main}
"} 
[2025-05-20 09:45:50] local.ERROR: Call to a member function unsetRelation() on null {"exception":"[object] (Symfony\\Component\\Debug\\Exception\\FatalThrowableError(code: 0): Call to a member function unsetRelation() on null at /home/alejandro/play-work/playgroup-admin---laravel/app/Http/Controllers/Api/PageController.php:46)
[stacktrace]
#0 /home/alejandro/play-work/playgroup-admin---laravel/vendor/laravel/framework/src/Illuminate/Routing/Controller.php(54): App\\Http\\Controllers\\Api\\PageController->getPodcasts()
#1 /home/alejandro/play-work/playgroup-admin---laravel/vendor/laravel/framework/src/Illuminate/Routing/ControllerDispatcher.php(45): Illuminate\\Routing\\Controller->callAction()
#2 /home/alejandro/play-work/playgroup-admin---laravel/vendor/laravel/framework/src/Illuminate/Routing/Route.php(219): Illuminate\\Routing\\ControllerDispatcher->dispatch()
#3 /home/alejandro/play-work/playgroup-admin---laravel/vendor/laravel/framework/src/Illuminate/Routing/Route.php(176): Illuminate\\Routing\\Route->runController()
#4 /home/alejandro/play-work/playgroup-admin---laravel/vendor/laravel/framework/src/Illuminate/Routing/Router.php(681): Illuminate\\Routing\\Route->run()
#5 /home/alejandro/play-work/playgroup-admin---laravel/vendor/laravel/framework/src/Illuminate/Pipeline/Pipeline.php(130): Illuminate\\Routing\\Router->Illuminate\\Routing\\{closure}()
#6 /home/alejandro/play-work/playgroup-admin---laravel/vendor/laravel/framework/src/Illuminate/Routing/Middleware/SubstituteBindings.php(41): Illuminate\\Pipeline\\Pipeline->Illuminate\\Pipeline\\{closure}()
#7 /home/alejandro/play-work/playgroup-admin---laravel/vendor/laravel/framework/src/Illuminate/Pipeline/Pipeline.php(171): Illuminate\\Routing\\Middleware\\SubstituteBindings->handle()
#8 /home/alejandro/play-work/playgroup-admin---laravel/vendor/laravel/framework/src/Illuminate/Pipeline/Pipeline.php(105): Illuminate\\Pipeline\\Pipeline->Illuminate\\Pipeline\\{closure}()
#9 /home/alejandro/play-work/playgroup-admin---laravel/vendor/laravel/framework/src/Illuminate/Routing/Router.php(683): Illuminate\\Pipeline\\Pipeline->then()
#10 /home/alejandro/play-work/playgroup-admin---laravel/vendor/laravel/framework/src/Illuminate/Routing/Router.php(658): Illuminate\\Routing\\Router->runRouteWithinStack()
#11 /home/alejandro/play-work/playgroup-admin---laravel/vendor/laravel/framework/src/Illuminate/Routing/Router.php(624): Illuminate\\Routing\\Router->runRoute()
#12 /home/alejandro/play-work/playgroup-admin---laravel/vendor/laravel/framework/src/Illuminate/Routing/Router.php(613): Illuminate\\Routing\\Router->dispatchToRoute()
#13 /home/alejandro/play-work/playgroup-admin---laravel/vendor/laravel/framework/src/Illuminate/Foundation/Http/Kernel.php(170): Illuminate\\Routing\\Router->dispatch()
#14 /home/alejandro/play-work/playgroup-admin---laravel/vendor/laravel/framework/src/Illuminate/Pipeline/Pipeline.php(130): Illuminate\\Foundation\\Http\\Kernel->Illuminate\\Foundation\\Http\\{closure}()
#15 /home/alejandro/play-work/playgroup-admin---laravel/vendor/laravel/framework/src/Illuminate/Foundation/Http/Middleware/TransformsRequest.php(21): Illuminate\\Pipeline\\Pipeline->Illuminate\\Pipeline\\{closure}()
#16 /home/alejandro/play-work/playgroup-admin---laravel/vendor/laravel/framework/src/Illuminate/Pipeline/Pipeline.php(171): Illuminate\\Foundation\\Http\\Middleware\\TransformsRequest->handle()
#17 /home/alejandro/play-work/playgroup-admin---laravel/vendor/laravel/framework/src/Illuminate/Foundation/Http/Middleware/TransformsRequest.php(21): Illuminate\\Pipeline\\Pipeline->Illuminate\\Pipeline\\{closure}()
#18 /home/alejandro/play-work/playgroup-admin---laravel/vendor/laravel/framework/src/Illuminate/Pipeline/Pipeline.php(171): Illuminate\\Foundation\\Http\\Middleware\\TransformsRequest->handle()
#19 /home/alejandro/play-work/playgroup-admin---laravel/vendor/laravel/framework/src/Illuminate/Foundation/Http/Middleware/ValidatePostSize.php(27): Illuminate\\Pipeline\\Pipeline->Illuminate\\Pipeline\\{closure}()
#20 /home/alejandro/play-work/playgroup-admin---laravel/vendor/laravel/framework/src/Illuminate/Pipeline/Pipeline.php(171): Illuminate\\Foundation\\Http\\Middleware\\ValidatePostSize->handle()
#21 /home/alejandro/play-work/playgroup-admin---laravel/vendor/laravel/framework/src/Illuminate/Foundation/Http/Middleware/CheckForMaintenanceMode.php(63): Illuminate\\Pipeline\\Pipeline->Illuminate\\Pipeline\\{closure}()
#22 /home/alejandro/play-work/playgroup-admin---laravel/vendor/laravel/framework/src/Illuminate/Pipeline/Pipeline.php(171): Illuminate\\Foundation\\Http\\Middleware\\CheckForMaintenanceMode->handle()
#23 /home/alejandro/play-work/playgroup-admin---laravel/vendor/fideloper/proxy/src/TrustProxies.php(57): Illuminate\\Pipeline\\Pipeline->Illuminate\\Pipeline\\{closure}()
#24 /home/alejandro/play-work/playgroup-admin---laravel/vendor/laravel/framework/src/Illuminate/Pipeline/Pipeline.php(171): Fideloper\\Proxy\\TrustProxies->handle()
#25 /home/alejandro/play-work/playgroup-admin---laravel/vendor/laravel/framework/src/Illuminate/Pipeline/Pipeline.php(105): Illuminate\\Pipeline\\Pipeline->Illuminate\\Pipeline\\{closure}()
#26 /home/alejandro/play-work/playgroup-admin---laravel/vendor/laravel/framework/src/Illuminate/Foundation/Http/Kernel.php(145): Illuminate\\Pipeline\\Pipeline->then()
#27 /home/alejandro/play-work/playgroup-admin---laravel/vendor/laravel/framework/src/Illuminate/Foundation/Http/Kernel.php(110): Illuminate\\Foundation\\Http\\Kernel->sendRequestThroughRouter()
#28 /home/alejandro/play-work/playgroup-admin---laravel/public/index.php(55): Illuminate\\Foundation\\Http\\Kernel->handle()
#29 /home/alejandro/play-work/playgroup-admin---laravel/server.php(21): require_once('/home/alejandro...')
#30 {main}
"} 
[2025-05-20 09:45:58] local.ERROR: SQLSTATE[42S22]: Column not found: 1054 Unknown column 'position' in 'field list' (SQL: select `name`, `image`, `position`, `category` from `awards` order by `index` asc) {"exception":"[object] (Illuminate\\Database\\QueryException(code: 42S22): SQLSTATE[42S22]: Column not found: 1054 Unknown column 'position' in 'field list' (SQL: select `name`, `image`, `position`, `category` from `awards` order by `index` asc) at /home/alejandro/play-work/playgroup-admin---laravel/vendor/laravel/framework/src/Illuminate/Database/Connection.php:669)
[stacktrace]
#0 /home/alejandro/play-work/playgroup-admin---laravel/vendor/laravel/framework/src/Illuminate/Database/Connection.php(629): Illuminate\\Database\\Connection->runQueryCallback()
#1 /home/alejandro/play-work/playgroup-admin---laravel/vendor/laravel/framework/src/Illuminate/Database/Connection.php(338): Illuminate\\Database\\Connection->run()
#2 /home/alejandro/play-work/playgroup-admin---laravel/vendor/laravel/framework/src/Illuminate/Database/Query/Builder.php(2159): Illuminate\\Database\\Connection->select()
#3 /home/alejandro/play-work/playgroup-admin---laravel/vendor/laravel/framework/src/Illuminate/Database/Query/Builder.php(2147): Illuminate\\Database\\Query\\Builder->runSelect()
#4 /home/alejandro/play-work/playgroup-admin---laravel/vendor/laravel/framework/src/Illuminate/Database/Query/Builder.php(2619): Illuminate\\Database\\Query\\Builder->Illuminate\\Database\\Query\\{closure}()
#5 /home/alejandro/play-work/playgroup-admin---laravel/vendor/laravel/framework/src/Illuminate/Database/Query/Builder.php(2148): Illuminate\\Database\\Query\\Builder->onceWithColumns()
#6 /home/alejandro/play-work/playgroup-admin---laravel/vendor/laravel/framework/src/Illuminate/Database/Eloquent/Builder.php(546): Illuminate\\Database\\Query\\Builder->get()
#7 /home/alejandro/play-work/playgroup-admin---laravel/vendor/laravel/framework/src/Illuminate/Database/Eloquent/Builder.php(530): Illuminate\\Database\\Eloquent\\Builder->getModels()
#8 /home/alejandro/play-work/playgroup-admin---laravel/app/Http/Controllers/Api/PageController.php(78): Illuminate\\Database\\Eloquent\\Builder->get()
#9 /home/alejandro/play-work/playgroup-admin---laravel/vendor/laravel/framework/src/Illuminate/Routing/Controller.php(54): App\\Http\\Controllers\\Api\\PageController->home()
#10 /home/alejandro/play-work/playgroup-admin---laravel/vendor/laravel/framework/src/Illuminate/Routing/ControllerDispatcher.php(45): Illuminate\\Routing\\Controller->callAction()
#11 /home/alejandro/play-work/playgroup-admin---laravel/vendor/laravel/framework/src/Illuminate/Routing/Route.php(219): Illuminate\\Routing\\ControllerDispatcher->dispatch()
#12 /home/alejandro/play-work/playgroup-admin---laravel/vendor/laravel/framework/src/Illuminate/Routing/Route.php(176): Illuminate\\Routing\\Route->runController()
#13 /home/alejandro/play-work/playgroup-admin---laravel/vendor/laravel/framework/src/Illuminate/Routing/Router.php(681): Illuminate\\Routing\\Route->run()
#14 /home/alejandro/play-work/playgroup-admin---laravel/vendor/laravel/framework/src/Illuminate/Pipeline/Pipeline.php(130): Illuminate\\Routing\\Router->Illuminate\\Routing\\{closure}()
#15 /home/alejandro/play-work/playgroup-admin---laravel/vendor/laravel/framework/src/Illuminate/Routing/Middleware/SubstituteBindings.php(41): Illuminate\\Pipeline\\Pipeline->Illuminate\\Pipeline\\{closure}()
#16 /home/alejandro/play-work/playgroup-admin---laravel/vendor/laravel/framework/src/Illuminate/Pipeline/Pipeline.php(171): Illuminate\\Routing\\Middleware\\SubstituteBindings->handle()
#17 /home/alejandro/play-work/playgroup-admin---laravel/vendor/laravel/framework/src/Illuminate/Pipeline/Pipeline.php(105): Illuminate\\Pipeline\\Pipeline->Illuminate\\Pipeline\\{closure}()
#18 /home/alejandro/play-work/playgroup-admin---laravel/vendor/laravel/framework/src/Illuminate/Routing/Router.php(683): Illuminate\\Pipeline\\Pipeline->then()
#19 /home/alejandro/play-work/playgroup-admin---laravel/vendor/laravel/framework/src/Illuminate/Routing/Router.php(658): Illuminate\\Routing\\Router->runRouteWithinStack()
#20 /home/alejandro/play-work/playgroup-admin---laravel/vendor/laravel/framework/src/Illuminate/Routing/Router.php(624): Illuminate\\Routing\\Router->runRoute()
#21 /home/alejandro/play-work/playgroup-admin---laravel/vendor/laravel/framework/src/Illuminate/Routing/Router.php(613): Illuminate\\Routing\\Router->dispatchToRoute()
#22 /home/alejandro/play-work/playgroup-admin---laravel/vendor/laravel/framework/src/Illuminate/Foundation/Http/Kernel.php(170): Illuminate\\Routing\\Router->dispatch()
#23 /home/alejandro/play-work/playgroup-admin---laravel/vendor/laravel/framework/src/Illuminate/Pipeline/Pipeline.php(130): Illuminate\\Foundation\\Http\\Kernel->Illuminate\\Foundation\\Http\\{closure}()
#24 /home/alejandro/play-work/playgroup-admin---laravel/vendor/laravel/framework/src/Illuminate/Foundation/Http/Middleware/TransformsRequest.php(21): Illuminate\\Pipeline\\Pipeline->Illuminate\\Pipeline\\{closure}()
#25 /home/alejandro/play-work/playgroup-admin---laravel/vendor/laravel/framework/src/Illuminate/Pipeline/Pipeline.php(171): Illuminate\\Foundation\\Http\\Middleware\\TransformsRequest->handle()
#26 /home/alejandro/play-work/playgroup-admin---laravel/vendor/laravel/framework/src/Illuminate/Foundation/Http/Middleware/TransformsRequest.php(21): Illuminate\\Pipeline\\Pipeline->Illuminate\\Pipeline\\{closure}()
#27 /home/alejandro/play-work/playgroup-admin---laravel/vendor/laravel/framework/src/Illuminate/Pipeline/Pipeline.php(171): Illuminate\\Foundation\\Http\\Middleware\\TransformsRequest->handle()
#28 /home/alejandro/play-work/playgroup-admin---laravel/vendor/laravel/framework/src/Illuminate/Foundation/Http/Middleware/ValidatePostSize.php(27): Illuminate\\Pipeline\\Pipeline->Illuminate\\Pipeline\\{closure}()
#29 /home/alejandro/play-work/playgroup-admin---laravel/vendor/laravel/framework/src/Illuminate/Pipeline/Pipeline.php(171): Illuminate\\Foundation\\Http\\Middleware\\ValidatePostSize->handle()
#30 /home/alejandro/play-work/playgroup-admin---laravel/vendor/laravel/framework/src/Illuminate/Foundation/Http/Middleware/CheckForMaintenanceMode.php(63): Illuminate\\Pipeline\\Pipeline->Illuminate\\Pipeline\\{closure}()
#31 /home/alejandro/play-work/playgroup-admin---laravel/vendor/laravel/framework/src/Illuminate/Pipeline/Pipeline.php(171): Illuminate\\Foundation\\Http\\Middleware\\CheckForMaintenanceMode->handle()
#32 /home/alejandro/play-work/playgroup-admin---laravel/vendor/fideloper/proxy/src/TrustProxies.php(57): Illuminate\\Pipeline\\Pipeline->Illuminate\\Pipeline\\{closure}()
#33 /home/alejandro/play-work/playgroup-admin---laravel/vendor/laravel/framework/src/Illuminate/Pipeline/Pipeline.php(171): Fideloper\\Proxy\\TrustProxies->handle()
#34 /home/alejandro/play-work/playgroup-admin---laravel/vendor/laravel/framework/src/Illuminate/Pipeline/Pipeline.php(105): Illuminate\\Pipeline\\Pipeline->Illuminate\\Pipeline\\{closure}()
#35 /home/alejandro/play-work/playgroup-admin---laravel/vendor/laravel/framework/src/Illuminate/Foundation/Http/Kernel.php(145): Illuminate\\Pipeline\\Pipeline->then()
#36 /home/alejandro/play-work/playgroup-admin---laravel/vendor/laravel/framework/src/Illuminate/Foundation/Http/Kernel.php(110): Illuminate\\Foundation\\Http\\Kernel->sendRequestThroughRouter()
#37 /home/alejandro/play-work/playgroup-admin---laravel/public/index.php(55): Illuminate\\Foundation\\Http\\Kernel->handle()
#38 /home/alejandro/play-work/playgroup-admin---laravel/server.php(21): require_once('/home/alejandro...')
#39 {main}

[previous exception] [object] (Doctrine\\DBAL\\Driver\\PDO\\Exception(code: 42S22): SQLSTATE[42S22]: Column not found: 1054 Unknown column 'position' in 'field list' at /home/alejandro/play-work/playgroup-admin---laravel/vendor/doctrine/dbal/lib/Doctrine/DBAL/Driver/PDO/Exception.php:18)
[stacktrace]
#0 /home/alejandro/play-work/playgroup-admin---laravel/vendor/doctrine/dbal/lib/Doctrine/DBAL/Driver/PDOConnection.php(87): Doctrine\\DBAL\\Driver\\PDO\\Exception::new()
#1 /home/alejandro/play-work/playgroup-admin---laravel/vendor/laravel/framework/src/Illuminate/Database/Connection.php(331): Doctrine\\DBAL\\Driver\\PDOConnection->prepare()
#2 /home/alejandro/play-work/playgroup-admin---laravel/vendor/laravel/framework/src/Illuminate/Database/Connection.php(662): Illuminate\\Database\\Connection->Illuminate\\Database\\{closure}()
#3 /home/alejandro/play-work/playgroup-admin---laravel/vendor/laravel/framework/src/Illuminate/Database/Connection.php(629): Illuminate\\Database\\Connection->runQueryCallback()
#4 /home/alejandro/play-work/playgroup-admin---laravel/vendor/laravel/framework/src/Illuminate/Database/Connection.php(338): Illuminate\\Database\\Connection->run()
#5 /home/alejandro/play-work/playgroup-admin---laravel/vendor/laravel/framework/src/Illuminate/Database/Query/Builder.php(2159): Illuminate\\Database\\Connection->select()
#6 /home/alejandro/play-work/playgroup-admin---laravel/vendor/laravel/framework/src/Illuminate/Database/Query/Builder.php(2147): Illuminate\\Database\\Query\\Builder->runSelect()
#7 /home/alejandro/play-work/playgroup-admin---laravel/vendor/laravel/framework/src/Illuminate/Database/Query/Builder.php(2619): Illuminate\\Database\\Query\\Builder->Illuminate\\Database\\Query\\{closure}()
#8 /home/alejandro/play-work/playgroup-admin---laravel/vendor/laravel/framework/src/Illuminate/Database/Query/Builder.php(2148): Illuminate\\Database\\Query\\Builder->onceWithColumns()
#9 /home/alejandro/play-work/playgroup-admin---laravel/vendor/laravel/framework/src/Illuminate/Database/Eloquent/Builder.php(546): Illuminate\\Database\\Query\\Builder->get()
#10 /home/alejandro/play-work/playgroup-admin---laravel/vendor/laravel/framework/src/Illuminate/Database/Eloquent/Builder.php(530): Illuminate\\Database\\Eloquent\\Builder->getModels()
#11 /home/alejandro/play-work/playgroup-admin---laravel/app/Http/Controllers/Api/PageController.php(78): Illuminate\\Database\\Eloquent\\Builder->get()
#12 /home/alejandro/play-work/playgroup-admin---laravel/vendor/laravel/framework/src/Illuminate/Routing/Controller.php(54): App\\Http\\Controllers\\Api\\PageController->home()
#13 /home/alejandro/play-work/playgroup-admin---laravel/vendor/laravel/framework/src/Illuminate/Routing/ControllerDispatcher.php(45): Illuminate\\Routing\\Controller->callAction()
#14 /home/alejandro/play-work/playgroup-admin---laravel/vendor/laravel/framework/src/Illuminate/Routing/Route.php(219): Illuminate\\Routing\\ControllerDispatcher->dispatch()
#15 /home/alejandro/play-work/playgroup-admin---laravel/vendor/laravel/framework/src/Illuminate/Routing/Route.php(176): Illuminate\\Routing\\Route->runController()
#16 /home/alejandro/play-work/playgroup-admin---laravel/vendor/laravel/framework/src/Illuminate/Routing/Router.php(681): Illuminate\\Routing\\Route->run()
#17 /home/alejandro/play-work/playgroup-admin---laravel/vendor/laravel/framework/src/Illuminate/Pipeline/Pipeline.php(130): Illuminate\\Routing\\Router->Illuminate\\Routing\\{closure}()
#18 /home/alejandro/play-work/playgroup-admin---laravel/vendor/laravel/framework/src/Illuminate/Routing/Middleware/SubstituteBindings.php(41): Illuminate\\Pipeline\\Pipeline->Illuminate\\Pipeline\\{closure}()
#19 /home/alejandro/play-work/playgroup-admin---laravel/vendor/laravel/framework/src/Illuminate/Pipeline/Pipeline.php(171): Illuminate\\Routing\\Middleware\\SubstituteBindings->handle()
#20 /home/alejandro/play-work/playgroup-admin---laravel/vendor/laravel/framework/src/Illuminate/Pipeline/Pipeline.php(105): Illuminate\\Pipeline\\Pipeline->Illuminate\\Pipeline\\{closure}()
#21 /home/alejandro/play-work/playgroup-admin---laravel/vendor/laravel/framework/src/Illuminate/Routing/Router.php(683): Illuminate\\Pipeline\\Pipeline->then()
#22 /home/alejandro/play-work/playgroup-admin---laravel/vendor/laravel/framework/src/Illuminate/Routing/Router.php(658): Illuminate\\Routing\\Router->runRouteWithinStack()
#23 /home/alejandro/play-work/playgroup-admin---laravel/vendor/laravel/framework/src/Illuminate/Routing/Router.php(624): Illuminate\\Routing\\Router->runRoute()
#24 /home/alejandro/play-work/playgroup-admin---laravel/vendor/laravel/framework/src/Illuminate/Routing/Router.php(613): Illuminate\\Routing\\Router->dispatchToRoute()
#25 /home/alejandro/play-work/playgroup-admin---laravel/vendor/laravel/framework/src/Illuminate/Foundation/Http/Kernel.php(170): Illuminate\\Routing\\Router->dispatch()
#26 /home/alejandro/play-work/playgroup-admin---laravel/vendor/laravel/framework/src/Illuminate/Pipeline/Pipeline.php(130): Illuminate\\Foundation\\Http\\Kernel->Illuminate\\Foundation\\Http\\{closure}()
#27 /home/alejandro/play-work/playgroup-admin---laravel/vendor/laravel/framework/src/Illuminate/Foundation/Http/Middleware/TransformsRequest.php(21): Illuminate\\Pipeline\\Pipeline->Illuminate\\Pipeline\\{closure}()
#28 /home/alejandro/play-work/playgroup-admin---laravel/vendor/laravel/framework/src/Illuminate/Pipeline/Pipeline.php(171): Illuminate\\Foundation\\Http\\Middleware\\TransformsRequest->handle()
#29 /home/alejandro/play-work/playgroup-admin---laravel/vendor/laravel/framework/src/Illuminate/Foundation/Http/Middleware/TransformsRequest.php(21): Illuminate\\Pipeline\\Pipeline->Illuminate\\Pipeline\\{closure}()
#30 /home/alejandro/play-work/playgroup-admin---laravel/vendor/laravel/framework/src/Illuminate/Pipeline/Pipeline.php(171): Illuminate\\Foundation\\Http\\Middleware\\TransformsRequest->handle()
#31 /home/alejandro/play-work/playgroup-admin---laravel/vendor/laravel/framework/src/Illuminate/Foundation/Http/Middleware/ValidatePostSize.php(27): Illuminate\\Pipeline\\Pipeline->Illuminate\\Pipeline\\{closure}()
#32 /home/alejandro/play-work/playgroup-admin---laravel/vendor/laravel/framework/src/Illuminate/Pipeline/Pipeline.php(171): Illuminate\\Foundation\\Http\\Middleware\\ValidatePostSize->handle()
#33 /home/alejandro/play-work/playgroup-admin---laravel/vendor/laravel/framework/src/Illuminate/Foundation/Http/Middleware/CheckForMaintenanceMode.php(63): Illuminate\\Pipeline\\Pipeline->Illuminate\\Pipeline\\{closure}()
#34 /home/alejandro/play-work/playgroup-admin---laravel/vendor/laravel/framework/src/Illuminate/Pipeline/Pipeline.php(171): Illuminate\\Foundation\\Http\\Middleware\\CheckForMaintenanceMode->handle()
#35 /home/alejandro/play-work/playgroup-admin---laravel/vendor/fideloper/proxy/src/TrustProxies.php(57): Illuminate\\Pipeline\\Pipeline->Illuminate\\Pipeline\\{closure}()
#36 /home/alejandro/play-work/playgroup-admin---laravel/vendor/laravel/framework/src/Illuminate/Pipeline/Pipeline.php(171): Fideloper\\Proxy\\TrustProxies->handle()
#37 /home/alejandro/play-work/playgroup-admin---laravel/vendor/laravel/framework/src/Illuminate/Pipeline/Pipeline.php(105): Illuminate\\Pipeline\\Pipeline->Illuminate\\Pipeline\\{closure}()
#38 /home/alejandro/play-work/playgroup-admin---laravel/vendor/laravel/framework/src/Illuminate/Foundation/Http/Kernel.php(145): Illuminate\\Pipeline\\Pipeline->then()
#39 /home/alejandro/play-work/playgroup-admin---laravel/vendor/laravel/framework/src/Illuminate/Foundation/Http/Kernel.php(110): Illuminate\\Foundation\\Http\\Kernel->sendRequestThroughRouter()
#40 /home/alejandro/play-work/playgroup-admin---laravel/public/index.php(55): Illuminate\\Foundation\\Http\\Kernel->handle()
#41 /home/alejandro/play-work/playgroup-admin---laravel/server.php(21): require_once('/home/alejandro...')
#42 {main}

[previous exception] [object] (PDOException(code: 42S22): SQLSTATE[42S22]: Column not found: 1054 Unknown column 'position' in 'field list' at /home/alejandro/play-work/playgroup-admin---laravel/vendor/doctrine/dbal/lib/Doctrine/DBAL/Driver/PDOConnection.php:82)
[stacktrace]
#0 /home/alejandro/play-work/playgroup-admin---laravel/vendor/doctrine/dbal/lib/Doctrine/DBAL/Driver/PDOConnection.php(82): PDO->prepare()
#1 /home/alejandro/play-work/playgroup-admin---laravel/vendor/laravel/framework/src/Illuminate/Database/Connection.php(331): Doctrine\\DBAL\\Driver\\PDOConnection->prepare()
#2 /home/alejandro/play-work/playgroup-admin---laravel/vendor/laravel/framework/src/Illuminate/Database/Connection.php(662): Illuminate\\Database\\Connection->Illuminate\\Database\\{closure}()
#3 /home/alejandro/play-work/playgroup-admin---laravel/vendor/laravel/framework/src/Illuminate/Database/Connection.php(629): Illuminate\\Database\\Connection->runQueryCallback()
#4 /home/alejandro/play-work/playgroup-admin---laravel/vendor/laravel/framework/src/Illuminate/Database/Connection.php(338): Illuminate\\Database\\Connection->run()
#5 /home/alejandro/play-work/playgroup-admin---laravel/vendor/laravel/framework/src/Illuminate/Database/Query/Builder.php(2159): Illuminate\\Database\\Connection->select()
#6 /home/alejandro/play-work/playgroup-admin---laravel/vendor/laravel/framework/src/Illuminate/Database/Query/Builder.php(2147): Illuminate\\Database\\Query\\Builder->runSelect()
#7 /home/alejandro/play-work/playgroup-admin---laravel/vendor/laravel/framework/src/Illuminate/Database/Query/Builder.php(2619): Illuminate\\Database\\Query\\Builder->Illuminate\\Database\\Query\\{closure}()
#8 /home/alejandro/play-work/playgroup-admin---laravel/vendor/laravel/framework/src/Illuminate/Database/Query/Builder.php(2148): Illuminate\\Database\\Query\\Builder->onceWithColumns()
#9 /home/alejandro/play-work/playgroup-admin---laravel/vendor/laravel/framework/src/Illuminate/Database/Eloquent/Builder.php(546): Illuminate\\Database\\Query\\Builder->get()
#10 /home/alejandro/play-work/playgroup-admin---laravel/vendor/laravel/framework/src/Illuminate/Database/Eloquent/Builder.php(530): Illuminate\\Database\\Eloquent\\Builder->getModels()
#11 /home/alejandro/play-work/playgroup-admin---laravel/app/Http/Controllers/Api/PageController.php(78): Illuminate\\Database\\Eloquent\\Builder->get()
#12 /home/alejandro/play-work/playgroup-admin---laravel/vendor/laravel/framework/src/Illuminate/Routing/Controller.php(54): App\\Http\\Controllers\\Api\\PageController->home()
#13 /home/alejandro/play-work/playgroup-admin---laravel/vendor/laravel/framework/src/Illuminate/Routing/ControllerDispatcher.php(45): Illuminate\\Routing\\Controller->callAction()
#14 /home/alejandro/play-work/playgroup-admin---laravel/vendor/laravel/framework/src/Illuminate/Routing/Route.php(219): Illuminate\\Routing\\ControllerDispatcher->dispatch()
#15 /home/alejandro/play-work/playgroup-admin---laravel/vendor/laravel/framework/src/Illuminate/Routing/Route.php(176): Illuminate\\Routing\\Route->runController()
#16 /home/alejandro/play-work/playgroup-admin---laravel/vendor/laravel/framework/src/Illuminate/Routing/Router.php(681): Illuminate\\Routing\\Route->run()
#17 /home/alejandro/play-work/playgroup-admin---laravel/vendor/laravel/framework/src/Illuminate/Pipeline/Pipeline.php(130): Illuminate\\Routing\\Router->Illuminate\\Routing\\{closure}()
#18 /home/alejandro/play-work/playgroup-admin---laravel/vendor/laravel/framework/src/Illuminate/Routing/Middleware/SubstituteBindings.php(41): Illuminate\\Pipeline\\Pipeline->Illuminate\\Pipeline\\{closure}()
#19 /home/alejandro/play-work/playgroup-admin---laravel/vendor/laravel/framework/src/Illuminate/Pipeline/Pipeline.php(171): Illuminate\\Routing\\Middleware\\SubstituteBindings->handle()
#20 /home/alejandro/play-work/playgroup-admin---laravel/vendor/laravel/framework/src/Illuminate/Pipeline/Pipeline.php(105): Illuminate\\Pipeline\\Pipeline->Illuminate\\Pipeline\\{closure}()
#21 /home/alejandro/play-work/playgroup-admin---laravel/vendor/laravel/framework/src/Illuminate/Routing/Router.php(683): Illuminate\\Pipeline\\Pipeline->then()
#22 /home/alejandro/play-work/playgroup-admin---laravel/vendor/laravel/framework/src/Illuminate/Routing/Router.php(658): Illuminate\\Routing\\Router->runRouteWithinStack()
#23 /home/alejandro/play-work/playgroup-admin---laravel/vendor/laravel/framework/src/Illuminate/Routing/Router.php(624): Illuminate\\Routing\\Router->runRoute()
#24 /home/alejandro/play-work/playgroup-admin---laravel/vendor/laravel/framework/src/Illuminate/Routing/Router.php(613): Illuminate\\Routing\\Router->dispatchToRoute()
#25 /home/alejandro/play-work/playgroup-admin---laravel/vendor/laravel/framework/src/Illuminate/Foundation/Http/Kernel.php(170): Illuminate\\Routing\\Router->dispatch()
#26 /home/alejandro/play-work/playgroup-admin---laravel/vendor/laravel/framework/src/Illuminate/Pipeline/Pipeline.php(130): Illuminate\\Foundation\\Http\\Kernel->Illuminate\\Foundation\\Http\\{closure}()
#27 /home/alejandro/play-work/playgroup-admin---laravel/vendor/laravel/framework/src/Illuminate/Foundation/Http/Middleware/TransformsRequest.php(21): Illuminate\\Pipeline\\Pipeline->Illuminate\\Pipeline\\{closure}()
#28 /home/alejandro/play-work/playgroup-admin---laravel/vendor/laravel/framework/src/Illuminate/Pipeline/Pipeline.php(171): Illuminate\\Foundation\\Http\\Middleware\\TransformsRequest->handle()
#29 /home/alejandro/play-work/playgroup-admin---laravel/vendor/laravel/framework/src/Illuminate/Foundation/Http/Middleware/TransformsRequest.php(21): Illuminate\\Pipeline\\Pipeline->Illuminate\\Pipeline\\{closure}()
#30 /home/alejandro/play-work/playgroup-admin---laravel/vendor/laravel/framework/src/Illuminate/Pipeline/Pipeline.php(171): Illuminate\\Foundation\\Http\\Middleware\\TransformsRequest->handle()
#31 /home/alejandro/play-work/playgroup-admin---laravel/vendor/laravel/framework/src/Illuminate/Foundation/Http/Middleware/ValidatePostSize.php(27): Illuminate\\Pipeline\\Pipeline->Illuminate\\Pipeline\\{closure}()
#32 /home/alejandro/play-work/playgroup-admin---laravel/vendor/laravel/framework/src/Illuminate/Pipeline/Pipeline.php(171): Illuminate\\Foundation\\Http\\Middleware\\ValidatePostSize->handle()
#33 /home/alejandro/play-work/playgroup-admin---laravel/vendor/laravel/framework/src/Illuminate/Foundation/Http/Middleware/CheckForMaintenanceMode.php(63): Illuminate\\Pipeline\\Pipeline->Illuminate\\Pipeline\\{closure}()
#34 /home/alejandro/play-work/playgroup-admin---laravel/vendor/laravel/framework/src/Illuminate/Pipeline/Pipeline.php(171): Illuminate\\Foundation\\Http\\Middleware\\CheckForMaintenanceMode->handle()
#35 /home/alejandro/play-work/playgroup-admin---laravel/vendor/fideloper/proxy/src/TrustProxies.php(57): Illuminate\\Pipeline\\Pipeline->Illuminate\\Pipeline\\{closure}()
#36 /home/alejandro/play-work/playgroup-admin---laravel/vendor/laravel/framework/src/Illuminate/Pipeline/Pipeline.php(171): Fideloper\\Proxy\\TrustProxies->handle()
#37 /home/alejandro/play-work/playgroup-admin---laravel/vendor/laravel/framework/src/Illuminate/Pipeline/Pipeline.php(105): Illuminate\\Pipeline\\Pipeline->Illuminate\\Pipeline\\{closure}()
#38 /home/alejandro/play-work/playgroup-admin---laravel/vendor/laravel/framework/src/Illuminate/Foundation/Http/Kernel.php(145): Illuminate\\Pipeline\\Pipeline->then()
#39 /home/alejandro/play-work/playgroup-admin---laravel/vendor/laravel/framework/src/Illuminate/Foundation/Http/Kernel.php(110): Illuminate\\Foundation\\Http\\Kernel->sendRequestThroughRouter()
#40 /home/alejandro/play-work/playgroup-admin---laravel/public/index.php(55): Illuminate\\Foundation\\Http\\Kernel->handle()
#41 /home/alejandro/play-work/playgroup-admin---laravel/server.php(21): require_once('/home/alejandro...')
#42 {main}
"} 
[2025-05-20 09:45:58] local.ERROR: SQLSTATE[42S22]: Column not found: 1054 Unknown column 'position' in 'field list' (SQL: select `name`, `image`, `position`, `category` from `awards` order by `index` asc) {"exception":"[object] (Illuminate\\Database\\QueryException(code: 42S22): SQLSTATE[42S22]: Column not found: 1054 Unknown column 'position' in 'field list' (SQL: select `name`, `image`, `position`, `category` from `awards` order by `index` asc) at /home/alejandro/play-work/playgroup-admin---laravel/vendor/laravel/framework/src/Illuminate/Database/Connection.php:669)
[stacktrace]
#0 /home/alejandro/play-work/playgroup-admin---laravel/vendor/laravel/framework/src/Illuminate/Database/Connection.php(629): Illuminate\\Database\\Connection->runQueryCallback()
#1 /home/alejandro/play-work/playgroup-admin---laravel/vendor/laravel/framework/src/Illuminate/Database/Connection.php(338): Illuminate\\Database\\Connection->run()
#2 /home/alejandro/play-work/playgroup-admin---laravel/vendor/laravel/framework/src/Illuminate/Database/Query/Builder.php(2159): Illuminate\\Database\\Connection->select()
#3 /home/alejandro/play-work/playgroup-admin---laravel/vendor/laravel/framework/src/Illuminate/Database/Query/Builder.php(2147): Illuminate\\Database\\Query\\Builder->runSelect()
#4 /home/alejandro/play-work/playgroup-admin---laravel/vendor/laravel/framework/src/Illuminate/Database/Query/Builder.php(2619): Illuminate\\Database\\Query\\Builder->Illuminate\\Database\\Query\\{closure}()
#5 /home/alejandro/play-work/playgroup-admin---laravel/vendor/laravel/framework/src/Illuminate/Database/Query/Builder.php(2148): Illuminate\\Database\\Query\\Builder->onceWithColumns()
#6 /home/alejandro/play-work/playgroup-admin---laravel/vendor/laravel/framework/src/Illuminate/Database/Eloquent/Builder.php(546): Illuminate\\Database\\Query\\Builder->get()
#7 /home/alejandro/play-work/playgroup-admin---laravel/vendor/laravel/framework/src/Illuminate/Database/Eloquent/Builder.php(530): Illuminate\\Database\\Eloquent\\Builder->getModels()
#8 /home/alejandro/play-work/playgroup-admin---laravel/app/Http/Controllers/Api/PageController.php(78): Illuminate\\Database\\Eloquent\\Builder->get()
#9 /home/alejandro/play-work/playgroup-admin---laravel/vendor/laravel/framework/src/Illuminate/Routing/Controller.php(54): App\\Http\\Controllers\\Api\\PageController->home()
#10 /home/alejandro/play-work/playgroup-admin---laravel/vendor/laravel/framework/src/Illuminate/Routing/ControllerDispatcher.php(45): Illuminate\\Routing\\Controller->callAction()
#11 /home/alejandro/play-work/playgroup-admin---laravel/vendor/laravel/framework/src/Illuminate/Routing/Route.php(219): Illuminate\\Routing\\ControllerDispatcher->dispatch()
#12 /home/alejandro/play-work/playgroup-admin---laravel/vendor/laravel/framework/src/Illuminate/Routing/Route.php(176): Illuminate\\Routing\\Route->runController()
#13 /home/alejandro/play-work/playgroup-admin---laravel/vendor/laravel/framework/src/Illuminate/Routing/Router.php(681): Illuminate\\Routing\\Route->run()
#14 /home/alejandro/play-work/playgroup-admin---laravel/vendor/laravel/framework/src/Illuminate/Pipeline/Pipeline.php(130): Illuminate\\Routing\\Router->Illuminate\\Routing\\{closure}()
#15 /home/alejandro/play-work/playgroup-admin---laravel/vendor/laravel/framework/src/Illuminate/Routing/Middleware/SubstituteBindings.php(41): Illuminate\\Pipeline\\Pipeline->Illuminate\\Pipeline\\{closure}()
#16 /home/alejandro/play-work/playgroup-admin---laravel/vendor/laravel/framework/src/Illuminate/Pipeline/Pipeline.php(171): Illuminate\\Routing\\Middleware\\SubstituteBindings->handle()
#17 /home/alejandro/play-work/playgroup-admin---laravel/vendor/laravel/framework/src/Illuminate/Pipeline/Pipeline.php(105): Illuminate\\Pipeline\\Pipeline->Illuminate\\Pipeline\\{closure}()
#18 /home/alejandro/play-work/playgroup-admin---laravel/vendor/laravel/framework/src/Illuminate/Routing/Router.php(683): Illuminate\\Pipeline\\Pipeline->then()
#19 /home/alejandro/play-work/playgroup-admin---laravel/vendor/laravel/framework/src/Illuminate/Routing/Router.php(658): Illuminate\\Routing\\Router->runRouteWithinStack()
#20 /home/alejandro/play-work/playgroup-admin---laravel/vendor/laravel/framework/src/Illuminate/Routing/Router.php(624): Illuminate\\Routing\\Router->runRoute()
#21 /home/alejandro/play-work/playgroup-admin---laravel/vendor/laravel/framework/src/Illuminate/Routing/Router.php(613): Illuminate\\Routing\\Router->dispatchToRoute()
#22 /home/alejandro/play-work/playgroup-admin---laravel/vendor/laravel/framework/src/Illuminate/Foundation/Http/Kernel.php(170): Illuminate\\Routing\\Router->dispatch()
#23 /home/alejandro/play-work/playgroup-admin---laravel/vendor/laravel/framework/src/Illuminate/Pipeline/Pipeline.php(130): Illuminate\\Foundation\\Http\\Kernel->Illuminate\\Foundation\\Http\\{closure}()
#24 /home/alejandro/play-work/playgroup-admin---laravel/vendor/laravel/framework/src/Illuminate/Foundation/Http/Middleware/TransformsRequest.php(21): Illuminate\\Pipeline\\Pipeline->Illuminate\\Pipeline\\{closure}()
#25 /home/alejandro/play-work/playgroup-admin---laravel/vendor/laravel/framework/src/Illuminate/Pipeline/Pipeline.php(171): Illuminate\\Foundation\\Http\\Middleware\\TransformsRequest->handle()
#26 /home/alejandro/play-work/playgroup-admin---laravel/vendor/laravel/framework/src/Illuminate/Foundation/Http/Middleware/TransformsRequest.php(21): Illuminate\\Pipeline\\Pipeline->Illuminate\\Pipeline\\{closure}()
#27 /home/alejandro/play-work/playgroup-admin---laravel/vendor/laravel/framework/src/Illuminate/Pipeline/Pipeline.php(171): Illuminate\\Foundation\\Http\\Middleware\\TransformsRequest->handle()
#28 /home/alejandro/play-work/playgroup-admin---laravel/vendor/laravel/framework/src/Illuminate/Foundation/Http/Middleware/ValidatePostSize.php(27): Illuminate\\Pipeline\\Pipeline->Illuminate\\Pipeline\\{closure}()
#29 /home/alejandro/play-work/playgroup-admin---laravel/vendor/laravel/framework/src/Illuminate/Pipeline/Pipeline.php(171): Illuminate\\Foundation\\Http\\Middleware\\ValidatePostSize->handle()
#30 /home/alejandro/play-work/playgroup-admin---laravel/vendor/laravel/framework/src/Illuminate/Foundation/Http/Middleware/CheckForMaintenanceMode.php(63): Illuminate\\Pipeline\\Pipeline->Illuminate\\Pipeline\\{closure}()
#31 /home/alejandro/play-work/playgroup-admin---laravel/vendor/laravel/framework/src/Illuminate/Pipeline/Pipeline.php(171): Illuminate\\Foundation\\Http\\Middleware\\CheckForMaintenanceMode->handle()
#32 /home/alejandro/play-work/playgroup-admin---laravel/vendor/fideloper/proxy/src/TrustProxies.php(57): Illuminate\\Pipeline\\Pipeline->Illuminate\\Pipeline\\{closure}()
#33 /home/alejandro/play-work/playgroup-admin---laravel/vendor/laravel/framework/src/Illuminate/Pipeline/Pipeline.php(171): Fideloper\\Proxy\\TrustProxies->handle()
#34 /home/alejandro/play-work/playgroup-admin---laravel/vendor/laravel/framework/src/Illuminate/Pipeline/Pipeline.php(105): Illuminate\\Pipeline\\Pipeline->Illuminate\\Pipeline\\{closure}()
#35 /home/alejandro/play-work/playgroup-admin---laravel/vendor/laravel/framework/src/Illuminate/Foundation/Http/Kernel.php(145): Illuminate\\Pipeline\\Pipeline->then()
#36 /home/alejandro/play-work/playgroup-admin---laravel/vendor/laravel/framework/src/Illuminate/Foundation/Http/Kernel.php(110): Illuminate\\Foundation\\Http\\Kernel->sendRequestThroughRouter()
#37 /home/alejandro/play-work/playgroup-admin---laravel/public/index.php(55): Illuminate\\Foundation\\Http\\Kernel->handle()
#38 /home/alejandro/play-work/playgroup-admin---laravel/server.php(21): require_once('/home/alejandro...')
#39 {main}

[previous exception] [object] (Doctrine\\DBAL\\Driver\\PDO\\Exception(code: 42S22): SQLSTATE[42S22]: Column not found: 1054 Unknown column 'position' in 'field list' at /home/alejandro/play-work/playgroup-admin---laravel/vendor/doctrine/dbal/lib/Doctrine/DBAL/Driver/PDO/Exception.php:18)
[stacktrace]
#0 /home/alejandro/play-work/playgroup-admin---laravel/vendor/doctrine/dbal/lib/Doctrine/DBAL/Driver/PDOConnection.php(87): Doctrine\\DBAL\\Driver\\PDO\\Exception::new()
#1 /home/alejandro/play-work/playgroup-admin---laravel/vendor/laravel/framework/src/Illuminate/Database/Connection.php(331): Doctrine\\DBAL\\Driver\\PDOConnection->prepare()
#2 /home/alejandro/play-work/playgroup-admin---laravel/vendor/laravel/framework/src/Illuminate/Database/Connection.php(662): Illuminate\\Database\\Connection->Illuminate\\Database\\{closure}()
#3 /home/alejandro/play-work/playgroup-admin---laravel/vendor/laravel/framework/src/Illuminate/Database/Connection.php(629): Illuminate\\Database\\Connection->runQueryCallback()
#4 /home/alejandro/play-work/playgroup-admin---laravel/vendor/laravel/framework/src/Illuminate/Database/Connection.php(338): Illuminate\\Database\\Connection->run()
#5 /home/alejandro/play-work/playgroup-admin---laravel/vendor/laravel/framework/src/Illuminate/Database/Query/Builder.php(2159): Illuminate\\Database\\Connection->select()
#6 /home/alejandro/play-work/playgroup-admin---laravel/vendor/laravel/framework/src/Illuminate/Database/Query/Builder.php(2147): Illuminate\\Database\\Query\\Builder->runSelect()
#7 /home/alejandro/play-work/playgroup-admin---laravel/vendor/laravel/framework/src/Illuminate/Database/Query/Builder.php(2619): Illuminate\\Database\\Query\\Builder->Illuminate\\Database\\Query\\{closure}()
#8 /home/alejandro/play-work/playgroup-admin---laravel/vendor/laravel/framework/src/Illuminate/Database/Query/Builder.php(2148): Illuminate\\Database\\Query\\Builder->onceWithColumns()
#9 /home/alejandro/play-work/playgroup-admin---laravel/vendor/laravel/framework/src/Illuminate/Database/Eloquent/Builder.php(546): Illuminate\\Database\\Query\\Builder->get()
#10 /home/alejandro/play-work/playgroup-admin---laravel/vendor/laravel/framework/src/Illuminate/Database/Eloquent/Builder.php(530): Illuminate\\Database\\Eloquent\\Builder->getModels()
#11 /home/alejandro/play-work/playgroup-admin---laravel/app/Http/Controllers/Api/PageController.php(78): Illuminate\\Database\\Eloquent\\Builder->get()
#12 /home/alejandro/play-work/playgroup-admin---laravel/vendor/laravel/framework/src/Illuminate/Routing/Controller.php(54): App\\Http\\Controllers\\Api\\PageController->home()
#13 /home/alejandro/play-work/playgroup-admin---laravel/vendor/laravel/framework/src/Illuminate/Routing/ControllerDispatcher.php(45): Illuminate\\Routing\\Controller->callAction()
#14 /home/alejandro/play-work/playgroup-admin---laravel/vendor/laravel/framework/src/Illuminate/Routing/Route.php(219): Illuminate\\Routing\\ControllerDispatcher->dispatch()
#15 /home/alejandro/play-work/playgroup-admin---laravel/vendor/laravel/framework/src/Illuminate/Routing/Route.php(176): Illuminate\\Routing\\Route->runController()
#16 /home/alejandro/play-work/playgroup-admin---laravel/vendor/laravel/framework/src/Illuminate/Routing/Router.php(681): Illuminate\\Routing\\Route->run()
#17 /home/alejandro/play-work/playgroup-admin---laravel/vendor/laravel/framework/src/Illuminate/Pipeline/Pipeline.php(130): Illuminate\\Routing\\Router->Illuminate\\Routing\\{closure}()
#18 /home/alejandro/play-work/playgroup-admin---laravel/vendor/laravel/framework/src/Illuminate/Routing/Middleware/SubstituteBindings.php(41): Illuminate\\Pipeline\\Pipeline->Illuminate\\Pipeline\\{closure}()
#19 /home/alejandro/play-work/playgroup-admin---laravel/vendor/laravel/framework/src/Illuminate/Pipeline/Pipeline.php(171): Illuminate\\Routing\\Middleware\\SubstituteBindings->handle()
#20 /home/alejandro/play-work/playgroup-admin---laravel/vendor/laravel/framework/src/Illuminate/Pipeline/Pipeline.php(105): Illuminate\\Pipeline\\Pipeline->Illuminate\\Pipeline\\{closure}()
#21 /home/alejandro/play-work/playgroup-admin---laravel/vendor/laravel/framework/src/Illuminate/Routing/Router.php(683): Illuminate\\Pipeline\\Pipeline->then()
#22 /home/alejandro/play-work/playgroup-admin---laravel/vendor/laravel/framework/src/Illuminate/Routing/Router.php(658): Illuminate\\Routing\\Router->runRouteWithinStack()
#23 /home/alejandro/play-work/playgroup-admin---laravel/vendor/laravel/framework/src/Illuminate/Routing/Router.php(624): Illuminate\\Routing\\Router->runRoute()
#24 /home/alejandro/play-work/playgroup-admin---laravel/vendor/laravel/framework/src/Illuminate/Routing/Router.php(613): Illuminate\\Routing\\Router->dispatchToRoute()
#25 /home/alejandro/play-work/playgroup-admin---laravel/vendor/laravel/framework/src/Illuminate/Foundation/Http/Kernel.php(170): Illuminate\\Routing\\Router->dispatch()
#26 /home/alejandro/play-work/playgroup-admin---laravel/vendor/laravel/framework/src/Illuminate/Pipeline/Pipeline.php(130): Illuminate\\Foundation\\Http\\Kernel->Illuminate\\Foundation\\Http\\{closure}()
#27 /home/alejandro/play-work/playgroup-admin---laravel/vendor/laravel/framework/src/Illuminate/Foundation/Http/Middleware/TransformsRequest.php(21): Illuminate\\Pipeline\\Pipeline->Illuminate\\Pipeline\\{closure}()
#28 /home/alejandro/play-work/playgroup-admin---laravel/vendor/laravel/framework/src/Illuminate/Pipeline/Pipeline.php(171): Illuminate\\Foundation\\Http\\Middleware\\TransformsRequest->handle()
#29 /home/alejandro/play-work/playgroup-admin---laravel/vendor/laravel/framework/src/Illuminate/Foundation/Http/Middleware/TransformsRequest.php(21): Illuminate\\Pipeline\\Pipeline->Illuminate\\Pipeline\\{closure}()
#30 /home/alejandro/play-work/playgroup-admin---laravel/vendor/laravel/framework/src/Illuminate/Pipeline/Pipeline.php(171): Illuminate\\Foundation\\Http\\Middleware\\TransformsRequest->handle()
#31 /home/alejandro/play-work/playgroup-admin---laravel/vendor/laravel/framework/src/Illuminate/Foundation/Http/Middleware/ValidatePostSize.php(27): Illuminate\\Pipeline\\Pipeline->Illuminate\\Pipeline\\{closure}()
#32 /home/alejandro/play-work/playgroup-admin---laravel/vendor/laravel/framework/src/Illuminate/Pipeline/Pipeline.php(171): Illuminate\\Foundation\\Http\\Middleware\\ValidatePostSize->handle()
#33 /home/alejandro/play-work/playgroup-admin---laravel/vendor/laravel/framework/src/Illuminate/Foundation/Http/Middleware/CheckForMaintenanceMode.php(63): Illuminate\\Pipeline\\Pipeline->Illuminate\\Pipeline\\{closure}()
#34 /home/alejandro/play-work/playgroup-admin---laravel/vendor/laravel/framework/src/Illuminate/Pipeline/Pipeline.php(171): Illuminate\\Foundation\\Http\\Middleware\\CheckForMaintenanceMode->handle()
#35 /home/alejandro/play-work/playgroup-admin---laravel/vendor/fideloper/proxy/src/TrustProxies.php(57): Illuminate\\Pipeline\\Pipeline->Illuminate\\Pipeline\\{closure}()
#36 /home/alejandro/play-work/playgroup-admin---laravel/vendor/laravel/framework/src/Illuminate/Pipeline/Pipeline.php(171): Fideloper\\Proxy\\TrustProxies->handle()
#37 /home/alejandro/play-work/playgroup-admin---laravel/vendor/laravel/framework/src/Illuminate/Pipeline/Pipeline.php(105): Illuminate\\Pipeline\\Pipeline->Illuminate\\Pipeline\\{closure}()
#38 /home/alejandro/play-work/playgroup-admin---laravel/vendor/laravel/framework/src/Illuminate/Foundation/Http/Kernel.php(145): Illuminate\\Pipeline\\Pipeline->then()
#39 /home/alejandro/play-work/playgroup-admin---laravel/vendor/laravel/framework/src/Illuminate/Foundation/Http/Kernel.php(110): Illuminate\\Foundation\\Http\\Kernel->sendRequestThroughRouter()
#40 /home/alejandro/play-work/playgroup-admin---laravel/public/index.php(55): Illuminate\\Foundation\\Http\\Kernel->handle()
#41 /home/alejandro/play-work/playgroup-admin---laravel/server.php(21): require_once('/home/alejandro...')
#42 {main}

[previous exception] [object] (PDOException(code: 42S22): SQLSTATE[42S22]: Column not found: 1054 Unknown column 'position' in 'field list' at /home/alejandro/play-work/playgroup-admin---laravel/vendor/doctrine/dbal/lib/Doctrine/DBAL/Driver/PDOConnection.php:82)
[stacktrace]
#0 /home/alejandro/play-work/playgroup-admin---laravel/vendor/doctrine/dbal/lib/Doctrine/DBAL/Driver/PDOConnection.php(82): PDO->prepare()
#1 /home/alejandro/play-work/playgroup-admin---laravel/vendor/laravel/framework/src/Illuminate/Database/Connection.php(331): Doctrine\\DBAL\\Driver\\PDOConnection->prepare()
#2 /home/alejandro/play-work/playgroup-admin---laravel/vendor/laravel/framework/src/Illuminate/Database/Connection.php(662): Illuminate\\Database\\Connection->Illuminate\\Database\\{closure}()
#3 /home/alejandro/play-work/playgroup-admin---laravel/vendor/laravel/framework/src/Illuminate/Database/Connection.php(629): Illuminate\\Database\\Connection->runQueryCallback()
#4 /home/alejandro/play-work/playgroup-admin---laravel/vendor/laravel/framework/src/Illuminate/Database/Connection.php(338): Illuminate\\Database\\Connection->run()
#5 /home/alejandro/play-work/playgroup-admin---laravel/vendor/laravel/framework/src/Illuminate/Database/Query/Builder.php(2159): Illuminate\\Database\\Connection->select()
#6 /home/alejandro/play-work/playgroup-admin---laravel/vendor/laravel/framework/src/Illuminate/Database/Query/Builder.php(2147): Illuminate\\Database\\Query\\Builder->runSelect()
#7 /home/alejandro/play-work/playgroup-admin---laravel/vendor/laravel/framework/src/Illuminate/Database/Query/Builder.php(2619): Illuminate\\Database\\Query\\Builder->Illuminate\\Database\\Query\\{closure}()
#8 /home/alejandro/play-work/playgroup-admin---laravel/vendor/laravel/framework/src/Illuminate/Database/Query/Builder.php(2148): Illuminate\\Database\\Query\\Builder->onceWithColumns()
#9 /home/alejandro/play-work/playgroup-admin---laravel/vendor/laravel/framework/src/Illuminate/Database/Eloquent/Builder.php(546): Illuminate\\Database\\Query\\Builder->get()
#10 /home/alejandro/play-work/playgroup-admin---laravel/vendor/laravel/framework/src/Illuminate/Database/Eloquent/Builder.php(530): Illuminate\\Database\\Eloquent\\Builder->getModels()
#11 /home/alejandro/play-work/playgroup-admin---laravel/app/Http/Controllers/Api/PageController.php(78): Illuminate\\Database\\Eloquent\\Builder->get()
#12 /home/alejandro/play-work/playgroup-admin---laravel/vendor/laravel/framework/src/Illuminate/Routing/Controller.php(54): App\\Http\\Controllers\\Api\\PageController->home()
#13 /home/alejandro/play-work/playgroup-admin---laravel/vendor/laravel/framework/src/Illuminate/Routing/ControllerDispatcher.php(45): Illuminate\\Routing\\Controller->callAction()
#14 /home/alejandro/play-work/playgroup-admin---laravel/vendor/laravel/framework/src/Illuminate/Routing/Route.php(219): Illuminate\\Routing\\ControllerDispatcher->dispatch()
#15 /home/alejandro/play-work/playgroup-admin---laravel/vendor/laravel/framework/src/Illuminate/Routing/Route.php(176): Illuminate\\Routing\\Route->runController()
#16 /home/alejandro/play-work/playgroup-admin---laravel/vendor/laravel/framework/src/Illuminate/Routing/Router.php(681): Illuminate\\Routing\\Route->run()
#17 /home/alejandro/play-work/playgroup-admin---laravel/vendor/laravel/framework/src/Illuminate/Pipeline/Pipeline.php(130): Illuminate\\Routing\\Router->Illuminate\\Routing\\{closure}()
#18 /home/alejandro/play-work/playgroup-admin---laravel/vendor/laravel/framework/src/Illuminate/Routing/Middleware/SubstituteBindings.php(41): Illuminate\\Pipeline\\Pipeline->Illuminate\\Pipeline\\{closure}()
#19 /home/alejandro/play-work/playgroup-admin---laravel/vendor/laravel/framework/src/Illuminate/Pipeline/Pipeline.php(171): Illuminate\\Routing\\Middleware\\SubstituteBindings->handle()
#20 /home/alejandro/play-work/playgroup-admin---laravel/vendor/laravel/framework/src/Illuminate/Pipeline/Pipeline.php(105): Illuminate\\Pipeline\\Pipeline->Illuminate\\Pipeline\\{closure}()
#21 /home/alejandro/play-work/playgroup-admin---laravel/vendor/laravel/framework/src/Illuminate/Routing/Router.php(683): Illuminate\\Pipeline\\Pipeline->then()
#22 /home/alejandro/play-work/playgroup-admin---laravel/vendor/laravel/framework/src/Illuminate/Routing/Router.php(658): Illuminate\\Routing\\Router->runRouteWithinStack()
#23 /home/alejandro/play-work/playgroup-admin---laravel/vendor/laravel/framework/src/Illuminate/Routing/Router.php(624): Illuminate\\Routing\\Router->runRoute()
#24 /home/alejandro/play-work/playgroup-admin---laravel/vendor/laravel/framework/src/Illuminate/Routing/Router.php(613): Illuminate\\Routing\\Router->dispatchToRoute()
#25 /home/alejandro/play-work/playgroup-admin---laravel/vendor/laravel/framework/src/Illuminate/Foundation/Http/Kernel.php(170): Illuminate\\Routing\\Router->dispatch()
#26 /home/alejandro/play-work/playgroup-admin---laravel/vendor/laravel/framework/src/Illuminate/Pipeline/Pipeline.php(130): Illuminate\\Foundation\\Http\\Kernel->Illuminate\\Foundation\\Http\\{closure}()
#27 /home/alejandro/play-work/playgroup-admin---laravel/vendor/laravel/framework/src/Illuminate/Foundation/Http/Middleware/TransformsRequest.php(21): Illuminate\\Pipeline\\Pipeline->Illuminate\\Pipeline\\{closure}()
#28 /home/alejandro/play-work/playgroup-admin---laravel/vendor/laravel/framework/src/Illuminate/Pipeline/Pipeline.php(171): Illuminate\\Foundation\\Http\\Middleware\\TransformsRequest->handle()
#29 /home/alejandro/play-work/playgroup-admin---laravel/vendor/laravel/framework/src/Illuminate/Foundation/Http/Middleware/TransformsRequest.php(21): Illuminate\\Pipeline\\Pipeline->Illuminate\\Pipeline\\{closure}()
#30 /home/alejandro/play-work/playgroup-admin---laravel/vendor/laravel/framework/src/Illuminate/Pipeline/Pipeline.php(171): Illuminate\\Foundation\\Http\\Middleware\\TransformsRequest->handle()
#31 /home/alejandro/play-work/playgroup-admin---laravel/vendor/laravel/framework/src/Illuminate/Foundation/Http/Middleware/ValidatePostSize.php(27): Illuminate\\Pipeline\\Pipeline->Illuminate\\Pipeline\\{closure}()
#32 /home/alejandro/play-work/playgroup-admin---laravel/vendor/laravel/framework/src/Illuminate/Pipeline/Pipeline.php(171): Illuminate\\Foundation\\Http\\Middleware\\ValidatePostSize->handle()
#33 /home/alejandro/play-work/playgroup-admin---laravel/vendor/laravel/framework/src/Illuminate/Foundation/Http/Middleware/CheckForMaintenanceMode.php(63): Illuminate\\Pipeline\\Pipeline->Illuminate\\Pipeline\\{closure}()
#34 /home/alejandro/play-work/playgroup-admin---laravel/vendor/laravel/framework/src/Illuminate/Pipeline/Pipeline.php(171): Illuminate\\Foundation\\Http\\Middleware\\CheckForMaintenanceMode->handle()
#35 /home/alejandro/play-work/playgroup-admin---laravel/vendor/fideloper/proxy/src/TrustProxies.php(57): Illuminate\\Pipeline\\Pipeline->Illuminate\\Pipeline\\{closure}()
#36 /home/alejandro/play-work/playgroup-admin---laravel/vendor/laravel/framework/src/Illuminate/Pipeline/Pipeline.php(171): Fideloper\\Proxy\\TrustProxies->handle()
#37 /home/alejandro/play-work/playgroup-admin---laravel/vendor/laravel/framework/src/Illuminate/Pipeline/Pipeline.php(105): Illuminate\\Pipeline\\Pipeline->Illuminate\\Pipeline\\{closure}()
#38 /home/alejandro/play-work/playgroup-admin---laravel/vendor/laravel/framework/src/Illuminate/Foundation/Http/Kernel.php(145): Illuminate\\Pipeline\\Pipeline->then()
#39 /home/alejandro/play-work/playgroup-admin---laravel/vendor/laravel/framework/src/Illuminate/Foundation/Http/Kernel.php(110): Illuminate\\Foundation\\Http\\Kernel->sendRequestThroughRouter()
#40 /home/alejandro/play-work/playgroup-admin---laravel/public/index.php(55): Illuminate\\Foundation\\Http\\Kernel->handle()
#41 /home/alejandro/play-work/playgroup-admin---laravel/server.php(21): require_once('/home/alejandro...')
#42 {main}
"} 
[2025-05-20 15:06:09] local.ERROR: SQLSTATE[42S22]: Column not found: 1054 Unknown column 'position' in 'field list' (SQL: select `name`, `image`, `position`, `category` from `awards` order by `index` asc) {"exception":"[object] (Illuminate\\Database\\QueryException(code: 42S22): SQLSTATE[42S22]: Column not found: 1054 Unknown column 'position' in 'field list' (SQL: select `name`, `image`, `position`, `category` from `awards` order by `index` asc) at /home/alejandro/play-work/playgroup-admin---laravel/vendor/laravel/framework/src/Illuminate/Database/Connection.php:669)
[stacktrace]
#0 /home/alejandro/play-work/playgroup-admin---laravel/vendor/laravel/framework/src/Illuminate/Database/Connection.php(629): Illuminate\\Database\\Connection->runQueryCallback()
#1 /home/alejandro/play-work/playgroup-admin---laravel/vendor/laravel/framework/src/Illuminate/Database/Connection.php(338): Illuminate\\Database\\Connection->run()
#2 /home/alejandro/play-work/playgroup-admin---laravel/vendor/laravel/framework/src/Illuminate/Database/Query/Builder.php(2159): Illuminate\\Database\\Connection->select()
#3 /home/alejandro/play-work/playgroup-admin---laravel/vendor/laravel/framework/src/Illuminate/Database/Query/Builder.php(2147): Illuminate\\Database\\Query\\Builder->runSelect()
#4 /home/alejandro/play-work/playgroup-admin---laravel/vendor/laravel/framework/src/Illuminate/Database/Query/Builder.php(2619): Illuminate\\Database\\Query\\Builder->Illuminate\\Database\\Query\\{closure}()
#5 /home/alejandro/play-work/playgroup-admin---laravel/vendor/laravel/framework/src/Illuminate/Database/Query/Builder.php(2148): Illuminate\\Database\\Query\\Builder->onceWithColumns()
#6 /home/alejandro/play-work/playgroup-admin---laravel/vendor/laravel/framework/src/Illuminate/Database/Eloquent/Builder.php(546): Illuminate\\Database\\Query\\Builder->get()
#7 /home/alejandro/play-work/playgroup-admin---laravel/vendor/laravel/framework/src/Illuminate/Database/Eloquent/Builder.php(530): Illuminate\\Database\\Eloquent\\Builder->getModels()
#8 /home/alejandro/play-work/playgroup-admin---laravel/app/Http/Controllers/Api/PageController.php(78): Illuminate\\Database\\Eloquent\\Builder->get()
#9 /home/alejandro/play-work/playgroup-admin---laravel/vendor/laravel/framework/src/Illuminate/Routing/Controller.php(54): App\\Http\\Controllers\\Api\\PageController->home()
#10 /home/alejandro/play-work/playgroup-admin---laravel/vendor/laravel/framework/src/Illuminate/Routing/ControllerDispatcher.php(45): Illuminate\\Routing\\Controller->callAction()
#11 /home/alejandro/play-work/playgroup-admin---laravel/vendor/laravel/framework/src/Illuminate/Routing/Route.php(219): Illuminate\\Routing\\ControllerDispatcher->dispatch()
#12 /home/alejandro/play-work/playgroup-admin---laravel/vendor/laravel/framework/src/Illuminate/Routing/Route.php(176): Illuminate\\Routing\\Route->runController()
#13 /home/alejandro/play-work/playgroup-admin---laravel/vendor/laravel/framework/src/Illuminate/Routing/Router.php(681): Illuminate\\Routing\\Route->run()
#14 /home/alejandro/play-work/playgroup-admin---laravel/vendor/laravel/framework/src/Illuminate/Pipeline/Pipeline.php(130): Illuminate\\Routing\\Router->Illuminate\\Routing\\{closure}()
#15 /home/alejandro/play-work/playgroup-admin---laravel/vendor/laravel/framework/src/Illuminate/Routing/Middleware/SubstituteBindings.php(41): Illuminate\\Pipeline\\Pipeline->Illuminate\\Pipeline\\{closure}()
#16 /home/alejandro/play-work/playgroup-admin---laravel/vendor/laravel/framework/src/Illuminate/Pipeline/Pipeline.php(171): Illuminate\\Routing\\Middleware\\SubstituteBindings->handle()
#17 /home/alejandro/play-work/playgroup-admin---laravel/vendor/laravel/framework/src/Illuminate/Pipeline/Pipeline.php(105): Illuminate\\Pipeline\\Pipeline->Illuminate\\Pipeline\\{closure}()
#18 /home/alejandro/play-work/playgroup-admin---laravel/vendor/laravel/framework/src/Illuminate/Routing/Router.php(683): Illuminate\\Pipeline\\Pipeline->then()
#19 /home/alejandro/play-work/playgroup-admin---laravel/vendor/laravel/framework/src/Illuminate/Routing/Router.php(658): Illuminate\\Routing\\Router->runRouteWithinStack()
#20 /home/alejandro/play-work/playgroup-admin---laravel/vendor/laravel/framework/src/Illuminate/Routing/Router.php(624): Illuminate\\Routing\\Router->runRoute()
#21 /home/alejandro/play-work/playgroup-admin---laravel/vendor/laravel/framework/src/Illuminate/Routing/Router.php(613): Illuminate\\Routing\\Router->dispatchToRoute()
#22 /home/alejandro/play-work/playgroup-admin---laravel/vendor/laravel/framework/src/Illuminate/Foundation/Http/Kernel.php(170): Illuminate\\Routing\\Router->dispatch()
#23 /home/alejandro/play-work/playgroup-admin---laravel/vendor/laravel/framework/src/Illuminate/Pipeline/Pipeline.php(130): Illuminate\\Foundation\\Http\\Kernel->Illuminate\\Foundation\\Http\\{closure}()
#24 /home/alejandro/play-work/playgroup-admin---laravel/vendor/laravel/framework/src/Illuminate/Foundation/Http/Middleware/TransformsRequest.php(21): Illuminate\\Pipeline\\Pipeline->Illuminate\\Pipeline\\{closure}()
#25 /home/alejandro/play-work/playgroup-admin---laravel/vendor/laravel/framework/src/Illuminate/Pipeline/Pipeline.php(171): Illuminate\\Foundation\\Http\\Middleware\\TransformsRequest->handle()
#26 /home/alejandro/play-work/playgroup-admin---laravel/vendor/laravel/framework/src/Illuminate/Foundation/Http/Middleware/TransformsRequest.php(21): Illuminate\\Pipeline\\Pipeline->Illuminate\\Pipeline\\{closure}()
#27 /home/alejandro/play-work/playgroup-admin---laravel/vendor/laravel/framework/src/Illuminate/Pipeline/Pipeline.php(171): Illuminate\\Foundation\\Http\\Middleware\\TransformsRequest->handle()
#28 /home/alejandro/play-work/playgroup-admin---laravel/vendor/laravel/framework/src/Illuminate/Foundation/Http/Middleware/ValidatePostSize.php(27): Illuminate\\Pipeline\\Pipeline->Illuminate\\Pipeline\\{closure}()
#29 /home/alejandro/play-work/playgroup-admin---laravel/vendor/laravel/framework/src/Illuminate/Pipeline/Pipeline.php(171): Illuminate\\Foundation\\Http\\Middleware\\ValidatePostSize->handle()
#30 /home/alejandro/play-work/playgroup-admin---laravel/vendor/laravel/framework/src/Illuminate/Foundation/Http/Middleware/CheckForMaintenanceMode.php(63): Illuminate\\Pipeline\\Pipeline->Illuminate\\Pipeline\\{closure}()
#31 /home/alejandro/play-work/playgroup-admin---laravel/vendor/laravel/framework/src/Illuminate/Pipeline/Pipeline.php(171): Illuminate\\Foundation\\Http\\Middleware\\CheckForMaintenanceMode->handle()
#32 /home/alejandro/play-work/playgroup-admin---laravel/vendor/fideloper/proxy/src/TrustProxies.php(57): Illuminate\\Pipeline\\Pipeline->Illuminate\\Pipeline\\{closure}()
#33 /home/alejandro/play-work/playgroup-admin---laravel/vendor/laravel/framework/src/Illuminate/Pipeline/Pipeline.php(171): Fideloper\\Proxy\\TrustProxies->handle()
#34 /home/alejandro/play-work/playgroup-admin---laravel/vendor/laravel/framework/src/Illuminate/Pipeline/Pipeline.php(105): Illuminate\\Pipeline\\Pipeline->Illuminate\\Pipeline\\{closure}()
#35 /home/alejandro/play-work/playgroup-admin---laravel/vendor/laravel/framework/src/Illuminate/Foundation/Http/Kernel.php(145): Illuminate\\Pipeline\\Pipeline->then()
#36 /home/alejandro/play-work/playgroup-admin---laravel/vendor/laravel/framework/src/Illuminate/Foundation/Http/Kernel.php(110): Illuminate\\Foundation\\Http\\Kernel->sendRequestThroughRouter()
#37 /home/alejandro/play-work/playgroup-admin---laravel/public/index.php(55): Illuminate\\Foundation\\Http\\Kernel->handle()
#38 /home/alejandro/play-work/playgroup-admin---laravel/server.php(21): require_once('/home/alejandro...')
#39 {main}

[previous exception] [object] (Doctrine\\DBAL\\Driver\\PDO\\Exception(code: 42S22): SQLSTATE[42S22]: Column not found: 1054 Unknown column 'position' in 'field list' at /home/alejandro/play-work/playgroup-admin---laravel/vendor/doctrine/dbal/lib/Doctrine/DBAL/Driver/PDO/Exception.php:18)
[stacktrace]
#0 /home/alejandro/play-work/playgroup-admin---laravel/vendor/doctrine/dbal/lib/Doctrine/DBAL/Driver/PDOConnection.php(87): Doctrine\\DBAL\\Driver\\PDO\\Exception::new()
#1 /home/alejandro/play-work/playgroup-admin---laravel/vendor/laravel/framework/src/Illuminate/Database/Connection.php(331): Doctrine\\DBAL\\Driver\\PDOConnection->prepare()
#2 /home/alejandro/play-work/playgroup-admin---laravel/vendor/laravel/framework/src/Illuminate/Database/Connection.php(662): Illuminate\\Database\\Connection->Illuminate\\Database\\{closure}()
#3 /home/alejandro/play-work/playgroup-admin---laravel/vendor/laravel/framework/src/Illuminate/Database/Connection.php(629): Illuminate\\Database\\Connection->runQueryCallback()
#4 /home/alejandro/play-work/playgroup-admin---laravel/vendor/laravel/framework/src/Illuminate/Database/Connection.php(338): Illuminate\\Database\\Connection->run()
#5 /home/alejandro/play-work/playgroup-admin---laravel/vendor/laravel/framework/src/Illuminate/Database/Query/Builder.php(2159): Illuminate\\Database\\Connection->select()
#6 /home/alejandro/play-work/playgroup-admin---laravel/vendor/laravel/framework/src/Illuminate/Database/Query/Builder.php(2147): Illuminate\\Database\\Query\\Builder->runSelect()
#7 /home/alejandro/play-work/playgroup-admin---laravel/vendor/laravel/framework/src/Illuminate/Database/Query/Builder.php(2619): Illuminate\\Database\\Query\\Builder->Illuminate\\Database\\Query\\{closure}()
#8 /home/alejandro/play-work/playgroup-admin---laravel/vendor/laravel/framework/src/Illuminate/Database/Query/Builder.php(2148): Illuminate\\Database\\Query\\Builder->onceWithColumns()
#9 /home/alejandro/play-work/playgroup-admin---laravel/vendor/laravel/framework/src/Illuminate/Database/Eloquent/Builder.php(546): Illuminate\\Database\\Query\\Builder->get()
#10 /home/alejandro/play-work/playgroup-admin---laravel/vendor/laravel/framework/src/Illuminate/Database/Eloquent/Builder.php(530): Illuminate\\Database\\Eloquent\\Builder->getModels()
#11 /home/alejandro/play-work/playgroup-admin---laravel/app/Http/Controllers/Api/PageController.php(78): Illuminate\\Database\\Eloquent\\Builder->get()
#12 /home/alejandro/play-work/playgroup-admin---laravel/vendor/laravel/framework/src/Illuminate/Routing/Controller.php(54): App\\Http\\Controllers\\Api\\PageController->home()
#13 /home/alejandro/play-work/playgroup-admin---laravel/vendor/laravel/framework/src/Illuminate/Routing/ControllerDispatcher.php(45): Illuminate\\Routing\\Controller->callAction()
#14 /home/alejandro/play-work/playgroup-admin---laravel/vendor/laravel/framework/src/Illuminate/Routing/Route.php(219): Illuminate\\Routing\\ControllerDispatcher->dispatch()
#15 /home/alejandro/play-work/playgroup-admin---laravel/vendor/laravel/framework/src/Illuminate/Routing/Route.php(176): Illuminate\\Routing\\Route->runController()
#16 /home/alejandro/play-work/playgroup-admin---laravel/vendor/laravel/framework/src/Illuminate/Routing/Router.php(681): Illuminate\\Routing\\Route->run()
#17 /home/alejandro/play-work/playgroup-admin---laravel/vendor/laravel/framework/src/Illuminate/Pipeline/Pipeline.php(130): Illuminate\\Routing\\Router->Illuminate\\Routing\\{closure}()
#18 /home/alejandro/play-work/playgroup-admin---laravel/vendor/laravel/framework/src/Illuminate/Routing/Middleware/SubstituteBindings.php(41): Illuminate\\Pipeline\\Pipeline->Illuminate\\Pipeline\\{closure}()
#19 /home/alejandro/play-work/playgroup-admin---laravel/vendor/laravel/framework/src/Illuminate/Pipeline/Pipeline.php(171): Illuminate\\Routing\\Middleware\\SubstituteBindings->handle()
#20 /home/alejandro/play-work/playgroup-admin---laravel/vendor/laravel/framework/src/Illuminate/Pipeline/Pipeline.php(105): Illuminate\\Pipeline\\Pipeline->Illuminate\\Pipeline\\{closure}()
#21 /home/alejandro/play-work/playgroup-admin---laravel/vendor/laravel/framework/src/Illuminate/Routing/Router.php(683): Illuminate\\Pipeline\\Pipeline->then()
#22 /home/alejandro/play-work/playgroup-admin---laravel/vendor/laravel/framework/src/Illuminate/Routing/Router.php(658): Illuminate\\Routing\\Router->runRouteWithinStack()
#23 /home/alejandro/play-work/playgroup-admin---laravel/vendor/laravel/framework/src/Illuminate/Routing/Router.php(624): Illuminate\\Routing\\Router->runRoute()
#24 /home/alejandro/play-work/playgroup-admin---laravel/vendor/laravel/framework/src/Illuminate/Routing/Router.php(613): Illuminate\\Routing\\Router->dispatchToRoute()
#25 /home/alejandro/play-work/playgroup-admin---laravel/vendor/laravel/framework/src/Illuminate/Foundation/Http/Kernel.php(170): Illuminate\\Routing\\Router->dispatch()
#26 /home/alejandro/play-work/playgroup-admin---laravel/vendor/laravel/framework/src/Illuminate/Pipeline/Pipeline.php(130): Illuminate\\Foundation\\Http\\Kernel->Illuminate\\Foundation\\Http\\{closure}()
#27 /home/alejandro/play-work/playgroup-admin---laravel/vendor/laravel/framework/src/Illuminate/Foundation/Http/Middleware/TransformsRequest.php(21): Illuminate\\Pipeline\\Pipeline->Illuminate\\Pipeline\\{closure}()
#28 /home/alejandro/play-work/playgroup-admin---laravel/vendor/laravel/framework/src/Illuminate/Pipeline/Pipeline.php(171): Illuminate\\Foundation\\Http\\Middleware\\TransformsRequest->handle()
#29 /home/alejandro/play-work/playgroup-admin---laravel/vendor/laravel/framework/src/Illuminate/Foundation/Http/Middleware/TransformsRequest.php(21): Illuminate\\Pipeline\\Pipeline->Illuminate\\Pipeline\\{closure}()
#30 /home/alejandro/play-work/playgroup-admin---laravel/vendor/laravel/framework/src/Illuminate/Pipeline/Pipeline.php(171): Illuminate\\Foundation\\Http\\Middleware\\TransformsRequest->handle()
#31 /home/alejandro/play-work/playgroup-admin---laravel/vendor/laravel/framework/src/Illuminate/Foundation/Http/Middleware/ValidatePostSize.php(27): Illuminate\\Pipeline\\Pipeline->Illuminate\\Pipeline\\{closure}()
#32 /home/alejandro/play-work/playgroup-admin---laravel/vendor/laravel/framework/src/Illuminate/Pipeline/Pipeline.php(171): Illuminate\\Foundation\\Http\\Middleware\\ValidatePostSize->handle()
#33 /home/alejandro/play-work/playgroup-admin---laravel/vendor/laravel/framework/src/Illuminate/Foundation/Http/Middleware/CheckForMaintenanceMode.php(63): Illuminate\\Pipeline\\Pipeline->Illuminate\\Pipeline\\{closure}()
#34 /home/alejandro/play-work/playgroup-admin---laravel/vendor/laravel/framework/src/Illuminate/Pipeline/Pipeline.php(171): Illuminate\\Foundation\\Http\\Middleware\\CheckForMaintenanceMode->handle()
#35 /home/alejandro/play-work/playgroup-admin---laravel/vendor/fideloper/proxy/src/TrustProxies.php(57): Illuminate\\Pipeline\\Pipeline->Illuminate\\Pipeline\\{closure}()
#36 /home/alejandro/play-work/playgroup-admin---laravel/vendor/laravel/framework/src/Illuminate/Pipeline/Pipeline.php(171): Fideloper\\Proxy\\TrustProxies->handle()
#37 /home/alejandro/play-work/playgroup-admin---laravel/vendor/laravel/framework/src/Illuminate/Pipeline/Pipeline.php(105): Illuminate\\Pipeline\\Pipeline->Illuminate\\Pipeline\\{closure}()
#38 /home/alejandro/play-work/playgroup-admin---laravel/vendor/laravel/framework/src/Illuminate/Foundation/Http/Kernel.php(145): Illuminate\\Pipeline\\Pipeline->then()
#39 /home/alejandro/play-work/playgroup-admin---laravel/vendor/laravel/framework/src/Illuminate/Foundation/Http/Kernel.php(110): Illuminate\\Foundation\\Http\\Kernel->sendRequestThroughRouter()
#40 /home/alejandro/play-work/playgroup-admin---laravel/public/index.php(55): Illuminate\\Foundation\\Http\\Kernel->handle()
#41 /home/alejandro/play-work/playgroup-admin---laravel/server.php(21): require_once('/home/alejandro...')
#42 {main}

[previous exception] [object] (PDOException(code: 42S22): SQLSTATE[42S22]: Column not found: 1054 Unknown column 'position' in 'field list' at /home/alejandro/play-work/playgroup-admin---laravel/vendor/doctrine/dbal/lib/Doctrine/DBAL/Driver/PDOConnection.php:82)
[stacktrace]
#0 /home/alejandro/play-work/playgroup-admin---laravel/vendor/doctrine/dbal/lib/Doctrine/DBAL/Driver/PDOConnection.php(82): PDO->prepare()
#1 /home/alejandro/play-work/playgroup-admin---laravel/vendor/laravel/framework/src/Illuminate/Database/Connection.php(331): Doctrine\\DBAL\\Driver\\PDOConnection->prepare()
#2 /home/alejandro/play-work/playgroup-admin---laravel/vendor/laravel/framework/src/Illuminate/Database/Connection.php(662): Illuminate\\Database\\Connection->Illuminate\\Database\\{closure}()
#3 /home/alejandro/play-work/playgroup-admin---laravel/vendor/laravel/framework/src/Illuminate/Database/Connection.php(629): Illuminate\\Database\\Connection->runQueryCallback()
#4 /home/alejandro/play-work/playgroup-admin---laravel/vendor/laravel/framework/src/Illuminate/Database/Connection.php(338): Illuminate\\Database\\Connection->run()
#5 /home/alejandro/play-work/playgroup-admin---laravel/vendor/laravel/framework/src/Illuminate/Database/Query/Builder.php(2159): Illuminate\\Database\\Connection->select()
#6 /home/alejandro/play-work/playgroup-admin---laravel/vendor/laravel/framework/src/Illuminate/Database/Query/Builder.php(2147): Illuminate\\Database\\Query\\Builder->runSelect()
#7 /home/alejandro/play-work/playgroup-admin---laravel/vendor/laravel/framework/src/Illuminate/Database/Query/Builder.php(2619): Illuminate\\Database\\Query\\Builder->Illuminate\\Database\\Query\\{closure}()
#8 /home/alejandro/play-work/playgroup-admin---laravel/vendor/laravel/framework/src/Illuminate/Database/Query/Builder.php(2148): Illuminate\\Database\\Query\\Builder->onceWithColumns()
#9 /home/alejandro/play-work/playgroup-admin---laravel/vendor/laravel/framework/src/Illuminate/Database/Eloquent/Builder.php(546): Illuminate\\Database\\Query\\Builder->get()
#10 /home/alejandro/play-work/playgroup-admin---laravel/vendor/laravel/framework/src/Illuminate/Database/Eloquent/Builder.php(530): Illuminate\\Database\\Eloquent\\Builder->getModels()
#11 /home/alejandro/play-work/playgroup-admin---laravel/app/Http/Controllers/Api/PageController.php(78): Illuminate\\Database\\Eloquent\\Builder->get()
#12 /home/alejandro/play-work/playgroup-admin---laravel/vendor/laravel/framework/src/Illuminate/Routing/Controller.php(54): App\\Http\\Controllers\\Api\\PageController->home()
#13 /home/alejandro/play-work/playgroup-admin---laravel/vendor/laravel/framework/src/Illuminate/Routing/ControllerDispatcher.php(45): Illuminate\\Routing\\Controller->callAction()
#14 /home/alejandro/play-work/playgroup-admin---laravel/vendor/laravel/framework/src/Illuminate/Routing/Route.php(219): Illuminate\\Routing\\ControllerDispatcher->dispatch()
#15 /home/alejandro/play-work/playgroup-admin---laravel/vendor/laravel/framework/src/Illuminate/Routing/Route.php(176): Illuminate\\Routing\\Route->runController()
#16 /home/alejandro/play-work/playgroup-admin---laravel/vendor/laravel/framework/src/Illuminate/Routing/Router.php(681): Illuminate\\Routing\\Route->run()
#17 /home/alejandro/play-work/playgroup-admin---laravel/vendor/laravel/framework/src/Illuminate/Pipeline/Pipeline.php(130): Illuminate\\Routing\\Router->Illuminate\\Routing\\{closure}()
#18 /home/alejandro/play-work/playgroup-admin---laravel/vendor/laravel/framework/src/Illuminate/Routing/Middleware/SubstituteBindings.php(41): Illuminate\\Pipeline\\Pipeline->Illuminate\\Pipeline\\{closure}()
#19 /home/alejandro/play-work/playgroup-admin---laravel/vendor/laravel/framework/src/Illuminate/Pipeline/Pipeline.php(171): Illuminate\\Routing\\Middleware\\SubstituteBindings->handle()
#20 /home/alejandro/play-work/playgroup-admin---laravel/vendor/laravel/framework/src/Illuminate/Pipeline/Pipeline.php(105): Illuminate\\Pipeline\\Pipeline->Illuminate\\Pipeline\\{closure}()
#21 /home/alejandro/play-work/playgroup-admin---laravel/vendor/laravel/framework/src/Illuminate/Routing/Router.php(683): Illuminate\\Pipeline\\Pipeline->then()
#22 /home/alejandro/play-work/playgroup-admin---laravel/vendor/laravel/framework/src/Illuminate/Routing/Router.php(658): Illuminate\\Routing\\Router->runRouteWithinStack()
#23 /home/alejandro/play-work/playgroup-admin---laravel/vendor/laravel/framework/src/Illuminate/Routing/Router.php(624): Illuminate\\Routing\\Router->runRoute()
#24 /home/alejandro/play-work/playgroup-admin---laravel/vendor/laravel/framework/src/Illuminate/Routing/Router.php(613): Illuminate\\Routing\\Router->dispatchToRoute()
#25 /home/alejandro/play-work/playgroup-admin---laravel/vendor/laravel/framework/src/Illuminate/Foundation/Http/Kernel.php(170): Illuminate\\Routing\\Router->dispatch()
#26 /home/alejandro/play-work/playgroup-admin---laravel/vendor/laravel/framework/src/Illuminate/Pipeline/Pipeline.php(130): Illuminate\\Foundation\\Http\\Kernel->Illuminate\\Foundation\\Http\\{closure}()
#27 /home/alejandro/play-work/playgroup-admin---laravel/vendor/laravel/framework/src/Illuminate/Foundation/Http/Middleware/TransformsRequest.php(21): Illuminate\\Pipeline\\Pipeline->Illuminate\\Pipeline\\{closure}()
#28 /home/alejandro/play-work/playgroup-admin---laravel/vendor/laravel/framework/src/Illuminate/Pipeline/Pipeline.php(171): Illuminate\\Foundation\\Http\\Middleware\\TransformsRequest->handle()
#29 /home/alejandro/play-work/playgroup-admin---laravel/vendor/laravel/framework/src/Illuminate/Foundation/Http/Middleware/TransformsRequest.php(21): Illuminate\\Pipeline\\Pipeline->Illuminate\\Pipeline\\{closure}()
#30 /home/alejandro/play-work/playgroup-admin---laravel/vendor/laravel/framework/src/Illuminate/Pipeline/Pipeline.php(171): Illuminate\\Foundation\\Http\\Middleware\\TransformsRequest->handle()
#31 /home/alejandro/play-work/playgroup-admin---laravel/vendor/laravel/framework/src/Illuminate/Foundation/Http/Middleware/ValidatePostSize.php(27): Illuminate\\Pipeline\\Pipeline->Illuminate\\Pipeline\\{closure}()
#32 /home/alejandro/play-work/playgroup-admin---laravel/vendor/laravel/framework/src/Illuminate/Pipeline/Pipeline.php(171): Illuminate\\Foundation\\Http\\Middleware\\ValidatePostSize->handle()
#33 /home/alejandro/play-work/playgroup-admin---laravel/vendor/laravel/framework/src/Illuminate/Foundation/Http/Middleware/CheckForMaintenanceMode.php(63): Illuminate\\Pipeline\\Pipeline->Illuminate\\Pipeline\\{closure}()
#34 /home/alejandro/play-work/playgroup-admin---laravel/vendor/laravel/framework/src/Illuminate/Pipeline/Pipeline.php(171): Illuminate\\Foundation\\Http\\Middleware\\CheckForMaintenanceMode->handle()
#35 /home/alejandro/play-work/playgroup-admin---laravel/vendor/fideloper/proxy/src/TrustProxies.php(57): Illuminate\\Pipeline\\Pipeline->Illuminate\\Pipeline\\{closure}()
#36 /home/alejandro/play-work/playgroup-admin---laravel/vendor/laravel/framework/src/Illuminate/Pipeline/Pipeline.php(171): Fideloper\\Proxy\\TrustProxies->handle()
#37 /home/alejandro/play-work/playgroup-admin---laravel/vendor/laravel/framework/src/Illuminate/Pipeline/Pipeline.php(105): Illuminate\\Pipeline\\Pipeline->Illuminate\\Pipeline\\{closure}()
#38 /home/alejandro/play-work/playgroup-admin---laravel/vendor/laravel/framework/src/Illuminate/Foundation/Http/Kernel.php(145): Illuminate\\Pipeline\\Pipeline->then()
#39 /home/alejandro/play-work/playgroup-admin---laravel/vendor/laravel/framework/src/Illuminate/Foundation/Http/Kernel.php(110): Illuminate\\Foundation\\Http\\Kernel->sendRequestThroughRouter()
#40 /home/alejandro/play-work/playgroup-admin---laravel/public/index.php(55): Illuminate\\Foundation\\Http\\Kernel->handle()
#41 /home/alejandro/play-work/playgroup-admin---laravel/server.php(21): require_once('/home/alejandro...')
#42 {main}
"} 
[2025-05-20 15:06:09] local.ERROR: SQLSTATE[42S22]: Column not found: 1054 Unknown column 'position' in 'field list' (SQL: select `name`, `image`, `position`, `category` from `awards` order by `index` asc) {"exception":"[object] (Illuminate\\Database\\QueryException(code: 42S22): SQLSTATE[42S22]: Column not found: 1054 Unknown column 'position' in 'field list' (SQL: select `name`, `image`, `position`, `category` from `awards` order by `index` asc) at /home/alejandro/play-work/playgroup-admin---laravel/vendor/laravel/framework/src/Illuminate/Database/Connection.php:669)
[stacktrace]
#0 /home/alejandro/play-work/playgroup-admin---laravel/vendor/laravel/framework/src/Illuminate/Database/Connection.php(629): Illuminate\\Database\\Connection->runQueryCallback()
#1 /home/alejandro/play-work/playgroup-admin---laravel/vendor/laravel/framework/src/Illuminate/Database/Connection.php(338): Illuminate\\Database\\Connection->run()
#2 /home/alejandro/play-work/playgroup-admin---laravel/vendor/laravel/framework/src/Illuminate/Database/Query/Builder.php(2159): Illuminate\\Database\\Connection->select()
#3 /home/alejandro/play-work/playgroup-admin---laravel/vendor/laravel/framework/src/Illuminate/Database/Query/Builder.php(2147): Illuminate\\Database\\Query\\Builder->runSelect()
#4 /home/alejandro/play-work/playgroup-admin---laravel/vendor/laravel/framework/src/Illuminate/Database/Query/Builder.php(2619): Illuminate\\Database\\Query\\Builder->Illuminate\\Database\\Query\\{closure}()
#5 /home/alejandro/play-work/playgroup-admin---laravel/vendor/laravel/framework/src/Illuminate/Database/Query/Builder.php(2148): Illuminate\\Database\\Query\\Builder->onceWithColumns()
#6 /home/alejandro/play-work/playgroup-admin---laravel/vendor/laravel/framework/src/Illuminate/Database/Eloquent/Builder.php(546): Illuminate\\Database\\Query\\Builder->get()
#7 /home/alejandro/play-work/playgroup-admin---laravel/vendor/laravel/framework/src/Illuminate/Database/Eloquent/Builder.php(530): Illuminate\\Database\\Eloquent\\Builder->getModels()
#8 /home/alejandro/play-work/playgroup-admin---laravel/app/Http/Controllers/Api/PageController.php(78): Illuminate\\Database\\Eloquent\\Builder->get()
#9 /home/alejandro/play-work/playgroup-admin---laravel/vendor/laravel/framework/src/Illuminate/Routing/Controller.php(54): App\\Http\\Controllers\\Api\\PageController->home()
#10 /home/alejandro/play-work/playgroup-admin---laravel/vendor/laravel/framework/src/Illuminate/Routing/ControllerDispatcher.php(45): Illuminate\\Routing\\Controller->callAction()
#11 /home/alejandro/play-work/playgroup-admin---laravel/vendor/laravel/framework/src/Illuminate/Routing/Route.php(219): Illuminate\\Routing\\ControllerDispatcher->dispatch()
#12 /home/alejandro/play-work/playgroup-admin---laravel/vendor/laravel/framework/src/Illuminate/Routing/Route.php(176): Illuminate\\Routing\\Route->runController()
#13 /home/alejandro/play-work/playgroup-admin---laravel/vendor/laravel/framework/src/Illuminate/Routing/Router.php(681): Illuminate\\Routing\\Route->run()
#14 /home/alejandro/play-work/playgroup-admin---laravel/vendor/laravel/framework/src/Illuminate/Pipeline/Pipeline.php(130): Illuminate\\Routing\\Router->Illuminate\\Routing\\{closure}()
#15 /home/alejandro/play-work/playgroup-admin---laravel/vendor/laravel/framework/src/Illuminate/Routing/Middleware/SubstituteBindings.php(41): Illuminate\\Pipeline\\Pipeline->Illuminate\\Pipeline\\{closure}()
#16 /home/alejandro/play-work/playgroup-admin---laravel/vendor/laravel/framework/src/Illuminate/Pipeline/Pipeline.php(171): Illuminate\\Routing\\Middleware\\SubstituteBindings->handle()
#17 /home/alejandro/play-work/playgroup-admin---laravel/vendor/laravel/framework/src/Illuminate/Pipeline/Pipeline.php(105): Illuminate\\Pipeline\\Pipeline->Illuminate\\Pipeline\\{closure}()
#18 /home/alejandro/play-work/playgroup-admin---laravel/vendor/laravel/framework/src/Illuminate/Routing/Router.php(683): Illuminate\\Pipeline\\Pipeline->then()
#19 /home/alejandro/play-work/playgroup-admin---laravel/vendor/laravel/framework/src/Illuminate/Routing/Router.php(658): Illuminate\\Routing\\Router->runRouteWithinStack()
#20 /home/alejandro/play-work/playgroup-admin---laravel/vendor/laravel/framework/src/Illuminate/Routing/Router.php(624): Illuminate\\Routing\\Router->runRoute()
#21 /home/alejandro/play-work/playgroup-admin---laravel/vendor/laravel/framework/src/Illuminate/Routing/Router.php(613): Illuminate\\Routing\\Router->dispatchToRoute()
#22 /home/alejandro/play-work/playgroup-admin---laravel/vendor/laravel/framework/src/Illuminate/Foundation/Http/Kernel.php(170): Illuminate\\Routing\\Router->dispatch()
#23 /home/alejandro/play-work/playgroup-admin---laravel/vendor/laravel/framework/src/Illuminate/Pipeline/Pipeline.php(130): Illuminate\\Foundation\\Http\\Kernel->Illuminate\\Foundation\\Http\\{closure}()
#24 /home/alejandro/play-work/playgroup-admin---laravel/vendor/laravel/framework/src/Illuminate/Foundation/Http/Middleware/TransformsRequest.php(21): Illuminate\\Pipeline\\Pipeline->Illuminate\\Pipeline\\{closure}()
#25 /home/alejandro/play-work/playgroup-admin---laravel/vendor/laravel/framework/src/Illuminate/Pipeline/Pipeline.php(171): Illuminate\\Foundation\\Http\\Middleware\\TransformsRequest->handle()
#26 /home/alejandro/play-work/playgroup-admin---laravel/vendor/laravel/framework/src/Illuminate/Foundation/Http/Middleware/TransformsRequest.php(21): Illuminate\\Pipeline\\Pipeline->Illuminate\\Pipeline\\{closure}()
#27 /home/alejandro/play-work/playgroup-admin---laravel/vendor/laravel/framework/src/Illuminate/Pipeline/Pipeline.php(171): Illuminate\\Foundation\\Http\\Middleware\\TransformsRequest->handle()
#28 /home/alejandro/play-work/playgroup-admin---laravel/vendor/laravel/framework/src/Illuminate/Foundation/Http/Middleware/ValidatePostSize.php(27): Illuminate\\Pipeline\\Pipeline->Illuminate\\Pipeline\\{closure}()
#29 /home/alejandro/play-work/playgroup-admin---laravel/vendor/laravel/framework/src/Illuminate/Pipeline/Pipeline.php(171): Illuminate\\Foundation\\Http\\Middleware\\ValidatePostSize->handle()
#30 /home/alejandro/play-work/playgroup-admin---laravel/vendor/laravel/framework/src/Illuminate/Foundation/Http/Middleware/CheckForMaintenanceMode.php(63): Illuminate\\Pipeline\\Pipeline->Illuminate\\Pipeline\\{closure}()
#31 /home/alejandro/play-work/playgroup-admin---laravel/vendor/laravel/framework/src/Illuminate/Pipeline/Pipeline.php(171): Illuminate\\Foundation\\Http\\Middleware\\CheckForMaintenanceMode->handle()
#32 /home/alejandro/play-work/playgroup-admin---laravel/vendor/fideloper/proxy/src/TrustProxies.php(57): Illuminate\\Pipeline\\Pipeline->Illuminate\\Pipeline\\{closure}()
#33 /home/alejandro/play-work/playgroup-admin---laravel/vendor/laravel/framework/src/Illuminate/Pipeline/Pipeline.php(171): Fideloper\\Proxy\\TrustProxies->handle()
#34 /home/alejandro/play-work/playgroup-admin---laravel/vendor/laravel/framework/src/Illuminate/Pipeline/Pipeline.php(105): Illuminate\\Pipeline\\Pipeline->Illuminate\\Pipeline\\{closure}()
#35 /home/alejandro/play-work/playgroup-admin---laravel/vendor/laravel/framework/src/Illuminate/Foundation/Http/Kernel.php(145): Illuminate\\Pipeline\\Pipeline->then()
#36 /home/alejandro/play-work/playgroup-admin---laravel/vendor/laravel/framework/src/Illuminate/Foundation/Http/Kernel.php(110): Illuminate\\Foundation\\Http\\Kernel->sendRequestThroughRouter()
#37 /home/alejandro/play-work/playgroup-admin---laravel/public/index.php(55): Illuminate\\Foundation\\Http\\Kernel->handle()
#38 /home/alejandro/play-work/playgroup-admin---laravel/server.php(21): require_once('/home/alejandro...')
#39 {main}

[previous exception] [object] (Doctrine\\DBAL\\Driver\\PDO\\Exception(code: 42S22): SQLSTATE[42S22]: Column not found: 1054 Unknown column 'position' in 'field list' at /home/alejandro/play-work/playgroup-admin---laravel/vendor/doctrine/dbal/lib/Doctrine/DBAL/Driver/PDO/Exception.php:18)
[stacktrace]
#0 /home/alejandro/play-work/playgroup-admin---laravel/vendor/doctrine/dbal/lib/Doctrine/DBAL/Driver/PDOConnection.php(87): Doctrine\\DBAL\\Driver\\PDO\\Exception::new()
#1 /home/alejandro/play-work/playgroup-admin---laravel/vendor/laravel/framework/src/Illuminate/Database/Connection.php(331): Doctrine\\DBAL\\Driver\\PDOConnection->prepare()
#2 /home/alejandro/play-work/playgroup-admin---laravel/vendor/laravel/framework/src/Illuminate/Database/Connection.php(662): Illuminate\\Database\\Connection->Illuminate\\Database\\{closure}()
#3 /home/alejandro/play-work/playgroup-admin---laravel/vendor/laravel/framework/src/Illuminate/Database/Connection.php(629): Illuminate\\Database\\Connection->runQueryCallback()
#4 /home/alejandro/play-work/playgroup-admin---laravel/vendor/laravel/framework/src/Illuminate/Database/Connection.php(338): Illuminate\\Database\\Connection->run()
#5 /home/alejandro/play-work/playgroup-admin---laravel/vendor/laravel/framework/src/Illuminate/Database/Query/Builder.php(2159): Illuminate\\Database\\Connection->select()
#6 /home/alejandro/play-work/playgroup-admin---laravel/vendor/laravel/framework/src/Illuminate/Database/Query/Builder.php(2147): Illuminate\\Database\\Query\\Builder->runSelect()
#7 /home/alejandro/play-work/playgroup-admin---laravel/vendor/laravel/framework/src/Illuminate/Database/Query/Builder.php(2619): Illuminate\\Database\\Query\\Builder->Illuminate\\Database\\Query\\{closure}()
#8 /home/alejandro/play-work/playgroup-admin---laravel/vendor/laravel/framework/src/Illuminate/Database/Query/Builder.php(2148): Illuminate\\Database\\Query\\Builder->onceWithColumns()
#9 /home/alejandro/play-work/playgroup-admin---laravel/vendor/laravel/framework/src/Illuminate/Database/Eloquent/Builder.php(546): Illuminate\\Database\\Query\\Builder->get()
#10 /home/alejandro/play-work/playgroup-admin---laravel/vendor/laravel/framework/src/Illuminate/Database/Eloquent/Builder.php(530): Illuminate\\Database\\Eloquent\\Builder->getModels()
#11 /home/alejandro/play-work/playgroup-admin---laravel/app/Http/Controllers/Api/PageController.php(78): Illuminate\\Database\\Eloquent\\Builder->get()
#12 /home/alejandro/play-work/playgroup-admin---laravel/vendor/laravel/framework/src/Illuminate/Routing/Controller.php(54): App\\Http\\Controllers\\Api\\PageController->home()
#13 /home/alejandro/play-work/playgroup-admin---laravel/vendor/laravel/framework/src/Illuminate/Routing/ControllerDispatcher.php(45): Illuminate\\Routing\\Controller->callAction()
#14 /home/alejandro/play-work/playgroup-admin---laravel/vendor/laravel/framework/src/Illuminate/Routing/Route.php(219): Illuminate\\Routing\\ControllerDispatcher->dispatch()
#15 /home/alejandro/play-work/playgroup-admin---laravel/vendor/laravel/framework/src/Illuminate/Routing/Route.php(176): Illuminate\\Routing\\Route->runController()
#16 /home/alejandro/play-work/playgroup-admin---laravel/vendor/laravel/framework/src/Illuminate/Routing/Router.php(681): Illuminate\\Routing\\Route->run()
#17 /home/alejandro/play-work/playgroup-admin---laravel/vendor/laravel/framework/src/Illuminate/Pipeline/Pipeline.php(130): Illuminate\\Routing\\Router->Illuminate\\Routing\\{closure}()
#18 /home/alejandro/play-work/playgroup-admin---laravel/vendor/laravel/framework/src/Illuminate/Routing/Middleware/SubstituteBindings.php(41): Illuminate\\Pipeline\\Pipeline->Illuminate\\Pipeline\\{closure}()
#19 /home/alejandro/play-work/playgroup-admin---laravel/vendor/laravel/framework/src/Illuminate/Pipeline/Pipeline.php(171): Illuminate\\Routing\\Middleware\\SubstituteBindings->handle()
#20 /home/alejandro/play-work/playgroup-admin---laravel/vendor/laravel/framework/src/Illuminate/Pipeline/Pipeline.php(105): Illuminate\\Pipeline\\Pipeline->Illuminate\\Pipeline\\{closure}()
#21 /home/alejandro/play-work/playgroup-admin---laravel/vendor/laravel/framework/src/Illuminate/Routing/Router.php(683): Illuminate\\Pipeline\\Pipeline->then()
#22 /home/alejandro/play-work/playgroup-admin---laravel/vendor/laravel/framework/src/Illuminate/Routing/Router.php(658): Illuminate\\Routing\\Router->runRouteWithinStack()
#23 /home/alejandro/play-work/playgroup-admin---laravel/vendor/laravel/framework/src/Illuminate/Routing/Router.php(624): Illuminate\\Routing\\Router->runRoute()
#24 /home/alejandro/play-work/playgroup-admin---laravel/vendor/laravel/framework/src/Illuminate/Routing/Router.php(613): Illuminate\\Routing\\Router->dispatchToRoute()
#25 /home/alejandro/play-work/playgroup-admin---laravel/vendor/laravel/framework/src/Illuminate/Foundation/Http/Kernel.php(170): Illuminate\\Routing\\Router->dispatch()
#26 /home/alejandro/play-work/playgroup-admin---laravel/vendor/laravel/framework/src/Illuminate/Pipeline/Pipeline.php(130): Illuminate\\Foundation\\Http\\Kernel->Illuminate\\Foundation\\Http\\{closure}()
#27 /home/alejandro/play-work/playgroup-admin---laravel/vendor/laravel/framework/src/Illuminate/Foundation/Http/Middleware/TransformsRequest.php(21): Illuminate\\Pipeline\\Pipeline->Illuminate\\Pipeline\\{closure}()
#28 /home/alejandro/play-work/playgroup-admin---laravel/vendor/laravel/framework/src/Illuminate/Pipeline/Pipeline.php(171): Illuminate\\Foundation\\Http\\Middleware\\TransformsRequest->handle()
#29 /home/alejandro/play-work/playgroup-admin---laravel/vendor/laravel/framework/src/Illuminate/Foundation/Http/Middleware/TransformsRequest.php(21): Illuminate\\Pipeline\\Pipeline->Illuminate\\Pipeline\\{closure}()
#30 /home/alejandro/play-work/playgroup-admin---laravel/vendor/laravel/framework/src/Illuminate/Pipeline/Pipeline.php(171): Illuminate\\Foundation\\Http\\Middleware\\TransformsRequest->handle()
#31 /home/alejandro/play-work/playgroup-admin---laravel/vendor/laravel/framework/src/Illuminate/Foundation/Http/Middleware/ValidatePostSize.php(27): Illuminate\\Pipeline\\Pipeline->Illuminate\\Pipeline\\{closure}()
#32 /home/alejandro/play-work/playgroup-admin---laravel/vendor/laravel/framework/src/Illuminate/Pipeline/Pipeline.php(171): Illuminate\\Foundation\\Http\\Middleware\\ValidatePostSize->handle()
#33 /home/alejandro/play-work/playgroup-admin---laravel/vendor/laravel/framework/src/Illuminate/Foundation/Http/Middleware/CheckForMaintenanceMode.php(63): Illuminate\\Pipeline\\Pipeline->Illuminate\\Pipeline\\{closure}()
#34 /home/alejandro/play-work/playgroup-admin---laravel/vendor/laravel/framework/src/Illuminate/Pipeline/Pipeline.php(171): Illuminate\\Foundation\\Http\\Middleware\\CheckForMaintenanceMode->handle()
#35 /home/alejandro/play-work/playgroup-admin---laravel/vendor/fideloper/proxy/src/TrustProxies.php(57): Illuminate\\Pipeline\\Pipeline->Illuminate\\Pipeline\\{closure}()
#36 /home/alejandro/play-work/playgroup-admin---laravel/vendor/laravel/framework/src/Illuminate/Pipeline/Pipeline.php(171): Fideloper\\Proxy\\TrustProxies->handle()
#37 /home/alejandro/play-work/playgroup-admin---laravel/vendor/laravel/framework/src/Illuminate/Pipeline/Pipeline.php(105): Illuminate\\Pipeline\\Pipeline->Illuminate\\Pipeline\\{closure}()
#38 /home/alejandro/play-work/playgroup-admin---laravel/vendor/laravel/framework/src/Illuminate/Foundation/Http/Kernel.php(145): Illuminate\\Pipeline\\Pipeline->then()
#39 /home/alejandro/play-work/playgroup-admin---laravel/vendor/laravel/framework/src/Illuminate/Foundation/Http/Kernel.php(110): Illuminate\\Foundation\\Http\\Kernel->sendRequestThroughRouter()
#40 /home/alejandro/play-work/playgroup-admin---laravel/public/index.php(55): Illuminate\\Foundation\\Http\\Kernel->handle()
#41 /home/alejandro/play-work/playgroup-admin---laravel/server.php(21): require_once('/home/alejandro...')
#42 {main}

[previous exception] [object] (PDOException(code: 42S22): SQLSTATE[42S22]: Column not found: 1054 Unknown column 'position' in 'field list' at /home/alejandro/play-work/playgroup-admin---laravel/vendor/doctrine/dbal/lib/Doctrine/DBAL/Driver/PDOConnection.php:82)
[stacktrace]
#0 /home/alejandro/play-work/playgroup-admin---laravel/vendor/doctrine/dbal/lib/Doctrine/DBAL/Driver/PDOConnection.php(82): PDO->prepare()
#1 /home/alejandro/play-work/playgroup-admin---laravel/vendor/laravel/framework/src/Illuminate/Database/Connection.php(331): Doctrine\\DBAL\\Driver\\PDOConnection->prepare()
#2 /home/alejandro/play-work/playgroup-admin---laravel/vendor/laravel/framework/src/Illuminate/Database/Connection.php(662): Illuminate\\Database\\Connection->Illuminate\\Database\\{closure}()
#3 /home/alejandro/play-work/playgroup-admin---laravel/vendor/laravel/framework/src/Illuminate/Database/Connection.php(629): Illuminate\\Database\\Connection->runQueryCallback()
#4 /home/alejandro/play-work/playgroup-admin---laravel/vendor/laravel/framework/src/Illuminate/Database/Connection.php(338): Illuminate\\Database\\Connection->run()
#5 /home/alejandro/play-work/playgroup-admin---laravel/vendor/laravel/framework/src/Illuminate/Database/Query/Builder.php(2159): Illuminate\\Database\\Connection->select()
#6 /home/alejandro/play-work/playgroup-admin---laravel/vendor/laravel/framework/src/Illuminate/Database/Query/Builder.php(2147): Illuminate\\Database\\Query\\Builder->runSelect()
#7 /home/alejandro/play-work/playgroup-admin---laravel/vendor/laravel/framework/src/Illuminate/Database/Query/Builder.php(2619): Illuminate\\Database\\Query\\Builder->Illuminate\\Database\\Query\\{closure}()
#8 /home/alejandro/play-work/playgroup-admin---laravel/vendor/laravel/framework/src/Illuminate/Database/Query/Builder.php(2148): Illuminate\\Database\\Query\\Builder->onceWithColumns()
#9 /home/alejandro/play-work/playgroup-admin---laravel/vendor/laravel/framework/src/Illuminate/Database/Eloquent/Builder.php(546): Illuminate\\Database\\Query\\Builder->get()
#10 /home/alejandro/play-work/playgroup-admin---laravel/vendor/laravel/framework/src/Illuminate/Database/Eloquent/Builder.php(530): Illuminate\\Database\\Eloquent\\Builder->getModels()
#11 /home/alejandro/play-work/playgroup-admin---laravel/app/Http/Controllers/Api/PageController.php(78): Illuminate\\Database\\Eloquent\\Builder->get()
#12 /home/alejandro/play-work/playgroup-admin---laravel/vendor/laravel/framework/src/Illuminate/Routing/Controller.php(54): App\\Http\\Controllers\\Api\\PageController->home()
#13 /home/alejandro/play-work/playgroup-admin---laravel/vendor/laravel/framework/src/Illuminate/Routing/ControllerDispatcher.php(45): Illuminate\\Routing\\Controller->callAction()
#14 /home/alejandro/play-work/playgroup-admin---laravel/vendor/laravel/framework/src/Illuminate/Routing/Route.php(219): Illuminate\\Routing\\ControllerDispatcher->dispatch()
#15 /home/alejandro/play-work/playgroup-admin---laravel/vendor/laravel/framework/src/Illuminate/Routing/Route.php(176): Illuminate\\Routing\\Route->runController()
#16 /home/alejandro/play-work/playgroup-admin---laravel/vendor/laravel/framework/src/Illuminate/Routing/Router.php(681): Illuminate\\Routing\\Route->run()
#17 /home/alejandro/play-work/playgroup-admin---laravel/vendor/laravel/framework/src/Illuminate/Pipeline/Pipeline.php(130): Illuminate\\Routing\\Router->Illuminate\\Routing\\{closure}()
#18 /home/alejandro/play-work/playgroup-admin---laravel/vendor/laravel/framework/src/Illuminate/Routing/Middleware/SubstituteBindings.php(41): Illuminate\\Pipeline\\Pipeline->Illuminate\\Pipeline\\{closure}()
#19 /home/alejandro/play-work/playgroup-admin---laravel/vendor/laravel/framework/src/Illuminate/Pipeline/Pipeline.php(171): Illuminate\\Routing\\Middleware\\SubstituteBindings->handle()
#20 /home/alejandro/play-work/playgroup-admin---laravel/vendor/laravel/framework/src/Illuminate/Pipeline/Pipeline.php(105): Illuminate\\Pipeline\\Pipeline->Illuminate\\Pipeline\\{closure}()
#21 /home/alejandro/play-work/playgroup-admin---laravel/vendor/laravel/framework/src/Illuminate/Routing/Router.php(683): Illuminate\\Pipeline\\Pipeline->then()
#22 /home/alejandro/play-work/playgroup-admin---laravel/vendor/laravel/framework/src/Illuminate/Routing/Router.php(658): Illuminate\\Routing\\Router->runRouteWithinStack()
#23 /home/alejandro/play-work/playgroup-admin---laravel/vendor/laravel/framework/src/Illuminate/Routing/Router.php(624): Illuminate\\Routing\\Router->runRoute()
#24 /home/alejandro/play-work/playgroup-admin---laravel/vendor/laravel/framework/src/Illuminate/Routing/Router.php(613): Illuminate\\Routing\\Router->dispatchToRoute()
#25 /home/alejandro/play-work/playgroup-admin---laravel/vendor/laravel/framework/src/Illuminate/Foundation/Http/Kernel.php(170): Illuminate\\Routing\\Router->dispatch()
#26 /home/alejandro/play-work/playgroup-admin---laravel/vendor/laravel/framework/src/Illuminate/Pipeline/Pipeline.php(130): Illuminate\\Foundation\\Http\\Kernel->Illuminate\\Foundation\\Http\\{closure}()
#27 /home/alejandro/play-work/playgroup-admin---laravel/vendor/laravel/framework/src/Illuminate/Foundation/Http/Middleware/TransformsRequest.php(21): Illuminate\\Pipeline\\Pipeline->Illuminate\\Pipeline\\{closure}()
#28 /home/alejandro/play-work/playgroup-admin---laravel/vendor/laravel/framework/src/Illuminate/Pipeline/Pipeline.php(171): Illuminate\\Foundation\\Http\\Middleware\\TransformsRequest->handle()
#29 /home/alejandro/play-work/playgroup-admin---laravel/vendor/laravel/framework/src/Illuminate/Foundation/Http/Middleware/TransformsRequest.php(21): Illuminate\\Pipeline\\Pipeline->Illuminate\\Pipeline\\{closure}()
#30 /home/alejandro/play-work/playgroup-admin---laravel/vendor/laravel/framework/src/Illuminate/Pipeline/Pipeline.php(171): Illuminate\\Foundation\\Http\\Middleware\\TransformsRequest->handle()
#31 /home/alejandro/play-work/playgroup-admin---laravel/vendor/laravel/framework/src/Illuminate/Foundation/Http/Middleware/ValidatePostSize.php(27): Illuminate\\Pipeline\\Pipeline->Illuminate\\Pipeline\\{closure}()
#32 /home/alejandro/play-work/playgroup-admin---laravel/vendor/laravel/framework/src/Illuminate/Pipeline/Pipeline.php(171): Illuminate\\Foundation\\Http\\Middleware\\ValidatePostSize->handle()
#33 /home/alejandro/play-work/playgroup-admin---laravel/vendor/laravel/framework/src/Illuminate/Foundation/Http/Middleware/CheckForMaintenanceMode.php(63): Illuminate\\Pipeline\\Pipeline->Illuminate\\Pipeline\\{closure}()
#34 /home/alejandro/play-work/playgroup-admin---laravel/vendor/laravel/framework/src/Illuminate/Pipeline/Pipeline.php(171): Illuminate\\Foundation\\Http\\Middleware\\CheckForMaintenanceMode->handle()
#35 /home/alejandro/play-work/playgroup-admin---laravel/vendor/fideloper/proxy/src/TrustProxies.php(57): Illuminate\\Pipeline\\Pipeline->Illuminate\\Pipeline\\{closure}()
#36 /home/alejandro/play-work/playgroup-admin---laravel/vendor/laravel/framework/src/Illuminate/Pipeline/Pipeline.php(171): Fideloper\\Proxy\\TrustProxies->handle()
#37 /home/alejandro/play-work/playgroup-admin---laravel/vendor/laravel/framework/src/Illuminate/Pipeline/Pipeline.php(105): Illuminate\\Pipeline\\Pipeline->Illuminate\\Pipeline\\{closure}()
#38 /home/alejandro/play-work/playgroup-admin---laravel/vendor/laravel/framework/src/Illuminate/Foundation/Http/Kernel.php(145): Illuminate\\Pipeline\\Pipeline->then()
#39 /home/alejandro/play-work/playgroup-admin---laravel/vendor/laravel/framework/src/Illuminate/Foundation/Http/Kernel.php(110): Illuminate\\Foundation\\Http\\Kernel->sendRequestThroughRouter()
#40 /home/alejandro/play-work/playgroup-admin---laravel/public/index.php(55): Illuminate\\Foundation\\Http\\Kernel->handle()
#41 /home/alejandro/play-work/playgroup-admin---laravel/server.php(21): require_once('/home/alejandro...')
#42 {main}
"} 
[2025-05-20 15:06:19] local.ERROR: SQLSTATE[42S22]: Column not found: 1054 Unknown column 'position' in 'field list' (SQL: select `name`, `image`, `position`, `category` from `awards` order by `index` asc) {"exception":"[object] (Illuminate\\Database\\QueryException(code: 42S22): SQLSTATE[42S22]: Column not found: 1054 Unknown column 'position' in 'field list' (SQL: select `name`, `image`, `position`, `category` from `awards` order by `index` asc) at /home/alejandro/play-work/playgroup-admin---laravel/vendor/laravel/framework/src/Illuminate/Database/Connection.php:669)
[stacktrace]
#0 /home/alejandro/play-work/playgroup-admin---laravel/vendor/laravel/framework/src/Illuminate/Database/Connection.php(629): Illuminate\\Database\\Connection->runQueryCallback()
#1 /home/alejandro/play-work/playgroup-admin---laravel/vendor/laravel/framework/src/Illuminate/Database/Connection.php(338): Illuminate\\Database\\Connection->run()
#2 /home/alejandro/play-work/playgroup-admin---laravel/vendor/laravel/framework/src/Illuminate/Database/Query/Builder.php(2159): Illuminate\\Database\\Connection->select()
#3 /home/alejandro/play-work/playgroup-admin---laravel/vendor/laravel/framework/src/Illuminate/Database/Query/Builder.php(2147): Illuminate\\Database\\Query\\Builder->runSelect()
#4 /home/alejandro/play-work/playgroup-admin---laravel/vendor/laravel/framework/src/Illuminate/Database/Query/Builder.php(2619): Illuminate\\Database\\Query\\Builder->Illuminate\\Database\\Query\\{closure}()
#5 /home/alejandro/play-work/playgroup-admin---laravel/vendor/laravel/framework/src/Illuminate/Database/Query/Builder.php(2148): Illuminate\\Database\\Query\\Builder->onceWithColumns()
#6 /home/alejandro/play-work/playgroup-admin---laravel/vendor/laravel/framework/src/Illuminate/Database/Eloquent/Builder.php(546): Illuminate\\Database\\Query\\Builder->get()
#7 /home/alejandro/play-work/playgroup-admin---laravel/vendor/laravel/framework/src/Illuminate/Database/Eloquent/Builder.php(530): Illuminate\\Database\\Eloquent\\Builder->getModels()
#8 /home/alejandro/play-work/playgroup-admin---laravel/app/Http/Controllers/Api/PageController.php(78): Illuminate\\Database\\Eloquent\\Builder->get()
#9 /home/alejandro/play-work/playgroup-admin---laravel/vendor/laravel/framework/src/Illuminate/Routing/Controller.php(54): App\\Http\\Controllers\\Api\\PageController->home()
#10 /home/alejandro/play-work/playgroup-admin---laravel/vendor/laravel/framework/src/Illuminate/Routing/ControllerDispatcher.php(45): Illuminate\\Routing\\Controller->callAction()
#11 /home/alejandro/play-work/playgroup-admin---laravel/vendor/laravel/framework/src/Illuminate/Routing/Route.php(219): Illuminate\\Routing\\ControllerDispatcher->dispatch()
#12 /home/alejandro/play-work/playgroup-admin---laravel/vendor/laravel/framework/src/Illuminate/Routing/Route.php(176): Illuminate\\Routing\\Route->runController()
#13 /home/alejandro/play-work/playgroup-admin---laravel/vendor/laravel/framework/src/Illuminate/Routing/Router.php(681): Illuminate\\Routing\\Route->run()
#14 /home/alejandro/play-work/playgroup-admin---laravel/vendor/laravel/framework/src/Illuminate/Pipeline/Pipeline.php(130): Illuminate\\Routing\\Router->Illuminate\\Routing\\{closure}()
#15 /home/alejandro/play-work/playgroup-admin---laravel/vendor/laravel/framework/src/Illuminate/Routing/Middleware/SubstituteBindings.php(41): Illuminate\\Pipeline\\Pipeline->Illuminate\\Pipeline\\{closure}()
#16 /home/alejandro/play-work/playgroup-admin---laravel/vendor/laravel/framework/src/Illuminate/Pipeline/Pipeline.php(171): Illuminate\\Routing\\Middleware\\SubstituteBindings->handle()
#17 /home/alejandro/play-work/playgroup-admin---laravel/vendor/laravel/framework/src/Illuminate/Pipeline/Pipeline.php(105): Illuminate\\Pipeline\\Pipeline->Illuminate\\Pipeline\\{closure}()
#18 /home/alejandro/play-work/playgroup-admin---laravel/vendor/laravel/framework/src/Illuminate/Routing/Router.php(683): Illuminate\\Pipeline\\Pipeline->then()
#19 /home/alejandro/play-work/playgroup-admin---laravel/vendor/laravel/framework/src/Illuminate/Routing/Router.php(658): Illuminate\\Routing\\Router->runRouteWithinStack()
#20 /home/alejandro/play-work/playgroup-admin---laravel/vendor/laravel/framework/src/Illuminate/Routing/Router.php(624): Illuminate\\Routing\\Router->runRoute()
#21 /home/alejandro/play-work/playgroup-admin---laravel/vendor/laravel/framework/src/Illuminate/Routing/Router.php(613): Illuminate\\Routing\\Router->dispatchToRoute()
#22 /home/alejandro/play-work/playgroup-admin---laravel/vendor/laravel/framework/src/Illuminate/Foundation/Http/Kernel.php(170): Illuminate\\Routing\\Router->dispatch()
#23 /home/alejandro/play-work/playgroup-admin---laravel/vendor/laravel/framework/src/Illuminate/Pipeline/Pipeline.php(130): Illuminate\\Foundation\\Http\\Kernel->Illuminate\\Foundation\\Http\\{closure}()
#24 /home/alejandro/play-work/playgroup-admin---laravel/vendor/laravel/framework/src/Illuminate/Foundation/Http/Middleware/TransformsRequest.php(21): Illuminate\\Pipeline\\Pipeline->Illuminate\\Pipeline\\{closure}()
#25 /home/alejandro/play-work/playgroup-admin---laravel/vendor/laravel/framework/src/Illuminate/Pipeline/Pipeline.php(171): Illuminate\\Foundation\\Http\\Middleware\\TransformsRequest->handle()
#26 /home/alejandro/play-work/playgroup-admin---laravel/vendor/laravel/framework/src/Illuminate/Foundation/Http/Middleware/TransformsRequest.php(21): Illuminate\\Pipeline\\Pipeline->Illuminate\\Pipeline\\{closure}()
#27 /home/alejandro/play-work/playgroup-admin---laravel/vendor/laravel/framework/src/Illuminate/Pipeline/Pipeline.php(171): Illuminate\\Foundation\\Http\\Middleware\\TransformsRequest->handle()
#28 /home/alejandro/play-work/playgroup-admin---laravel/vendor/laravel/framework/src/Illuminate/Foundation/Http/Middleware/ValidatePostSize.php(27): Illuminate\\Pipeline\\Pipeline->Illuminate\\Pipeline\\{closure}()
#29 /home/alejandro/play-work/playgroup-admin---laravel/vendor/laravel/framework/src/Illuminate/Pipeline/Pipeline.php(171): Illuminate\\Foundation\\Http\\Middleware\\ValidatePostSize->handle()
#30 /home/alejandro/play-work/playgroup-admin---laravel/vendor/laravel/framework/src/Illuminate/Foundation/Http/Middleware/CheckForMaintenanceMode.php(63): Illuminate\\Pipeline\\Pipeline->Illuminate\\Pipeline\\{closure}()
#31 /home/alejandro/play-work/playgroup-admin---laravel/vendor/laravel/framework/src/Illuminate/Pipeline/Pipeline.php(171): Illuminate\\Foundation\\Http\\Middleware\\CheckForMaintenanceMode->handle()
#32 /home/alejandro/play-work/playgroup-admin---laravel/vendor/fideloper/proxy/src/TrustProxies.php(57): Illuminate\\Pipeline\\Pipeline->Illuminate\\Pipeline\\{closure}()
#33 /home/alejandro/play-work/playgroup-admin---laravel/vendor/laravel/framework/src/Illuminate/Pipeline/Pipeline.php(171): Fideloper\\Proxy\\TrustProxies->handle()
#34 /home/alejandro/play-work/playgroup-admin---laravel/vendor/laravel/framework/src/Illuminate/Pipeline/Pipeline.php(105): Illuminate\\Pipeline\\Pipeline->Illuminate\\Pipeline\\{closure}()
#35 /home/alejandro/play-work/playgroup-admin---laravel/vendor/laravel/framework/src/Illuminate/Foundation/Http/Kernel.php(145): Illuminate\\Pipeline\\Pipeline->then()
#36 /home/alejandro/play-work/playgroup-admin---laravel/vendor/laravel/framework/src/Illuminate/Foundation/Http/Kernel.php(110): Illuminate\\Foundation\\Http\\Kernel->sendRequestThroughRouter()
#37 /home/alejandro/play-work/playgroup-admin---laravel/public/index.php(55): Illuminate\\Foundation\\Http\\Kernel->handle()
#38 /home/alejandro/play-work/playgroup-admin---laravel/server.php(21): require_once('/home/alejandro...')
#39 {main}

[previous exception] [object] (Doctrine\\DBAL\\Driver\\PDO\\Exception(code: 42S22): SQLSTATE[42S22]: Column not found: 1054 Unknown column 'position' in 'field list' at /home/alejandro/play-work/playgroup-admin---laravel/vendor/doctrine/dbal/lib/Doctrine/DBAL/Driver/PDO/Exception.php:18)
[stacktrace]
#0 /home/alejandro/play-work/playgroup-admin---laravel/vendor/doctrine/dbal/lib/Doctrine/DBAL/Driver/PDOConnection.php(87): Doctrine\\DBAL\\Driver\\PDO\\Exception::new()
#1 /home/alejandro/play-work/playgroup-admin---laravel/vendor/laravel/framework/src/Illuminate/Database/Connection.php(331): Doctrine\\DBAL\\Driver\\PDOConnection->prepare()
#2 /home/alejandro/play-work/playgroup-admin---laravel/vendor/laravel/framework/src/Illuminate/Database/Connection.php(662): Illuminate\\Database\\Connection->Illuminate\\Database\\{closure}()
#3 /home/alejandro/play-work/playgroup-admin---laravel/vendor/laravel/framework/src/Illuminate/Database/Connection.php(629): Illuminate\\Database\\Connection->runQueryCallback()
#4 /home/alejandro/play-work/playgroup-admin---laravel/vendor/laravel/framework/src/Illuminate/Database/Connection.php(338): Illuminate\\Database\\Connection->run()
#5 /home/alejandro/play-work/playgroup-admin---laravel/vendor/laravel/framework/src/Illuminate/Database/Query/Builder.php(2159): Illuminate\\Database\\Connection->select()
#6 /home/alejandro/play-work/playgroup-admin---laravel/vendor/laravel/framework/src/Illuminate/Database/Query/Builder.php(2147): Illuminate\\Database\\Query\\Builder->runSelect()
#7 /home/alejandro/play-work/playgroup-admin---laravel/vendor/laravel/framework/src/Illuminate/Database/Query/Builder.php(2619): Illuminate\\Database\\Query\\Builder->Illuminate\\Database\\Query\\{closure}()
#8 /home/alejandro/play-work/playgroup-admin---laravel/vendor/laravel/framework/src/Illuminate/Database/Query/Builder.php(2148): Illuminate\\Database\\Query\\Builder->onceWithColumns()
#9 /home/alejandro/play-work/playgroup-admin---laravel/vendor/laravel/framework/src/Illuminate/Database/Eloquent/Builder.php(546): Illuminate\\Database\\Query\\Builder->get()
#10 /home/alejandro/play-work/playgroup-admin---laravel/vendor/laravel/framework/src/Illuminate/Database/Eloquent/Builder.php(530): Illuminate\\Database\\Eloquent\\Builder->getModels()
#11 /home/alejandro/play-work/playgroup-admin---laravel/app/Http/Controllers/Api/PageController.php(78): Illuminate\\Database\\Eloquent\\Builder->get()
#12 /home/alejandro/play-work/playgroup-admin---laravel/vendor/laravel/framework/src/Illuminate/Routing/Controller.php(54): App\\Http\\Controllers\\Api\\PageController->home()
#13 /home/alejandro/play-work/playgroup-admin---laravel/vendor/laravel/framework/src/Illuminate/Routing/ControllerDispatcher.php(45): Illuminate\\Routing\\Controller->callAction()
#14 /home/alejandro/play-work/playgroup-admin---laravel/vendor/laravel/framework/src/Illuminate/Routing/Route.php(219): Illuminate\\Routing\\ControllerDispatcher->dispatch()
#15 /home/alejandro/play-work/playgroup-admin---laravel/vendor/laravel/framework/src/Illuminate/Routing/Route.php(176): Illuminate\\Routing\\Route->runController()
#16 /home/alejandro/play-work/playgroup-admin---laravel/vendor/laravel/framework/src/Illuminate/Routing/Router.php(681): Illuminate\\Routing\\Route->run()
#17 /home/alejandro/play-work/playgroup-admin---laravel/vendor/laravel/framework/src/Illuminate/Pipeline/Pipeline.php(130): Illuminate\\Routing\\Router->Illuminate\\Routing\\{closure}()
#18 /home/alejandro/play-work/playgroup-admin---laravel/vendor/laravel/framework/src/Illuminate/Routing/Middleware/SubstituteBindings.php(41): Illuminate\\Pipeline\\Pipeline->Illuminate\\Pipeline\\{closure}()
#19 /home/alejandro/play-work/playgroup-admin---laravel/vendor/laravel/framework/src/Illuminate/Pipeline/Pipeline.php(171): Illuminate\\Routing\\Middleware\\SubstituteBindings->handle()
#20 /home/alejandro/play-work/playgroup-admin---laravel/vendor/laravel/framework/src/Illuminate/Pipeline/Pipeline.php(105): Illuminate\\Pipeline\\Pipeline->Illuminate\\Pipeline\\{closure}()
#21 /home/alejandro/play-work/playgroup-admin---laravel/vendor/laravel/framework/src/Illuminate/Routing/Router.php(683): Illuminate\\Pipeline\\Pipeline->then()
#22 /home/alejandro/play-work/playgroup-admin---laravel/vendor/laravel/framework/src/Illuminate/Routing/Router.php(658): Illuminate\\Routing\\Router->runRouteWithinStack()
#23 /home/alejandro/play-work/playgroup-admin---laravel/vendor/laravel/framework/src/Illuminate/Routing/Router.php(624): Illuminate\\Routing\\Router->runRoute()
#24 /home/alejandro/play-work/playgroup-admin---laravel/vendor/laravel/framework/src/Illuminate/Routing/Router.php(613): Illuminate\\Routing\\Router->dispatchToRoute()
#25 /home/alejandro/play-work/playgroup-admin---laravel/vendor/laravel/framework/src/Illuminate/Foundation/Http/Kernel.php(170): Illuminate\\Routing\\Router->dispatch()
#26 /home/alejandro/play-work/playgroup-admin---laravel/vendor/laravel/framework/src/Illuminate/Pipeline/Pipeline.php(130): Illuminate\\Foundation\\Http\\Kernel->Illuminate\\Foundation\\Http\\{closure}()
#27 /home/alejandro/play-work/playgroup-admin---laravel/vendor/laravel/framework/src/Illuminate/Foundation/Http/Middleware/TransformsRequest.php(21): Illuminate\\Pipeline\\Pipeline->Illuminate\\Pipeline\\{closure}()
#28 /home/alejandro/play-work/playgroup-admin---laravel/vendor/laravel/framework/src/Illuminate/Pipeline/Pipeline.php(171): Illuminate\\Foundation\\Http\\Middleware\\TransformsRequest->handle()
#29 /home/alejandro/play-work/playgroup-admin---laravel/vendor/laravel/framework/src/Illuminate/Foundation/Http/Middleware/TransformsRequest.php(21): Illuminate\\Pipeline\\Pipeline->Illuminate\\Pipeline\\{closure}()
#30 /home/alejandro/play-work/playgroup-admin---laravel/vendor/laravel/framework/src/Illuminate/Pipeline/Pipeline.php(171): Illuminate\\Foundation\\Http\\Middleware\\TransformsRequest->handle()
#31 /home/alejandro/play-work/playgroup-admin---laravel/vendor/laravel/framework/src/Illuminate/Foundation/Http/Middleware/ValidatePostSize.php(27): Illuminate\\Pipeline\\Pipeline->Illuminate\\Pipeline\\{closure}()
#32 /home/alejandro/play-work/playgroup-admin---laravel/vendor/laravel/framework/src/Illuminate/Pipeline/Pipeline.php(171): Illuminate\\Foundation\\Http\\Middleware\\ValidatePostSize->handle()
#33 /home/alejandro/play-work/playgroup-admin---laravel/vendor/laravel/framework/src/Illuminate/Foundation/Http/Middleware/CheckForMaintenanceMode.php(63): Illuminate\\Pipeline\\Pipeline->Illuminate\\Pipeline\\{closure}()
#34 /home/alejandro/play-work/playgroup-admin---laravel/vendor/laravel/framework/src/Illuminate/Pipeline/Pipeline.php(171): Illuminate\\Foundation\\Http\\Middleware\\CheckForMaintenanceMode->handle()
#35 /home/alejandro/play-work/playgroup-admin---laravel/vendor/fideloper/proxy/src/TrustProxies.php(57): Illuminate\\Pipeline\\Pipeline->Illuminate\\Pipeline\\{closure}()
#36 /home/alejandro/play-work/playgroup-admin---laravel/vendor/laravel/framework/src/Illuminate/Pipeline/Pipeline.php(171): Fideloper\\Proxy\\TrustProxies->handle()
#37 /home/alejandro/play-work/playgroup-admin---laravel/vendor/laravel/framework/src/Illuminate/Pipeline/Pipeline.php(105): Illuminate\\Pipeline\\Pipeline->Illuminate\\Pipeline\\{closure}()
#38 /home/alejandro/play-work/playgroup-admin---laravel/vendor/laravel/framework/src/Illuminate/Foundation/Http/Kernel.php(145): Illuminate\\Pipeline\\Pipeline->then()
#39 /home/alejandro/play-work/playgroup-admin---laravel/vendor/laravel/framework/src/Illuminate/Foundation/Http/Kernel.php(110): Illuminate\\Foundation\\Http\\Kernel->sendRequestThroughRouter()
#40 /home/alejandro/play-work/playgroup-admin---laravel/public/index.php(55): Illuminate\\Foundation\\Http\\Kernel->handle()
#41 /home/alejandro/play-work/playgroup-admin---laravel/server.php(21): require_once('/home/alejandro...')
#42 {main}

[previous exception] [object] (PDOException(code: 42S22): SQLSTATE[42S22]: Column not found: 1054 Unknown column 'position' in 'field list' at /home/alejandro/play-work/playgroup-admin---laravel/vendor/doctrine/dbal/lib/Doctrine/DBAL/Driver/PDOConnection.php:82)
[stacktrace]
#0 /home/alejandro/play-work/playgroup-admin---laravel/vendor/doctrine/dbal/lib/Doctrine/DBAL/Driver/PDOConnection.php(82): PDO->prepare()
#1 /home/alejandro/play-work/playgroup-admin---laravel/vendor/laravel/framework/src/Illuminate/Database/Connection.php(331): Doctrine\\DBAL\\Driver\\PDOConnection->prepare()
#2 /home/alejandro/play-work/playgroup-admin---laravel/vendor/laravel/framework/src/Illuminate/Database/Connection.php(662): Illuminate\\Database\\Connection->Illuminate\\Database\\{closure}()
#3 /home/alejandro/play-work/playgroup-admin---laravel/vendor/laravel/framework/src/Illuminate/Database/Connection.php(629): Illuminate\\Database\\Connection->runQueryCallback()
#4 /home/alejandro/play-work/playgroup-admin---laravel/vendor/laravel/framework/src/Illuminate/Database/Connection.php(338): Illuminate\\Database\\Connection->run()
#5 /home/alejandro/play-work/playgroup-admin---laravel/vendor/laravel/framework/src/Illuminate/Database/Query/Builder.php(2159): Illuminate\\Database\\Connection->select()
#6 /home/alejandro/play-work/playgroup-admin---laravel/vendor/laravel/framework/src/Illuminate/Database/Query/Builder.php(2147): Illuminate\\Database\\Query\\Builder->runSelect()
#7 /home/alejandro/play-work/playgroup-admin---laravel/vendor/laravel/framework/src/Illuminate/Database/Query/Builder.php(2619): Illuminate\\Database\\Query\\Builder->Illuminate\\Database\\Query\\{closure}()
#8 /home/alejandro/play-work/playgroup-admin---laravel/vendor/laravel/framework/src/Illuminate/Database/Query/Builder.php(2148): Illuminate\\Database\\Query\\Builder->onceWithColumns()
#9 /home/alejandro/play-work/playgroup-admin---laravel/vendor/laravel/framework/src/Illuminate/Database/Eloquent/Builder.php(546): Illuminate\\Database\\Query\\Builder->get()
#10 /home/alejandro/play-work/playgroup-admin---laravel/vendor/laravel/framework/src/Illuminate/Database/Eloquent/Builder.php(530): Illuminate\\Database\\Eloquent\\Builder->getModels()
#11 /home/alejandro/play-work/playgroup-admin---laravel/app/Http/Controllers/Api/PageController.php(78): Illuminate\\Database\\Eloquent\\Builder->get()
#12 /home/alejandro/play-work/playgroup-admin---laravel/vendor/laravel/framework/src/Illuminate/Routing/Controller.php(54): App\\Http\\Controllers\\Api\\PageController->home()
#13 /home/alejandro/play-work/playgroup-admin---laravel/vendor/laravel/framework/src/Illuminate/Routing/ControllerDispatcher.php(45): Illuminate\\Routing\\Controller->callAction()
#14 /home/alejandro/play-work/playgroup-admin---laravel/vendor/laravel/framework/src/Illuminate/Routing/Route.php(219): Illuminate\\Routing\\ControllerDispatcher->dispatch()
#15 /home/alejandro/play-work/playgroup-admin---laravel/vendor/laravel/framework/src/Illuminate/Routing/Route.php(176): Illuminate\\Routing\\Route->runController()
#16 /home/alejandro/play-work/playgroup-admin---laravel/vendor/laravel/framework/src/Illuminate/Routing/Router.php(681): Illuminate\\Routing\\Route->run()
#17 /home/alejandro/play-work/playgroup-admin---laravel/vendor/laravel/framework/src/Illuminate/Pipeline/Pipeline.php(130): Illuminate\\Routing\\Router->Illuminate\\Routing\\{closure}()
#18 /home/alejandro/play-work/playgroup-admin---laravel/vendor/laravel/framework/src/Illuminate/Routing/Middleware/SubstituteBindings.php(41): Illuminate\\Pipeline\\Pipeline->Illuminate\\Pipeline\\{closure}()
#19 /home/alejandro/play-work/playgroup-admin---laravel/vendor/laravel/framework/src/Illuminate/Pipeline/Pipeline.php(171): Illuminate\\Routing\\Middleware\\SubstituteBindings->handle()
#20 /home/alejandro/play-work/playgroup-admin---laravel/vendor/laravel/framework/src/Illuminate/Pipeline/Pipeline.php(105): Illuminate\\Pipeline\\Pipeline->Illuminate\\Pipeline\\{closure}()
#21 /home/alejandro/play-work/playgroup-admin---laravel/vendor/laravel/framework/src/Illuminate/Routing/Router.php(683): Illuminate\\Pipeline\\Pipeline->then()
#22 /home/alejandro/play-work/playgroup-admin---laravel/vendor/laravel/framework/src/Illuminate/Routing/Router.php(658): Illuminate\\Routing\\Router->runRouteWithinStack()
#23 /home/alejandro/play-work/playgroup-admin---laravel/vendor/laravel/framework/src/Illuminate/Routing/Router.php(624): Illuminate\\Routing\\Router->runRoute()
#24 /home/alejandro/play-work/playgroup-admin---laravel/vendor/laravel/framework/src/Illuminate/Routing/Router.php(613): Illuminate\\Routing\\Router->dispatchToRoute()
#25 /home/alejandro/play-work/playgroup-admin---laravel/vendor/laravel/framework/src/Illuminate/Foundation/Http/Kernel.php(170): Illuminate\\Routing\\Router->dispatch()
#26 /home/alejandro/play-work/playgroup-admin---laravel/vendor/laravel/framework/src/Illuminate/Pipeline/Pipeline.php(130): Illuminate\\Foundation\\Http\\Kernel->Illuminate\\Foundation\\Http\\{closure}()
#27 /home/alejandro/play-work/playgroup-admin---laravel/vendor/laravel/framework/src/Illuminate/Foundation/Http/Middleware/TransformsRequest.php(21): Illuminate\\Pipeline\\Pipeline->Illuminate\\Pipeline\\{closure}()
#28 /home/alejandro/play-work/playgroup-admin---laravel/vendor/laravel/framework/src/Illuminate/Pipeline/Pipeline.php(171): Illuminate\\Foundation\\Http\\Middleware\\TransformsRequest->handle()
#29 /home/alejandro/play-work/playgroup-admin---laravel/vendor/laravel/framework/src/Illuminate/Foundation/Http/Middleware/TransformsRequest.php(21): Illuminate\\Pipeline\\Pipeline->Illuminate\\Pipeline\\{closure}()
#30 /home/alejandro/play-work/playgroup-admin---laravel/vendor/laravel/framework/src/Illuminate/Pipeline/Pipeline.php(171): Illuminate\\Foundation\\Http\\Middleware\\TransformsRequest->handle()
#31 /home/alejandro/play-work/playgroup-admin---laravel/vendor/laravel/framework/src/Illuminate/Foundation/Http/Middleware/ValidatePostSize.php(27): Illuminate\\Pipeline\\Pipeline->Illuminate\\Pipeline\\{closure}()
#32 /home/alejandro/play-work/playgroup-admin---laravel/vendor/laravel/framework/src/Illuminate/Pipeline/Pipeline.php(171): Illuminate\\Foundation\\Http\\Middleware\\ValidatePostSize->handle()
#33 /home/alejandro/play-work/playgroup-admin---laravel/vendor/laravel/framework/src/Illuminate/Foundation/Http/Middleware/CheckForMaintenanceMode.php(63): Illuminate\\Pipeline\\Pipeline->Illuminate\\Pipeline\\{closure}()
#34 /home/alejandro/play-work/playgroup-admin---laravel/vendor/laravel/framework/src/Illuminate/Pipeline/Pipeline.php(171): Illuminate\\Foundation\\Http\\Middleware\\CheckForMaintenanceMode->handle()
#35 /home/alejandro/play-work/playgroup-admin---laravel/vendor/fideloper/proxy/src/TrustProxies.php(57): Illuminate\\Pipeline\\Pipeline->Illuminate\\Pipeline\\{closure}()
#36 /home/alejandro/play-work/playgroup-admin---laravel/vendor/laravel/framework/src/Illuminate/Pipeline/Pipeline.php(171): Fideloper\\Proxy\\TrustProxies->handle()
#37 /home/alejandro/play-work/playgroup-admin---laravel/vendor/laravel/framework/src/Illuminate/Pipeline/Pipeline.php(105): Illuminate\\Pipeline\\Pipeline->Illuminate\\Pipeline\\{closure}()
#38 /home/alejandro/play-work/playgroup-admin---laravel/vendor/laravel/framework/src/Illuminate/Foundation/Http/Kernel.php(145): Illuminate\\Pipeline\\Pipeline->then()
#39 /home/alejandro/play-work/playgroup-admin---laravel/vendor/laravel/framework/src/Illuminate/Foundation/Http/Kernel.php(110): Illuminate\\Foundation\\Http\\Kernel->sendRequestThroughRouter()
#40 /home/alejandro/play-work/playgroup-admin---laravel/public/index.php(55): Illuminate\\Foundation\\Http\\Kernel->handle()
#41 /home/alejandro/play-work/playgroup-admin---laravel/server.php(21): require_once('/home/alejandro...')
#42 {main}
"} 
[2025-05-20 15:06:19] local.ERROR: SQLSTATE[42S22]: Column not found: 1054 Unknown column 'position' in 'field list' (SQL: select `name`, `image`, `position`, `category` from `awards` order by `index` asc) {"exception":"[object] (Illuminate\\Database\\QueryException(code: 42S22): SQLSTATE[42S22]: Column not found: 1054 Unknown column 'position' in 'field list' (SQL: select `name`, `image`, `position`, `category` from `awards` order by `index` asc) at /home/alejandro/play-work/playgroup-admin---laravel/vendor/laravel/framework/src/Illuminate/Database/Connection.php:669)
[stacktrace]
#0 /home/alejandro/play-work/playgroup-admin---laravel/vendor/laravel/framework/src/Illuminate/Database/Connection.php(629): Illuminate\\Database\\Connection->runQueryCallback()
#1 /home/alejandro/play-work/playgroup-admin---laravel/vendor/laravel/framework/src/Illuminate/Database/Connection.php(338): Illuminate\\Database\\Connection->run()
#2 /home/alejandro/play-work/playgroup-admin---laravel/vendor/laravel/framework/src/Illuminate/Database/Query/Builder.php(2159): Illuminate\\Database\\Connection->select()
#3 /home/alejandro/play-work/playgroup-admin---laravel/vendor/laravel/framework/src/Illuminate/Database/Query/Builder.php(2147): Illuminate\\Database\\Query\\Builder->runSelect()
#4 /home/alejandro/play-work/playgroup-admin---laravel/vendor/laravel/framework/src/Illuminate/Database/Query/Builder.php(2619): Illuminate\\Database\\Query\\Builder->Illuminate\\Database\\Query\\{closure}()
#5 /home/alejandro/play-work/playgroup-admin---laravel/vendor/laravel/framework/src/Illuminate/Database/Query/Builder.php(2148): Illuminate\\Database\\Query\\Builder->onceWithColumns()
#6 /home/alejandro/play-work/playgroup-admin---laravel/vendor/laravel/framework/src/Illuminate/Database/Eloquent/Builder.php(546): Illuminate\\Database\\Query\\Builder->get()
#7 /home/alejandro/play-work/playgroup-admin---laravel/vendor/laravel/framework/src/Illuminate/Database/Eloquent/Builder.php(530): Illuminate\\Database\\Eloquent\\Builder->getModels()
#8 /home/alejandro/play-work/playgroup-admin---laravel/app/Http/Controllers/Api/PageController.php(78): Illuminate\\Database\\Eloquent\\Builder->get()
#9 /home/alejandro/play-work/playgroup-admin---laravel/vendor/laravel/framework/src/Illuminate/Routing/Controller.php(54): App\\Http\\Controllers\\Api\\PageController->home()
#10 /home/alejandro/play-work/playgroup-admin---laravel/vendor/laravel/framework/src/Illuminate/Routing/ControllerDispatcher.php(45): Illuminate\\Routing\\Controller->callAction()
#11 /home/alejandro/play-work/playgroup-admin---laravel/vendor/laravel/framework/src/Illuminate/Routing/Route.php(219): Illuminate\\Routing\\ControllerDispatcher->dispatch()
#12 /home/alejandro/play-work/playgroup-admin---laravel/vendor/laravel/framework/src/Illuminate/Routing/Route.php(176): Illuminate\\Routing\\Route->runController()
#13 /home/alejandro/play-work/playgroup-admin---laravel/vendor/laravel/framework/src/Illuminate/Routing/Router.php(681): Illuminate\\Routing\\Route->run()
#14 /home/alejandro/play-work/playgroup-admin---laravel/vendor/laravel/framework/src/Illuminate/Pipeline/Pipeline.php(130): Illuminate\\Routing\\Router->Illuminate\\Routing\\{closure}()
#15 /home/alejandro/play-work/playgroup-admin---laravel/vendor/laravel/framework/src/Illuminate/Routing/Middleware/SubstituteBindings.php(41): Illuminate\\Pipeline\\Pipeline->Illuminate\\Pipeline\\{closure}()
#16 /home/alejandro/play-work/playgroup-admin---laravel/vendor/laravel/framework/src/Illuminate/Pipeline/Pipeline.php(171): Illuminate\\Routing\\Middleware\\SubstituteBindings->handle()
#17 /home/alejandro/play-work/playgroup-admin---laravel/vendor/laravel/framework/src/Illuminate/Pipeline/Pipeline.php(105): Illuminate\\Pipeline\\Pipeline->Illuminate\\Pipeline\\{closure}()
#18 /home/alejandro/play-work/playgroup-admin---laravel/vendor/laravel/framework/src/Illuminate/Routing/Router.php(683): Illuminate\\Pipeline\\Pipeline->then()
#19 /home/alejandro/play-work/playgroup-admin---laravel/vendor/laravel/framework/src/Illuminate/Routing/Router.php(658): Illuminate\\Routing\\Router->runRouteWithinStack()
#20 /home/alejandro/play-work/playgroup-admin---laravel/vendor/laravel/framework/src/Illuminate/Routing/Router.php(624): Illuminate\\Routing\\Router->runRoute()
#21 /home/alejandro/play-work/playgroup-admin---laravel/vendor/laravel/framework/src/Illuminate/Routing/Router.php(613): Illuminate\\Routing\\Router->dispatchToRoute()
#22 /home/alejandro/play-work/playgroup-admin---laravel/vendor/laravel/framework/src/Illuminate/Foundation/Http/Kernel.php(170): Illuminate\\Routing\\Router->dispatch()
#23 /home/alejandro/play-work/playgroup-admin---laravel/vendor/laravel/framework/src/Illuminate/Pipeline/Pipeline.php(130): Illuminate\\Foundation\\Http\\Kernel->Illuminate\\Foundation\\Http\\{closure}()
#24 /home/alejandro/play-work/playgroup-admin---laravel/vendor/laravel/framework/src/Illuminate/Foundation/Http/Middleware/TransformsRequest.php(21): Illuminate\\Pipeline\\Pipeline->Illuminate\\Pipeline\\{closure}()
#25 /home/alejandro/play-work/playgroup-admin---laravel/vendor/laravel/framework/src/Illuminate/Pipeline/Pipeline.php(171): Illuminate\\Foundation\\Http\\Middleware\\TransformsRequest->handle()
#26 /home/alejandro/play-work/playgroup-admin---laravel/vendor/laravel/framework/src/Illuminate/Foundation/Http/Middleware/TransformsRequest.php(21): Illuminate\\Pipeline\\Pipeline->Illuminate\\Pipeline\\{closure}()
#27 /home/alejandro/play-work/playgroup-admin---laravel/vendor/laravel/framework/src/Illuminate/Pipeline/Pipeline.php(171): Illuminate\\Foundation\\Http\\Middleware\\TransformsRequest->handle()
#28 /home/alejandro/play-work/playgroup-admin---laravel/vendor/laravel/framework/src/Illuminate/Foundation/Http/Middleware/ValidatePostSize.php(27): Illuminate\\Pipeline\\Pipeline->Illuminate\\Pipeline\\{closure}()
#29 /home/alejandro/play-work/playgroup-admin---laravel/vendor/laravel/framework/src/Illuminate/Pipeline/Pipeline.php(171): Illuminate\\Foundation\\Http\\Middleware\\ValidatePostSize->handle()
#30 /home/alejandro/play-work/playgroup-admin---laravel/vendor/laravel/framework/src/Illuminate/Foundation/Http/Middleware/CheckForMaintenanceMode.php(63): Illuminate\\Pipeline\\Pipeline->Illuminate\\Pipeline\\{closure}()
#31 /home/alejandro/play-work/playgroup-admin---laravel/vendor/laravel/framework/src/Illuminate/Pipeline/Pipeline.php(171): Illuminate\\Foundation\\Http\\Middleware\\CheckForMaintenanceMode->handle()
#32 /home/alejandro/play-work/playgroup-admin---laravel/vendor/fideloper/proxy/src/TrustProxies.php(57): Illuminate\\Pipeline\\Pipeline->Illuminate\\Pipeline\\{closure}()
#33 /home/alejandro/play-work/playgroup-admin---laravel/vendor/laravel/framework/src/Illuminate/Pipeline/Pipeline.php(171): Fideloper\\Proxy\\TrustProxies->handle()
#34 /home/alejandro/play-work/playgroup-admin---laravel/vendor/laravel/framework/src/Illuminate/Pipeline/Pipeline.php(105): Illuminate\\Pipeline\\Pipeline->Illuminate\\Pipeline\\{closure}()
#35 /home/alejandro/play-work/playgroup-admin---laravel/vendor/laravel/framework/src/Illuminate/Foundation/Http/Kernel.php(145): Illuminate\\Pipeline\\Pipeline->then()
#36 /home/alejandro/play-work/playgroup-admin---laravel/vendor/laravel/framework/src/Illuminate/Foundation/Http/Kernel.php(110): Illuminate\\Foundation\\Http\\Kernel->sendRequestThroughRouter()
#37 /home/alejandro/play-work/playgroup-admin---laravel/public/index.php(55): Illuminate\\Foundation\\Http\\Kernel->handle()
#38 /home/alejandro/play-work/playgroup-admin---laravel/server.php(21): require_once('/home/alejandro...')
#39 {main}

[previous exception] [object] (Doctrine\\DBAL\\Driver\\PDO\\Exception(code: 42S22): SQLSTATE[42S22]: Column not found: 1054 Unknown column 'position' in 'field list' at /home/alejandro/play-work/playgroup-admin---laravel/vendor/doctrine/dbal/lib/Doctrine/DBAL/Driver/PDO/Exception.php:18)
[stacktrace]
#0 /home/alejandro/play-work/playgroup-admin---laravel/vendor/doctrine/dbal/lib/Doctrine/DBAL/Driver/PDOConnection.php(87): Doctrine\\DBAL\\Driver\\PDO\\Exception::new()
#1 /home/alejandro/play-work/playgroup-admin---laravel/vendor/laravel/framework/src/Illuminate/Database/Connection.php(331): Doctrine\\DBAL\\Driver\\PDOConnection->prepare()
#2 /home/alejandro/play-work/playgroup-admin---laravel/vendor/laravel/framework/src/Illuminate/Database/Connection.php(662): Illuminate\\Database\\Connection->Illuminate\\Database\\{closure}()
#3 /home/alejandro/play-work/playgroup-admin---laravel/vendor/laravel/framework/src/Illuminate/Database/Connection.php(629): Illuminate\\Database\\Connection->runQueryCallback()
#4 /home/alejandro/play-work/playgroup-admin---laravel/vendor/laravel/framework/src/Illuminate/Database/Connection.php(338): Illuminate\\Database\\Connection->run()
#5 /home/alejandro/play-work/playgroup-admin---laravel/vendor/laravel/framework/src/Illuminate/Database/Query/Builder.php(2159): Illuminate\\Database\\Connection->select()
#6 /home/alejandro/play-work/playgroup-admin---laravel/vendor/laravel/framework/src/Illuminate/Database/Query/Builder.php(2147): Illuminate\\Database\\Query\\Builder->runSelect()
#7 /home/alejandro/play-work/playgroup-admin---laravel/vendor/laravel/framework/src/Illuminate/Database/Query/Builder.php(2619): Illuminate\\Database\\Query\\Builder->Illuminate\\Database\\Query\\{closure}()
#8 /home/alejandro/play-work/playgroup-admin---laravel/vendor/laravel/framework/src/Illuminate/Database/Query/Builder.php(2148): Illuminate\\Database\\Query\\Builder->onceWithColumns()
#9 /home/alejandro/play-work/playgroup-admin---laravel/vendor/laravel/framework/src/Illuminate/Database/Eloquent/Builder.php(546): Illuminate\\Database\\Query\\Builder->get()
#10 /home/alejandro/play-work/playgroup-admin---laravel/vendor/laravel/framework/src/Illuminate/Database/Eloquent/Builder.php(530): Illuminate\\Database\\Eloquent\\Builder->getModels()
#11 /home/alejandro/play-work/playgroup-admin---laravel/app/Http/Controllers/Api/PageController.php(78): Illuminate\\Database\\Eloquent\\Builder->get()
#12 /home/alejandro/play-work/playgroup-admin---laravel/vendor/laravel/framework/src/Illuminate/Routing/Controller.php(54): App\\Http\\Controllers\\Api\\PageController->home()
#13 /home/alejandro/play-work/playgroup-admin---laravel/vendor/laravel/framework/src/Illuminate/Routing/ControllerDispatcher.php(45): Illuminate\\Routing\\Controller->callAction()
#14 /home/alejandro/play-work/playgroup-admin---laravel/vendor/laravel/framework/src/Illuminate/Routing/Route.php(219): Illuminate\\Routing\\ControllerDispatcher->dispatch()
#15 /home/alejandro/play-work/playgroup-admin---laravel/vendor/laravel/framework/src/Illuminate/Routing/Route.php(176): Illuminate\\Routing\\Route->runController()
#16 /home/alejandro/play-work/playgroup-admin---laravel/vendor/laravel/framework/src/Illuminate/Routing/Router.php(681): Illuminate\\Routing\\Route->run()
#17 /home/alejandro/play-work/playgroup-admin---laravel/vendor/laravel/framework/src/Illuminate/Pipeline/Pipeline.php(130): Illuminate\\Routing\\Router->Illuminate\\Routing\\{closure}()
#18 /home/alejandro/play-work/playgroup-admin---laravel/vendor/laravel/framework/src/Illuminate/Routing/Middleware/SubstituteBindings.php(41): Illuminate\\Pipeline\\Pipeline->Illuminate\\Pipeline\\{closure}()
#19 /home/alejandro/play-work/playgroup-admin---laravel/vendor/laravel/framework/src/Illuminate/Pipeline/Pipeline.php(171): Illuminate\\Routing\\Middleware\\SubstituteBindings->handle()
#20 /home/alejandro/play-work/playgroup-admin---laravel/vendor/laravel/framework/src/Illuminate/Pipeline/Pipeline.php(105): Illuminate\\Pipeline\\Pipeline->Illuminate\\Pipeline\\{closure}()
#21 /home/alejandro/play-work/playgroup-admin---laravel/vendor/laravel/framework/src/Illuminate/Routing/Router.php(683): Illuminate\\Pipeline\\Pipeline->then()
#22 /home/alejandro/play-work/playgroup-admin---laravel/vendor/laravel/framework/src/Illuminate/Routing/Router.php(658): Illuminate\\Routing\\Router->runRouteWithinStack()
#23 /home/alejandro/play-work/playgroup-admin---laravel/vendor/laravel/framework/src/Illuminate/Routing/Router.php(624): Illuminate\\Routing\\Router->runRoute()
#24 /home/alejandro/play-work/playgroup-admin---laravel/vendor/laravel/framework/src/Illuminate/Routing/Router.php(613): Illuminate\\Routing\\Router->dispatchToRoute()
#25 /home/alejandro/play-work/playgroup-admin---laravel/vendor/laravel/framework/src/Illuminate/Foundation/Http/Kernel.php(170): Illuminate\\Routing\\Router->dispatch()
#26 /home/alejandro/play-work/playgroup-admin---laravel/vendor/laravel/framework/src/Illuminate/Pipeline/Pipeline.php(130): Illuminate\\Foundation\\Http\\Kernel->Illuminate\\Foundation\\Http\\{closure}()
#27 /home/alejandro/play-work/playgroup-admin---laravel/vendor/laravel/framework/src/Illuminate/Foundation/Http/Middleware/TransformsRequest.php(21): Illuminate\\Pipeline\\Pipeline->Illuminate\\Pipeline\\{closure}()
#28 /home/alejandro/play-work/playgroup-admin---laravel/vendor/laravel/framework/src/Illuminate/Pipeline/Pipeline.php(171): Illuminate\\Foundation\\Http\\Middleware\\TransformsRequest->handle()
#29 /home/alejandro/play-work/playgroup-admin---laravel/vendor/laravel/framework/src/Illuminate/Foundation/Http/Middleware/TransformsRequest.php(21): Illuminate\\Pipeline\\Pipeline->Illuminate\\Pipeline\\{closure}()
#30 /home/alejandro/play-work/playgroup-admin---laravel/vendor/laravel/framework/src/Illuminate/Pipeline/Pipeline.php(171): Illuminate\\Foundation\\Http\\Middleware\\TransformsRequest->handle()
#31 /home/alejandro/play-work/playgroup-admin---laravel/vendor/laravel/framework/src/Illuminate/Foundation/Http/Middleware/ValidatePostSize.php(27): Illuminate\\Pipeline\\Pipeline->Illuminate\\Pipeline\\{closure}()
#32 /home/alejandro/play-work/playgroup-admin---laravel/vendor/laravel/framework/src/Illuminate/Pipeline/Pipeline.php(171): Illuminate\\Foundation\\Http\\Middleware\\ValidatePostSize->handle()
#33 /home/alejandro/play-work/playgroup-admin---laravel/vendor/laravel/framework/src/Illuminate/Foundation/Http/Middleware/CheckForMaintenanceMode.php(63): Illuminate\\Pipeline\\Pipeline->Illuminate\\Pipeline\\{closure}()
#34 /home/alejandro/play-work/playgroup-admin---laravel/vendor/laravel/framework/src/Illuminate/Pipeline/Pipeline.php(171): Illuminate\\Foundation\\Http\\Middleware\\CheckForMaintenanceMode->handle()
#35 /home/alejandro/play-work/playgroup-admin---laravel/vendor/fideloper/proxy/src/TrustProxies.php(57): Illuminate\\Pipeline\\Pipeline->Illuminate\\Pipeline\\{closure}()
#36 /home/alejandro/play-work/playgroup-admin---laravel/vendor/laravel/framework/src/Illuminate/Pipeline/Pipeline.php(171): Fideloper\\Proxy\\TrustProxies->handle()
#37 /home/alejandro/play-work/playgroup-admin---laravel/vendor/laravel/framework/src/Illuminate/Pipeline/Pipeline.php(105): Illuminate\\Pipeline\\Pipeline->Illuminate\\Pipeline\\{closure}()
#38 /home/alejandro/play-work/playgroup-admin---laravel/vendor/laravel/framework/src/Illuminate/Foundation/Http/Kernel.php(145): Illuminate\\Pipeline\\Pipeline->then()
#39 /home/alejandro/play-work/playgroup-admin---laravel/vendor/laravel/framework/src/Illuminate/Foundation/Http/Kernel.php(110): Illuminate\\Foundation\\Http\\Kernel->sendRequestThroughRouter()
#40 /home/alejandro/play-work/playgroup-admin---laravel/public/index.php(55): Illuminate\\Foundation\\Http\\Kernel->handle()
#41 /home/alejandro/play-work/playgroup-admin---laravel/server.php(21): require_once('/home/alejandro...')
#42 {main}

[previous exception] [object] (PDOException(code: 42S22): SQLSTATE[42S22]: Column not found: 1054 Unknown column 'position' in 'field list' at /home/alejandro/play-work/playgroup-admin---laravel/vendor/doctrine/dbal/lib/Doctrine/DBAL/Driver/PDOConnection.php:82)
[stacktrace]
#0 /home/alejandro/play-work/playgroup-admin---laravel/vendor/doctrine/dbal/lib/Doctrine/DBAL/Driver/PDOConnection.php(82): PDO->prepare()
#1 /home/alejandro/play-work/playgroup-admin---laravel/vendor/laravel/framework/src/Illuminate/Database/Connection.php(331): Doctrine\\DBAL\\Driver\\PDOConnection->prepare()
#2 /home/alejandro/play-work/playgroup-admin---laravel/vendor/laravel/framework/src/Illuminate/Database/Connection.php(662): Illuminate\\Database\\Connection->Illuminate\\Database\\{closure}()
#3 /home/alejandro/play-work/playgroup-admin---laravel/vendor/laravel/framework/src/Illuminate/Database/Connection.php(629): Illuminate\\Database\\Connection->runQueryCallback()
#4 /home/alejandro/play-work/playgroup-admin---laravel/vendor/laravel/framework/src/Illuminate/Database/Connection.php(338): Illuminate\\Database\\Connection->run()
#5 /home/alejandro/play-work/playgroup-admin---laravel/vendor/laravel/framework/src/Illuminate/Database/Query/Builder.php(2159): Illuminate\\Database\\Connection->select()
#6 /home/alejandro/play-work/playgroup-admin---laravel/vendor/laravel/framework/src/Illuminate/Database/Query/Builder.php(2147): Illuminate\\Database\\Query\\Builder->runSelect()
#7 /home/alejandro/play-work/playgroup-admin---laravel/vendor/laravel/framework/src/Illuminate/Database/Query/Builder.php(2619): Illuminate\\Database\\Query\\Builder->Illuminate\\Database\\Query\\{closure}()
#8 /home/alejandro/play-work/playgroup-admin---laravel/vendor/laravel/framework/src/Illuminate/Database/Query/Builder.php(2148): Illuminate\\Database\\Query\\Builder->onceWithColumns()
#9 /home/alejandro/play-work/playgroup-admin---laravel/vendor/laravel/framework/src/Illuminate/Database/Eloquent/Builder.php(546): Illuminate\\Database\\Query\\Builder->get()
#10 /home/alejandro/play-work/playgroup-admin---laravel/vendor/laravel/framework/src/Illuminate/Database/Eloquent/Builder.php(530): Illuminate\\Database\\Eloquent\\Builder->getModels()
#11 /home/alejandro/play-work/playgroup-admin---laravel/app/Http/Controllers/Api/PageController.php(78): Illuminate\\Database\\Eloquent\\Builder->get()
#12 /home/alejandro/play-work/playgroup-admin---laravel/vendor/laravel/framework/src/Illuminate/Routing/Controller.php(54): App\\Http\\Controllers\\Api\\PageController->home()
#13 /home/alejandro/play-work/playgroup-admin---laravel/vendor/laravel/framework/src/Illuminate/Routing/ControllerDispatcher.php(45): Illuminate\\Routing\\Controller->callAction()
#14 /home/alejandro/play-work/playgroup-admin---laravel/vendor/laravel/framework/src/Illuminate/Routing/Route.php(219): Illuminate\\Routing\\ControllerDispatcher->dispatch()
#15 /home/alejandro/play-work/playgroup-admin---laravel/vendor/laravel/framework/src/Illuminate/Routing/Route.php(176): Illuminate\\Routing\\Route->runController()
#16 /home/alejandro/play-work/playgroup-admin---laravel/vendor/laravel/framework/src/Illuminate/Routing/Router.php(681): Illuminate\\Routing\\Route->run()
#17 /home/alejandro/play-work/playgroup-admin---laravel/vendor/laravel/framework/src/Illuminate/Pipeline/Pipeline.php(130): Illuminate\\Routing\\Router->Illuminate\\Routing\\{closure}()
#18 /home/alejandro/play-work/playgroup-admin---laravel/vendor/laravel/framework/src/Illuminate/Routing/Middleware/SubstituteBindings.php(41): Illuminate\\Pipeline\\Pipeline->Illuminate\\Pipeline\\{closure}()
#19 /home/alejandro/play-work/playgroup-admin---laravel/vendor/laravel/framework/src/Illuminate/Pipeline/Pipeline.php(171): Illuminate\\Routing\\Middleware\\SubstituteBindings->handle()
#20 /home/alejandro/play-work/playgroup-admin---laravel/vendor/laravel/framework/src/Illuminate/Pipeline/Pipeline.php(105): Illuminate\\Pipeline\\Pipeline->Illuminate\\Pipeline\\{closure}()
#21 /home/alejandro/play-work/playgroup-admin---laravel/vendor/laravel/framework/src/Illuminate/Routing/Router.php(683): Illuminate\\Pipeline\\Pipeline->then()
#22 /home/alejandro/play-work/playgroup-admin---laravel/vendor/laravel/framework/src/Illuminate/Routing/Router.php(658): Illuminate\\Routing\\Router->runRouteWithinStack()
#23 /home/alejandro/play-work/playgroup-admin---laravel/vendor/laravel/framework/src/Illuminate/Routing/Router.php(624): Illuminate\\Routing\\Router->runRoute()
#24 /home/alejandro/play-work/playgroup-admin---laravel/vendor/laravel/framework/src/Illuminate/Routing/Router.php(613): Illuminate\\Routing\\Router->dispatchToRoute()
#25 /home/alejandro/play-work/playgroup-admin---laravel/vendor/laravel/framework/src/Illuminate/Foundation/Http/Kernel.php(170): Illuminate\\Routing\\Router->dispatch()
#26 /home/alejandro/play-work/playgroup-admin---laravel/vendor/laravel/framework/src/Illuminate/Pipeline/Pipeline.php(130): Illuminate\\Foundation\\Http\\Kernel->Illuminate\\Foundation\\Http\\{closure}()
#27 /home/alejandro/play-work/playgroup-admin---laravel/vendor/laravel/framework/src/Illuminate/Foundation/Http/Middleware/TransformsRequest.php(21): Illuminate\\Pipeline\\Pipeline->Illuminate\\Pipeline\\{closure}()
#28 /home/alejandro/play-work/playgroup-admin---laravel/vendor/laravel/framework/src/Illuminate/Pipeline/Pipeline.php(171): Illuminate\\Foundation\\Http\\Middleware\\TransformsRequest->handle()
#29 /home/alejandro/play-work/playgroup-admin---laravel/vendor/laravel/framework/src/Illuminate/Foundation/Http/Middleware/TransformsRequest.php(21): Illuminate\\Pipeline\\Pipeline->Illuminate\\Pipeline\\{closure}()
#30 /home/alejandro/play-work/playgroup-admin---laravel/vendor/laravel/framework/src/Illuminate/Pipeline/Pipeline.php(171): Illuminate\\Foundation\\Http\\Middleware\\TransformsRequest->handle()
#31 /home/alejandro/play-work/playgroup-admin---laravel/vendor/laravel/framework/src/Illuminate/Foundation/Http/Middleware/ValidatePostSize.php(27): Illuminate\\Pipeline\\Pipeline->Illuminate\\Pipeline\\{closure}()
#32 /home/alejandro/play-work/playgroup-admin---laravel/vendor/laravel/framework/src/Illuminate/Pipeline/Pipeline.php(171): Illuminate\\Foundation\\Http\\Middleware\\ValidatePostSize->handle()
#33 /home/alejandro/play-work/playgroup-admin---laravel/vendor/laravel/framework/src/Illuminate/Foundation/Http/Middleware/CheckForMaintenanceMode.php(63): Illuminate\\Pipeline\\Pipeline->Illuminate\\Pipeline\\{closure}()
#34 /home/alejandro/play-work/playgroup-admin---laravel/vendor/laravel/framework/src/Illuminate/Pipeline/Pipeline.php(171): Illuminate\\Foundation\\Http\\Middleware\\CheckForMaintenanceMode->handle()
#35 /home/alejandro/play-work/playgroup-admin---laravel/vendor/fideloper/proxy/src/TrustProxies.php(57): Illuminate\\Pipeline\\Pipeline->Illuminate\\Pipeline\\{closure}()
#36 /home/alejandro/play-work/playgroup-admin---laravel/vendor/laravel/framework/src/Illuminate/Pipeline/Pipeline.php(171): Fideloper\\Proxy\\TrustProxies->handle()
#37 /home/alejandro/play-work/playgroup-admin---laravel/vendor/laravel/framework/src/Illuminate/Pipeline/Pipeline.php(105): Illuminate\\Pipeline\\Pipeline->Illuminate\\Pipeline\\{closure}()
#38 /home/alejandro/play-work/playgroup-admin---laravel/vendor/laravel/framework/src/Illuminate/Foundation/Http/Kernel.php(145): Illuminate\\Pipeline\\Pipeline->then()
#39 /home/alejandro/play-work/playgroup-admin---laravel/vendor/laravel/framework/src/Illuminate/Foundation/Http/Kernel.php(110): Illuminate\\Foundation\\Http\\Kernel->sendRequestThroughRouter()
#40 /home/alejandro/play-work/playgroup-admin---laravel/public/index.php(55): Illuminate\\Foundation\\Http\\Kernel->handle()
#41 /home/alejandro/play-work/playgroup-admin---laravel/server.php(21): require_once('/home/alejandro...')
#42 {main}
"} 
[2025-05-20 15:10:45] local.ERROR: Call to a member function unsetRelation() on null {"exception":"[object] (Symfony\\Component\\Debug\\Exception\\FatalThrowableError(code: 0): Call to a member function unsetRelation() on null at /home/alejandro/play-work/playgroup-admin---laravel/app/Http/Controllers/Api/PageController.php:46)
[stacktrace]
#0 /home/alejandro/play-work/playgroup-admin---laravel/vendor/laravel/framework/src/Illuminate/Routing/Controller.php(54): App\\Http\\Controllers\\Api\\PageController->getPodcasts()
#1 /home/alejandro/play-work/playgroup-admin---laravel/vendor/laravel/framework/src/Illuminate/Routing/ControllerDispatcher.php(45): Illuminate\\Routing\\Controller->callAction()
#2 /home/alejandro/play-work/playgroup-admin---laravel/vendor/laravel/framework/src/Illuminate/Routing/Route.php(219): Illuminate\\Routing\\ControllerDispatcher->dispatch()
#3 /home/alejandro/play-work/playgroup-admin---laravel/vendor/laravel/framework/src/Illuminate/Routing/Route.php(176): Illuminate\\Routing\\Route->runController()
#4 /home/alejandro/play-work/playgroup-admin---laravel/vendor/laravel/framework/src/Illuminate/Routing/Router.php(681): Illuminate\\Routing\\Route->run()
#5 /home/alejandro/play-work/playgroup-admin---laravel/vendor/laravel/framework/src/Illuminate/Pipeline/Pipeline.php(130): Illuminate\\Routing\\Router->Illuminate\\Routing\\{closure}()
#6 /home/alejandro/play-work/playgroup-admin---laravel/vendor/laravel/framework/src/Illuminate/Routing/Middleware/SubstituteBindings.php(41): Illuminate\\Pipeline\\Pipeline->Illuminate\\Pipeline\\{closure}()
#7 /home/alejandro/play-work/playgroup-admin---laravel/vendor/laravel/framework/src/Illuminate/Pipeline/Pipeline.php(171): Illuminate\\Routing\\Middleware\\SubstituteBindings->handle()
#8 /home/alejandro/play-work/playgroup-admin---laravel/vendor/laravel/framework/src/Illuminate/Pipeline/Pipeline.php(105): Illuminate\\Pipeline\\Pipeline->Illuminate\\Pipeline\\{closure}()
#9 /home/alejandro/play-work/playgroup-admin---laravel/vendor/laravel/framework/src/Illuminate/Routing/Router.php(683): Illuminate\\Pipeline\\Pipeline->then()
#10 /home/alejandro/play-work/playgroup-admin---laravel/vendor/laravel/framework/src/Illuminate/Routing/Router.php(658): Illuminate\\Routing\\Router->runRouteWithinStack()
#11 /home/alejandro/play-work/playgroup-admin---laravel/vendor/laravel/framework/src/Illuminate/Routing/Router.php(624): Illuminate\\Routing\\Router->runRoute()
#12 /home/alejandro/play-work/playgroup-admin---laravel/vendor/laravel/framework/src/Illuminate/Routing/Router.php(613): Illuminate\\Routing\\Router->dispatchToRoute()
#13 /home/alejandro/play-work/playgroup-admin---laravel/vendor/laravel/framework/src/Illuminate/Foundation/Http/Kernel.php(170): Illuminate\\Routing\\Router->dispatch()
#14 /home/alejandro/play-work/playgroup-admin---laravel/vendor/laravel/framework/src/Illuminate/Pipeline/Pipeline.php(130): Illuminate\\Foundation\\Http\\Kernel->Illuminate\\Foundation\\Http\\{closure}()
#15 /home/alejandro/play-work/playgroup-admin---laravel/vendor/laravel/framework/src/Illuminate/Foundation/Http/Middleware/TransformsRequest.php(21): Illuminate\\Pipeline\\Pipeline->Illuminate\\Pipeline\\{closure}()
#16 /home/alejandro/play-work/playgroup-admin---laravel/vendor/laravel/framework/src/Illuminate/Pipeline/Pipeline.php(171): Illuminate\\Foundation\\Http\\Middleware\\TransformsRequest->handle()
#17 /home/alejandro/play-work/playgroup-admin---laravel/vendor/laravel/framework/src/Illuminate/Foundation/Http/Middleware/TransformsRequest.php(21): Illuminate\\Pipeline\\Pipeline->Illuminate\\Pipeline\\{closure}()
#18 /home/alejandro/play-work/playgroup-admin---laravel/vendor/laravel/framework/src/Illuminate/Pipeline/Pipeline.php(171): Illuminate\\Foundation\\Http\\Middleware\\TransformsRequest->handle()
#19 /home/alejandro/play-work/playgroup-admin---laravel/vendor/laravel/framework/src/Illuminate/Foundation/Http/Middleware/ValidatePostSize.php(27): Illuminate\\Pipeline\\Pipeline->Illuminate\\Pipeline\\{closure}()
#20 /home/alejandro/play-work/playgroup-admin---laravel/vendor/laravel/framework/src/Illuminate/Pipeline/Pipeline.php(171): Illuminate\\Foundation\\Http\\Middleware\\ValidatePostSize->handle()
#21 /home/alejandro/play-work/playgroup-admin---laravel/vendor/laravel/framework/src/Illuminate/Foundation/Http/Middleware/CheckForMaintenanceMode.php(63): Illuminate\\Pipeline\\Pipeline->Illuminate\\Pipeline\\{closure}()
#22 /home/alejandro/play-work/playgroup-admin---laravel/vendor/laravel/framework/src/Illuminate/Pipeline/Pipeline.php(171): Illuminate\\Foundation\\Http\\Middleware\\CheckForMaintenanceMode->handle()
#23 /home/alejandro/play-work/playgroup-admin---laravel/vendor/fideloper/proxy/src/TrustProxies.php(57): Illuminate\\Pipeline\\Pipeline->Illuminate\\Pipeline\\{closure}()
#24 /home/alejandro/play-work/playgroup-admin---laravel/vendor/laravel/framework/src/Illuminate/Pipeline/Pipeline.php(171): Fideloper\\Proxy\\TrustProxies->handle()
#25 /home/alejandro/play-work/playgroup-admin---laravel/vendor/laravel/framework/src/Illuminate/Pipeline/Pipeline.php(105): Illuminate\\Pipeline\\Pipeline->Illuminate\\Pipeline\\{closure}()
#26 /home/alejandro/play-work/playgroup-admin---laravel/vendor/laravel/framework/src/Illuminate/Foundation/Http/Kernel.php(145): Illuminate\\Pipeline\\Pipeline->then()
#27 /home/alejandro/play-work/playgroup-admin---laravel/vendor/laravel/framework/src/Illuminate/Foundation/Http/Kernel.php(110): Illuminate\\Foundation\\Http\\Kernel->sendRequestThroughRouter()
#28 /home/alejandro/play-work/playgroup-admin---laravel/public/index.php(55): Illuminate\\Foundation\\Http\\Kernel->handle()
#29 /home/alejandro/play-work/playgroup-admin---laravel/server.php(21): require_once('/home/alejandro...')
#30 {main}
"} 
[2025-05-20 15:10:45] local.ERROR: Call to a member function unsetRelation() on null {"exception":"[object] (Symfony\\Component\\Debug\\Exception\\FatalThrowableError(code: 0): Call to a member function unsetRelation() on null at /home/alejandro/play-work/playgroup-admin---laravel/app/Http/Controllers/Api/PageController.php:46)
[stacktrace]
#0 /home/alejandro/play-work/playgroup-admin---laravel/vendor/laravel/framework/src/Illuminate/Routing/Controller.php(54): App\\Http\\Controllers\\Api\\PageController->getPodcasts()
#1 /home/alejandro/play-work/playgroup-admin---laravel/vendor/laravel/framework/src/Illuminate/Routing/ControllerDispatcher.php(45): Illuminate\\Routing\\Controller->callAction()
#2 /home/alejandro/play-work/playgroup-admin---laravel/vendor/laravel/framework/src/Illuminate/Routing/Route.php(219): Illuminate\\Routing\\ControllerDispatcher->dispatch()
#3 /home/alejandro/play-work/playgroup-admin---laravel/vendor/laravel/framework/src/Illuminate/Routing/Route.php(176): Illuminate\\Routing\\Route->runController()
#4 /home/alejandro/play-work/playgroup-admin---laravel/vendor/laravel/framework/src/Illuminate/Routing/Router.php(681): Illuminate\\Routing\\Route->run()
#5 /home/alejandro/play-work/playgroup-admin---laravel/vendor/laravel/framework/src/Illuminate/Pipeline/Pipeline.php(130): Illuminate\\Routing\\Router->Illuminate\\Routing\\{closure}()
#6 /home/alejandro/play-work/playgroup-admin---laravel/vendor/laravel/framework/src/Illuminate/Routing/Middleware/SubstituteBindings.php(41): Illuminate\\Pipeline\\Pipeline->Illuminate\\Pipeline\\{closure}()
#7 /home/alejandro/play-work/playgroup-admin---laravel/vendor/laravel/framework/src/Illuminate/Pipeline/Pipeline.php(171): Illuminate\\Routing\\Middleware\\SubstituteBindings->handle()
#8 /home/alejandro/play-work/playgroup-admin---laravel/vendor/laravel/framework/src/Illuminate/Pipeline/Pipeline.php(105): Illuminate\\Pipeline\\Pipeline->Illuminate\\Pipeline\\{closure}()
#9 /home/alejandro/play-work/playgroup-admin---laravel/vendor/laravel/framework/src/Illuminate/Routing/Router.php(683): Illuminate\\Pipeline\\Pipeline->then()
#10 /home/alejandro/play-work/playgroup-admin---laravel/vendor/laravel/framework/src/Illuminate/Routing/Router.php(658): Illuminate\\Routing\\Router->runRouteWithinStack()
#11 /home/alejandro/play-work/playgroup-admin---laravel/vendor/laravel/framework/src/Illuminate/Routing/Router.php(624): Illuminate\\Routing\\Router->runRoute()
#12 /home/alejandro/play-work/playgroup-admin---laravel/vendor/laravel/framework/src/Illuminate/Routing/Router.php(613): Illuminate\\Routing\\Router->dispatchToRoute()
#13 /home/alejandro/play-work/playgroup-admin---laravel/vendor/laravel/framework/src/Illuminate/Foundation/Http/Kernel.php(170): Illuminate\\Routing\\Router->dispatch()
#14 /home/alejandro/play-work/playgroup-admin---laravel/vendor/laravel/framework/src/Illuminate/Pipeline/Pipeline.php(130): Illuminate\\Foundation\\Http\\Kernel->Illuminate\\Foundation\\Http\\{closure}()
#15 /home/alejandro/play-work/playgroup-admin---laravel/vendor/laravel/framework/src/Illuminate/Foundation/Http/Middleware/TransformsRequest.php(21): Illuminate\\Pipeline\\Pipeline->Illuminate\\Pipeline\\{closure}()
#16 /home/alejandro/play-work/playgroup-admin---laravel/vendor/laravel/framework/src/Illuminate/Pipeline/Pipeline.php(171): Illuminate\\Foundation\\Http\\Middleware\\TransformsRequest->handle()
#17 /home/alejandro/play-work/playgroup-admin---laravel/vendor/laravel/framework/src/Illuminate/Foundation/Http/Middleware/TransformsRequest.php(21): Illuminate\\Pipeline\\Pipeline->Illuminate\\Pipeline\\{closure}()
#18 /home/alejandro/play-work/playgroup-admin---laravel/vendor/laravel/framework/src/Illuminate/Pipeline/Pipeline.php(171): Illuminate\\Foundation\\Http\\Middleware\\TransformsRequest->handle()
#19 /home/alejandro/play-work/playgroup-admin---laravel/vendor/laravel/framework/src/Illuminate/Foundation/Http/Middleware/ValidatePostSize.php(27): Illuminate\\Pipeline\\Pipeline->Illuminate\\Pipeline\\{closure}()
#20 /home/alejandro/play-work/playgroup-admin---laravel/vendor/laravel/framework/src/Illuminate/Pipeline/Pipeline.php(171): Illuminate\\Foundation\\Http\\Middleware\\ValidatePostSize->handle()
#21 /home/alejandro/play-work/playgroup-admin---laravel/vendor/laravel/framework/src/Illuminate/Foundation/Http/Middleware/CheckForMaintenanceMode.php(63): Illuminate\\Pipeline\\Pipeline->Illuminate\\Pipeline\\{closure}()
#22 /home/alejandro/play-work/playgroup-admin---laravel/vendor/laravel/framework/src/Illuminate/Pipeline/Pipeline.php(171): Illuminate\\Foundation\\Http\\Middleware\\CheckForMaintenanceMode->handle()
#23 /home/alejandro/play-work/playgroup-admin---laravel/vendor/fideloper/proxy/src/TrustProxies.php(57): Illuminate\\Pipeline\\Pipeline->Illuminate\\Pipeline\\{closure}()
#24 /home/alejandro/play-work/playgroup-admin---laravel/vendor/laravel/framework/src/Illuminate/Pipeline/Pipeline.php(171): Fideloper\\Proxy\\TrustProxies->handle()
#25 /home/alejandro/play-work/playgroup-admin---laravel/vendor/laravel/framework/src/Illuminate/Pipeline/Pipeline.php(105): Illuminate\\Pipeline\\Pipeline->Illuminate\\Pipeline\\{closure}()
#26 /home/alejandro/play-work/playgroup-admin---laravel/vendor/laravel/framework/src/Illuminate/Foundation/Http/Kernel.php(145): Illuminate\\Pipeline\\Pipeline->then()
#27 /home/alejandro/play-work/playgroup-admin---laravel/vendor/laravel/framework/src/Illuminate/Foundation/Http/Kernel.php(110): Illuminate\\Foundation\\Http\\Kernel->sendRequestThroughRouter()
#28 /home/alejandro/play-work/playgroup-admin---laravel/public/index.php(55): Illuminate\\Foundation\\Http\\Kernel->handle()
#29 /home/alejandro/play-work/playgroup-admin---laravel/server.php(21): require_once('/home/alejandro...')
#30 {main}
"} 
[2025-05-20 15:15:42] local.ERROR: SQLSTATE[42S22]: Column not found: 1054 Unknown column 'position' in 'field list' (SQL: select `name`, `image`, `position`, `category` from `awards` order by `index` asc) {"exception":"[object] (Illuminate\\Database\\QueryException(code: 42S22): SQLSTATE[42S22]: Column not found: 1054 Unknown column 'position' in 'field list' (SQL: select `name`, `image`, `position`, `category` from `awards` order by `index` asc) at /home/alejandro/play-work/playgroup-admin---laravel/vendor/laravel/framework/src/Illuminate/Database/Connection.php:669)
[stacktrace]
#0 /home/alejandro/play-work/playgroup-admin---laravel/vendor/laravel/framework/src/Illuminate/Database/Connection.php(629): Illuminate\\Database\\Connection->runQueryCallback()
#1 /home/alejandro/play-work/playgroup-admin---laravel/vendor/laravel/framework/src/Illuminate/Database/Connection.php(338): Illuminate\\Database\\Connection->run()
#2 /home/alejandro/play-work/playgroup-admin---laravel/vendor/laravel/framework/src/Illuminate/Database/Query/Builder.php(2159): Illuminate\\Database\\Connection->select()
#3 /home/alejandro/play-work/playgroup-admin---laravel/vendor/laravel/framework/src/Illuminate/Database/Query/Builder.php(2147): Illuminate\\Database\\Query\\Builder->runSelect()
#4 /home/alejandro/play-work/playgroup-admin---laravel/vendor/laravel/framework/src/Illuminate/Database/Query/Builder.php(2619): Illuminate\\Database\\Query\\Builder->Illuminate\\Database\\Query\\{closure}()
#5 /home/alejandro/play-work/playgroup-admin---laravel/vendor/laravel/framework/src/Illuminate/Database/Query/Builder.php(2148): Illuminate\\Database\\Query\\Builder->onceWithColumns()
#6 /home/alejandro/play-work/playgroup-admin---laravel/vendor/laravel/framework/src/Illuminate/Database/Eloquent/Builder.php(546): Illuminate\\Database\\Query\\Builder->get()
#7 /home/alejandro/play-work/playgroup-admin---laravel/vendor/laravel/framework/src/Illuminate/Database/Eloquent/Builder.php(530): Illuminate\\Database\\Eloquent\\Builder->getModels()
#8 /home/alejandro/play-work/playgroup-admin---laravel/app/Http/Controllers/Api/PageController.php(78): Illuminate\\Database\\Eloquent\\Builder->get()
#9 /home/alejandro/play-work/playgroup-admin---laravel/vendor/laravel/framework/src/Illuminate/Routing/Controller.php(54): App\\Http\\Controllers\\Api\\PageController->home()
#10 /home/alejandro/play-work/playgroup-admin---laravel/vendor/laravel/framework/src/Illuminate/Routing/ControllerDispatcher.php(45): Illuminate\\Routing\\Controller->callAction()
#11 /home/alejandro/play-work/playgroup-admin---laravel/vendor/laravel/framework/src/Illuminate/Routing/Route.php(219): Illuminate\\Routing\\ControllerDispatcher->dispatch()
#12 /home/alejandro/play-work/playgroup-admin---laravel/vendor/laravel/framework/src/Illuminate/Routing/Route.php(176): Illuminate\\Routing\\Route->runController()
#13 /home/alejandro/play-work/playgroup-admin---laravel/vendor/laravel/framework/src/Illuminate/Routing/Router.php(681): Illuminate\\Routing\\Route->run()
#14 /home/alejandro/play-work/playgroup-admin---laravel/vendor/laravel/framework/src/Illuminate/Pipeline/Pipeline.php(130): Illuminate\\Routing\\Router->Illuminate\\Routing\\{closure}()
#15 /home/alejandro/play-work/playgroup-admin---laravel/vendor/laravel/framework/src/Illuminate/Routing/Middleware/SubstituteBindings.php(41): Illuminate\\Pipeline\\Pipeline->Illuminate\\Pipeline\\{closure}()
#16 /home/alejandro/play-work/playgroup-admin---laravel/vendor/laravel/framework/src/Illuminate/Pipeline/Pipeline.php(171): Illuminate\\Routing\\Middleware\\SubstituteBindings->handle()
#17 /home/alejandro/play-work/playgroup-admin---laravel/vendor/laravel/framework/src/Illuminate/Pipeline/Pipeline.php(105): Illuminate\\Pipeline\\Pipeline->Illuminate\\Pipeline\\{closure}()
#18 /home/alejandro/play-work/playgroup-admin---laravel/vendor/laravel/framework/src/Illuminate/Routing/Router.php(683): Illuminate\\Pipeline\\Pipeline->then()
#19 /home/alejandro/play-work/playgroup-admin---laravel/vendor/laravel/framework/src/Illuminate/Routing/Router.php(658): Illuminate\\Routing\\Router->runRouteWithinStack()
#20 /home/alejandro/play-work/playgroup-admin---laravel/vendor/laravel/framework/src/Illuminate/Routing/Router.php(624): Illuminate\\Routing\\Router->runRoute()
#21 /home/alejandro/play-work/playgroup-admin---laravel/vendor/laravel/framework/src/Illuminate/Routing/Router.php(613): Illuminate\\Routing\\Router->dispatchToRoute()
#22 /home/alejandro/play-work/playgroup-admin---laravel/vendor/laravel/framework/src/Illuminate/Foundation/Http/Kernel.php(170): Illuminate\\Routing\\Router->dispatch()
#23 /home/alejandro/play-work/playgroup-admin---laravel/vendor/laravel/framework/src/Illuminate/Pipeline/Pipeline.php(130): Illuminate\\Foundation\\Http\\Kernel->Illuminate\\Foundation\\Http\\{closure}()
#24 /home/alejandro/play-work/playgroup-admin---laravel/vendor/laravel/framework/src/Illuminate/Foundation/Http/Middleware/TransformsRequest.php(21): Illuminate\\Pipeline\\Pipeline->Illuminate\\Pipeline\\{closure}()
#25 /home/alejandro/play-work/playgroup-admin---laravel/vendor/laravel/framework/src/Illuminate/Pipeline/Pipeline.php(171): Illuminate\\Foundation\\Http\\Middleware\\TransformsRequest->handle()
#26 /home/alejandro/play-work/playgroup-admin---laravel/vendor/laravel/framework/src/Illuminate/Foundation/Http/Middleware/TransformsRequest.php(21): Illuminate\\Pipeline\\Pipeline->Illuminate\\Pipeline\\{closure}()
#27 /home/alejandro/play-work/playgroup-admin---laravel/vendor/laravel/framework/src/Illuminate/Pipeline/Pipeline.php(171): Illuminate\\Foundation\\Http\\Middleware\\TransformsRequest->handle()
#28 /home/alejandro/play-work/playgroup-admin---laravel/vendor/laravel/framework/src/Illuminate/Foundation/Http/Middleware/ValidatePostSize.php(27): Illuminate\\Pipeline\\Pipeline->Illuminate\\Pipeline\\{closure}()
#29 /home/alejandro/play-work/playgroup-admin---laravel/vendor/laravel/framework/src/Illuminate/Pipeline/Pipeline.php(171): Illuminate\\Foundation\\Http\\Middleware\\ValidatePostSize->handle()
#30 /home/alejandro/play-work/playgroup-admin---laravel/vendor/laravel/framework/src/Illuminate/Foundation/Http/Middleware/CheckForMaintenanceMode.php(63): Illuminate\\Pipeline\\Pipeline->Illuminate\\Pipeline\\{closure}()
#31 /home/alejandro/play-work/playgroup-admin---laravel/vendor/laravel/framework/src/Illuminate/Pipeline/Pipeline.php(171): Illuminate\\Foundation\\Http\\Middleware\\CheckForMaintenanceMode->handle()
#32 /home/alejandro/play-work/playgroup-admin---laravel/vendor/fideloper/proxy/src/TrustProxies.php(57): Illuminate\\Pipeline\\Pipeline->Illuminate\\Pipeline\\{closure}()
#33 /home/alejandro/play-work/playgroup-admin---laravel/vendor/laravel/framework/src/Illuminate/Pipeline/Pipeline.php(171): Fideloper\\Proxy\\TrustProxies->handle()
#34 /home/alejandro/play-work/playgroup-admin---laravel/vendor/laravel/framework/src/Illuminate/Pipeline/Pipeline.php(105): Illuminate\\Pipeline\\Pipeline->Illuminate\\Pipeline\\{closure}()
#35 /home/alejandro/play-work/playgroup-admin---laravel/vendor/laravel/framework/src/Illuminate/Foundation/Http/Kernel.php(145): Illuminate\\Pipeline\\Pipeline->then()
#36 /home/alejandro/play-work/playgroup-admin---laravel/vendor/laravel/framework/src/Illuminate/Foundation/Http/Kernel.php(110): Illuminate\\Foundation\\Http\\Kernel->sendRequestThroughRouter()
#37 /home/alejandro/play-work/playgroup-admin---laravel/public/index.php(55): Illuminate\\Foundation\\Http\\Kernel->handle()
#38 /home/alejandro/play-work/playgroup-admin---laravel/server.php(21): require_once('/home/alejandro...')
#39 {main}

[previous exception] [object] (Doctrine\\DBAL\\Driver\\PDO\\Exception(code: 42S22): SQLSTATE[42S22]: Column not found: 1054 Unknown column 'position' in 'field list' at /home/alejandro/play-work/playgroup-admin---laravel/vendor/doctrine/dbal/lib/Doctrine/DBAL/Driver/PDO/Exception.php:18)
[stacktrace]
#0 /home/alejandro/play-work/playgroup-admin---laravel/vendor/doctrine/dbal/lib/Doctrine/DBAL/Driver/PDOConnection.php(87): Doctrine\\DBAL\\Driver\\PDO\\Exception::new()
#1 /home/alejandro/play-work/playgroup-admin---laravel/vendor/laravel/framework/src/Illuminate/Database/Connection.php(331): Doctrine\\DBAL\\Driver\\PDOConnection->prepare()
#2 /home/alejandro/play-work/playgroup-admin---laravel/vendor/laravel/framework/src/Illuminate/Database/Connection.php(662): Illuminate\\Database\\Connection->Illuminate\\Database\\{closure}()
#3 /home/alejandro/play-work/playgroup-admin---laravel/vendor/laravel/framework/src/Illuminate/Database/Connection.php(629): Illuminate\\Database\\Connection->runQueryCallback()
#4 /home/alejandro/play-work/playgroup-admin---laravel/vendor/laravel/framework/src/Illuminate/Database/Connection.php(338): Illuminate\\Database\\Connection->run()
#5 /home/alejandro/play-work/playgroup-admin---laravel/vendor/laravel/framework/src/Illuminate/Database/Query/Builder.php(2159): Illuminate\\Database\\Connection->select()
#6 /home/alejandro/play-work/playgroup-admin---laravel/vendor/laravel/framework/src/Illuminate/Database/Query/Builder.php(2147): Illuminate\\Database\\Query\\Builder->runSelect()
#7 /home/alejandro/play-work/playgroup-admin---laravel/vendor/laravel/framework/src/Illuminate/Database/Query/Builder.php(2619): Illuminate\\Database\\Query\\Builder->Illuminate\\Database\\Query\\{closure}()
#8 /home/alejandro/play-work/playgroup-admin---laravel/vendor/laravel/framework/src/Illuminate/Database/Query/Builder.php(2148): Illuminate\\Database\\Query\\Builder->onceWithColumns()
#9 /home/alejandro/play-work/playgroup-admin---laravel/vendor/laravel/framework/src/Illuminate/Database/Eloquent/Builder.php(546): Illuminate\\Database\\Query\\Builder->get()
#10 /home/alejandro/play-work/playgroup-admin---laravel/vendor/laravel/framework/src/Illuminate/Database/Eloquent/Builder.php(530): Illuminate\\Database\\Eloquent\\Builder->getModels()
#11 /home/alejandro/play-work/playgroup-admin---laravel/app/Http/Controllers/Api/PageController.php(78): Illuminate\\Database\\Eloquent\\Builder->get()
#12 /home/alejandro/play-work/playgroup-admin---laravel/vendor/laravel/framework/src/Illuminate/Routing/Controller.php(54): App\\Http\\Controllers\\Api\\PageController->home()
#13 /home/alejandro/play-work/playgroup-admin---laravel/vendor/laravel/framework/src/Illuminate/Routing/ControllerDispatcher.php(45): Illuminate\\Routing\\Controller->callAction()
#14 /home/alejandro/play-work/playgroup-admin---laravel/vendor/laravel/framework/src/Illuminate/Routing/Route.php(219): Illuminate\\Routing\\ControllerDispatcher->dispatch()
#15 /home/alejandro/play-work/playgroup-admin---laravel/vendor/laravel/framework/src/Illuminate/Routing/Route.php(176): Illuminate\\Routing\\Route->runController()
#16 /home/alejandro/play-work/playgroup-admin---laravel/vendor/laravel/framework/src/Illuminate/Routing/Router.php(681): Illuminate\\Routing\\Route->run()
#17 /home/alejandro/play-work/playgroup-admin---laravel/vendor/laravel/framework/src/Illuminate/Pipeline/Pipeline.php(130): Illuminate\\Routing\\Router->Illuminate\\Routing\\{closure}()
#18 /home/alejandro/play-work/playgroup-admin---laravel/vendor/laravel/framework/src/Illuminate/Routing/Middleware/SubstituteBindings.php(41): Illuminate\\Pipeline\\Pipeline->Illuminate\\Pipeline\\{closure}()
#19 /home/alejandro/play-work/playgroup-admin---laravel/vendor/laravel/framework/src/Illuminate/Pipeline/Pipeline.php(171): Illuminate\\Routing\\Middleware\\SubstituteBindings->handle()
#20 /home/alejandro/play-work/playgroup-admin---laravel/vendor/laravel/framework/src/Illuminate/Pipeline/Pipeline.php(105): Illuminate\\Pipeline\\Pipeline->Illuminate\\Pipeline\\{closure}()
#21 /home/alejandro/play-work/playgroup-admin---laravel/vendor/laravel/framework/src/Illuminate/Routing/Router.php(683): Illuminate\\Pipeline\\Pipeline->then()
#22 /home/alejandro/play-work/playgroup-admin---laravel/vendor/laravel/framework/src/Illuminate/Routing/Router.php(658): Illuminate\\Routing\\Router->runRouteWithinStack()
#23 /home/alejandro/play-work/playgroup-admin---laravel/vendor/laravel/framework/src/Illuminate/Routing/Router.php(624): Illuminate\\Routing\\Router->runRoute()
#24 /home/alejandro/play-work/playgroup-admin---laravel/vendor/laravel/framework/src/Illuminate/Routing/Router.php(613): Illuminate\\Routing\\Router->dispatchToRoute()
#25 /home/alejandro/play-work/playgroup-admin---laravel/vendor/laravel/framework/src/Illuminate/Foundation/Http/Kernel.php(170): Illuminate\\Routing\\Router->dispatch()
#26 /home/alejandro/play-work/playgroup-admin---laravel/vendor/laravel/framework/src/Illuminate/Pipeline/Pipeline.php(130): Illuminate\\Foundation\\Http\\Kernel->Illuminate\\Foundation\\Http\\{closure}()
#27 /home/alejandro/play-work/playgroup-admin---laravel/vendor/laravel/framework/src/Illuminate/Foundation/Http/Middleware/TransformsRequest.php(21): Illuminate\\Pipeline\\Pipeline->Illuminate\\Pipeline\\{closure}()
#28 /home/alejandro/play-work/playgroup-admin---laravel/vendor/laravel/framework/src/Illuminate/Pipeline/Pipeline.php(171): Illuminate\\Foundation\\Http\\Middleware\\TransformsRequest->handle()
#29 /home/alejandro/play-work/playgroup-admin---laravel/vendor/laravel/framework/src/Illuminate/Foundation/Http/Middleware/TransformsRequest.php(21): Illuminate\\Pipeline\\Pipeline->Illuminate\\Pipeline\\{closure}()
#30 /home/alejandro/play-work/playgroup-admin---laravel/vendor/laravel/framework/src/Illuminate/Pipeline/Pipeline.php(171): Illuminate\\Foundation\\Http\\Middleware\\TransformsRequest->handle()
#31 /home/alejandro/play-work/playgroup-admin---laravel/vendor/laravel/framework/src/Illuminate/Foundation/Http/Middleware/ValidatePostSize.php(27): Illuminate\\Pipeline\\Pipeline->Illuminate\\Pipeline\\{closure}()
#32 /home/alejandro/play-work/playgroup-admin---laravel/vendor/laravel/framework/src/Illuminate/Pipeline/Pipeline.php(171): Illuminate\\Foundation\\Http\\Middleware\\ValidatePostSize->handle()
#33 /home/alejandro/play-work/playgroup-admin---laravel/vendor/laravel/framework/src/Illuminate/Foundation/Http/Middleware/CheckForMaintenanceMode.php(63): Illuminate\\Pipeline\\Pipeline->Illuminate\\Pipeline\\{closure}()
#34 /home/alejandro/play-work/playgroup-admin---laravel/vendor/laravel/framework/src/Illuminate/Pipeline/Pipeline.php(171): Illuminate\\Foundation\\Http\\Middleware\\CheckForMaintenanceMode->handle()
#35 /home/alejandro/play-work/playgroup-admin---laravel/vendor/fideloper/proxy/src/TrustProxies.php(57): Illuminate\\Pipeline\\Pipeline->Illuminate\\Pipeline\\{closure}()
#36 /home/alejandro/play-work/playgroup-admin---laravel/vendor/laravel/framework/src/Illuminate/Pipeline/Pipeline.php(171): Fideloper\\Proxy\\TrustProxies->handle()
#37 /home/alejandro/play-work/playgroup-admin---laravel/vendor/laravel/framework/src/Illuminate/Pipeline/Pipeline.php(105): Illuminate\\Pipeline\\Pipeline->Illuminate\\Pipeline\\{closure}()
#38 /home/alejandro/play-work/playgroup-admin---laravel/vendor/laravel/framework/src/Illuminate/Foundation/Http/Kernel.php(145): Illuminate\\Pipeline\\Pipeline->then()
#39 /home/alejandro/play-work/playgroup-admin---laravel/vendor/laravel/framework/src/Illuminate/Foundation/Http/Kernel.php(110): Illuminate\\Foundation\\Http\\Kernel->sendRequestThroughRouter()
#40 /home/alejandro/play-work/playgroup-admin---laravel/public/index.php(55): Illuminate\\Foundation\\Http\\Kernel->handle()
#41 /home/alejandro/play-work/playgroup-admin---laravel/server.php(21): require_once('/home/alejandro...')
#42 {main}

[previous exception] [object] (PDOException(code: 42S22): SQLSTATE[42S22]: Column not found: 1054 Unknown column 'position' in 'field list' at /home/alejandro/play-work/playgroup-admin---laravel/vendor/doctrine/dbal/lib/Doctrine/DBAL/Driver/PDOConnection.php:82)
[stacktrace]
#0 /home/alejandro/play-work/playgroup-admin---laravel/vendor/doctrine/dbal/lib/Doctrine/DBAL/Driver/PDOConnection.php(82): PDO->prepare()
#1 /home/alejandro/play-work/playgroup-admin---laravel/vendor/laravel/framework/src/Illuminate/Database/Connection.php(331): Doctrine\\DBAL\\Driver\\PDOConnection->prepare()
#2 /home/alejandro/play-work/playgroup-admin---laravel/vendor/laravel/framework/src/Illuminate/Database/Connection.php(662): Illuminate\\Database\\Connection->Illuminate\\Database\\{closure}()
#3 /home/alejandro/play-work/playgroup-admin---laravel/vendor/laravel/framework/src/Illuminate/Database/Connection.php(629): Illuminate\\Database\\Connection->runQueryCallback()
#4 /home/alejandro/play-work/playgroup-admin---laravel/vendor/laravel/framework/src/Illuminate/Database/Connection.php(338): Illuminate\\Database\\Connection->run()
#5 /home/alejandro/play-work/playgroup-admin---laravel/vendor/laravel/framework/src/Illuminate/Database/Query/Builder.php(2159): Illuminate\\Database\\Connection->select()
#6 /home/alejandro/play-work/playgroup-admin---laravel/vendor/laravel/framework/src/Illuminate/Database/Query/Builder.php(2147): Illuminate\\Database\\Query\\Builder->runSelect()
#7 /home/alejandro/play-work/playgroup-admin---laravel/vendor/laravel/framework/src/Illuminate/Database/Query/Builder.php(2619): Illuminate\\Database\\Query\\Builder->Illuminate\\Database\\Query\\{closure}()
#8 /home/alejandro/play-work/playgroup-admin---laravel/vendor/laravel/framework/src/Illuminate/Database/Query/Builder.php(2148): Illuminate\\Database\\Query\\Builder->onceWithColumns()
#9 /home/alejandro/play-work/playgroup-admin---laravel/vendor/laravel/framework/src/Illuminate/Database/Eloquent/Builder.php(546): Illuminate\\Database\\Query\\Builder->get()
#10 /home/alejandro/play-work/playgroup-admin---laravel/vendor/laravel/framework/src/Illuminate/Database/Eloquent/Builder.php(530): Illuminate\\Database\\Eloquent\\Builder->getModels()
#11 /home/alejandro/play-work/playgroup-admin---laravel/app/Http/Controllers/Api/PageController.php(78): Illuminate\\Database\\Eloquent\\Builder->get()
#12 /home/alejandro/play-work/playgroup-admin---laravel/vendor/laravel/framework/src/Illuminate/Routing/Controller.php(54): App\\Http\\Controllers\\Api\\PageController->home()
#13 /home/alejandro/play-work/playgroup-admin---laravel/vendor/laravel/framework/src/Illuminate/Routing/ControllerDispatcher.php(45): Illuminate\\Routing\\Controller->callAction()
#14 /home/alejandro/play-work/playgroup-admin---laravel/vendor/laravel/framework/src/Illuminate/Routing/Route.php(219): Illuminate\\Routing\\ControllerDispatcher->dispatch()
#15 /home/alejandro/play-work/playgroup-admin---laravel/vendor/laravel/framework/src/Illuminate/Routing/Route.php(176): Illuminate\\Routing\\Route->runController()
#16 /home/alejandro/play-work/playgroup-admin---laravel/vendor/laravel/framework/src/Illuminate/Routing/Router.php(681): Illuminate\\Routing\\Route->run()
#17 /home/alejandro/play-work/playgroup-admin---laravel/vendor/laravel/framework/src/Illuminate/Pipeline/Pipeline.php(130): Illuminate\\Routing\\Router->Illuminate\\Routing\\{closure}()
#18 /home/alejandro/play-work/playgroup-admin---laravel/vendor/laravel/framework/src/Illuminate/Routing/Middleware/SubstituteBindings.php(41): Illuminate\\Pipeline\\Pipeline->Illuminate\\Pipeline\\{closure}()
#19 /home/alejandro/play-work/playgroup-admin---laravel/vendor/laravel/framework/src/Illuminate/Pipeline/Pipeline.php(171): Illuminate\\Routing\\Middleware\\SubstituteBindings->handle()
#20 /home/alejandro/play-work/playgroup-admin---laravel/vendor/laravel/framework/src/Illuminate/Pipeline/Pipeline.php(105): Illuminate\\Pipeline\\Pipeline->Illuminate\\Pipeline\\{closure}()
#21 /home/alejandro/play-work/playgroup-admin---laravel/vendor/laravel/framework/src/Illuminate/Routing/Router.php(683): Illuminate\\Pipeline\\Pipeline->then()
#22 /home/alejandro/play-work/playgroup-admin---laravel/vendor/laravel/framework/src/Illuminate/Routing/Router.php(658): Illuminate\\Routing\\Router->runRouteWithinStack()
#23 /home/alejandro/play-work/playgroup-admin---laravel/vendor/laravel/framework/src/Illuminate/Routing/Router.php(624): Illuminate\\Routing\\Router->runRoute()
#24 /home/alejandro/play-work/playgroup-admin---laravel/vendor/laravel/framework/src/Illuminate/Routing/Router.php(613): Illuminate\\Routing\\Router->dispatchToRoute()
#25 /home/alejandro/play-work/playgroup-admin---laravel/vendor/laravel/framework/src/Illuminate/Foundation/Http/Kernel.php(170): Illuminate\\Routing\\Router->dispatch()
#26 /home/alejandro/play-work/playgroup-admin---laravel/vendor/laravel/framework/src/Illuminate/Pipeline/Pipeline.php(130): Illuminate\\Foundation\\Http\\Kernel->Illuminate\\Foundation\\Http\\{closure}()
#27 /home/alejandro/play-work/playgroup-admin---laravel/vendor/laravel/framework/src/Illuminate/Foundation/Http/Middleware/TransformsRequest.php(21): Illuminate\\Pipeline\\Pipeline->Illuminate\\Pipeline\\{closure}()
#28 /home/alejandro/play-work/playgroup-admin---laravel/vendor/laravel/framework/src/Illuminate/Pipeline/Pipeline.php(171): Illuminate\\Foundation\\Http\\Middleware\\TransformsRequest->handle()
#29 /home/alejandro/play-work/playgroup-admin---laravel/vendor/laravel/framework/src/Illuminate/Foundation/Http/Middleware/TransformsRequest.php(21): Illuminate\\Pipeline\\Pipeline->Illuminate\\Pipeline\\{closure}()
#30 /home/alejandro/play-work/playgroup-admin---laravel/vendor/laravel/framework/src/Illuminate/Pipeline/Pipeline.php(171): Illuminate\\Foundation\\Http\\Middleware\\TransformsRequest->handle()
#31 /home/alejandro/play-work/playgroup-admin---laravel/vendor/laravel/framework/src/Illuminate/Foundation/Http/Middleware/ValidatePostSize.php(27): Illuminate\\Pipeline\\Pipeline->Illuminate\\Pipeline\\{closure}()
#32 /home/alejandro/play-work/playgroup-admin---laravel/vendor/laravel/framework/src/Illuminate/Pipeline/Pipeline.php(171): Illuminate\\Foundation\\Http\\Middleware\\ValidatePostSize->handle()
#33 /home/alejandro/play-work/playgroup-admin---laravel/vendor/laravel/framework/src/Illuminate/Foundation/Http/Middleware/CheckForMaintenanceMode.php(63): Illuminate\\Pipeline\\Pipeline->Illuminate\\Pipeline\\{closure}()
#34 /home/alejandro/play-work/playgroup-admin---laravel/vendor/laravel/framework/src/Illuminate/Pipeline/Pipeline.php(171): Illuminate\\Foundation\\Http\\Middleware\\CheckForMaintenanceMode->handle()
#35 /home/alejandro/play-work/playgroup-admin---laravel/vendor/fideloper/proxy/src/TrustProxies.php(57): Illuminate\\Pipeline\\Pipeline->Illuminate\\Pipeline\\{closure}()
#36 /home/alejandro/play-work/playgroup-admin---laravel/vendor/laravel/framework/src/Illuminate/Pipeline/Pipeline.php(171): Fideloper\\Proxy\\TrustProxies->handle()
#37 /home/alejandro/play-work/playgroup-admin---laravel/vendor/laravel/framework/src/Illuminate/Pipeline/Pipeline.php(105): Illuminate\\Pipeline\\Pipeline->Illuminate\\Pipeline\\{closure}()
#38 /home/alejandro/play-work/playgroup-admin---laravel/vendor/laravel/framework/src/Illuminate/Foundation/Http/Kernel.php(145): Illuminate\\Pipeline\\Pipeline->then()
#39 /home/alejandro/play-work/playgroup-admin---laravel/vendor/laravel/framework/src/Illuminate/Foundation/Http/Kernel.php(110): Illuminate\\Foundation\\Http\\Kernel->sendRequestThroughRouter()
#40 /home/alejandro/play-work/playgroup-admin---laravel/public/index.php(55): Illuminate\\Foundation\\Http\\Kernel->handle()
#41 /home/alejandro/play-work/playgroup-admin---laravel/server.php(21): require_once('/home/alejandro...')
#42 {main}
"} 
[2025-05-20 15:15:42] local.ERROR: SQLSTATE[42S22]: Column not found: 1054 Unknown column 'position' in 'field list' (SQL: select `name`, `image`, `position`, `category` from `awards` order by `index` asc) {"exception":"[object] (Illuminate\\Database\\QueryException(code: 42S22): SQLSTATE[42S22]: Column not found: 1054 Unknown column 'position' in 'field list' (SQL: select `name`, `image`, `position`, `category` from `awards` order by `index` asc) at /home/alejandro/play-work/playgroup-admin---laravel/vendor/laravel/framework/src/Illuminate/Database/Connection.php:669)
[stacktrace]
#0 /home/alejandro/play-work/playgroup-admin---laravel/vendor/laravel/framework/src/Illuminate/Database/Connection.php(629): Illuminate\\Database\\Connection->runQueryCallback()
#1 /home/alejandro/play-work/playgroup-admin---laravel/vendor/laravel/framework/src/Illuminate/Database/Connection.php(338): Illuminate\\Database\\Connection->run()
#2 /home/alejandro/play-work/playgroup-admin---laravel/vendor/laravel/framework/src/Illuminate/Database/Query/Builder.php(2159): Illuminate\\Database\\Connection->select()
#3 /home/alejandro/play-work/playgroup-admin---laravel/vendor/laravel/framework/src/Illuminate/Database/Query/Builder.php(2147): Illuminate\\Database\\Query\\Builder->runSelect()
#4 /home/alejandro/play-work/playgroup-admin---laravel/vendor/laravel/framework/src/Illuminate/Database/Query/Builder.php(2619): Illuminate\\Database\\Query\\Builder->Illuminate\\Database\\Query\\{closure}()
#5 /home/alejandro/play-work/playgroup-admin---laravel/vendor/laravel/framework/src/Illuminate/Database/Query/Builder.php(2148): Illuminate\\Database\\Query\\Builder->onceWithColumns()
#6 /home/alejandro/play-work/playgroup-admin---laravel/vendor/laravel/framework/src/Illuminate/Database/Eloquent/Builder.php(546): Illuminate\\Database\\Query\\Builder->get()
#7 /home/alejandro/play-work/playgroup-admin---laravel/vendor/laravel/framework/src/Illuminate/Database/Eloquent/Builder.php(530): Illuminate\\Database\\Eloquent\\Builder->getModels()
#8 /home/alejandro/play-work/playgroup-admin---laravel/app/Http/Controllers/Api/PageController.php(78): Illuminate\\Database\\Eloquent\\Builder->get()
#9 /home/alejandro/play-work/playgroup-admin---laravel/vendor/laravel/framework/src/Illuminate/Routing/Controller.php(54): App\\Http\\Controllers\\Api\\PageController->home()
#10 /home/alejandro/play-work/playgroup-admin---laravel/vendor/laravel/framework/src/Illuminate/Routing/ControllerDispatcher.php(45): Illuminate\\Routing\\Controller->callAction()
#11 /home/alejandro/play-work/playgroup-admin---laravel/vendor/laravel/framework/src/Illuminate/Routing/Route.php(219): Illuminate\\Routing\\ControllerDispatcher->dispatch()
#12 /home/alejandro/play-work/playgroup-admin---laravel/vendor/laravel/framework/src/Illuminate/Routing/Route.php(176): Illuminate\\Routing\\Route->runController()
#13 /home/alejandro/play-work/playgroup-admin---laravel/vendor/laravel/framework/src/Illuminate/Routing/Router.php(681): Illuminate\\Routing\\Route->run()
#14 /home/alejandro/play-work/playgroup-admin---laravel/vendor/laravel/framework/src/Illuminate/Pipeline/Pipeline.php(130): Illuminate\\Routing\\Router->Illuminate\\Routing\\{closure}()
#15 /home/alejandro/play-work/playgroup-admin---laravel/vendor/laravel/framework/src/Illuminate/Routing/Middleware/SubstituteBindings.php(41): Illuminate\\Pipeline\\Pipeline->Illuminate\\Pipeline\\{closure}()
#16 /home/alejandro/play-work/playgroup-admin---laravel/vendor/laravel/framework/src/Illuminate/Pipeline/Pipeline.php(171): Illuminate\\Routing\\Middleware\\SubstituteBindings->handle()
#17 /home/alejandro/play-work/playgroup-admin---laravel/vendor/laravel/framework/src/Illuminate/Pipeline/Pipeline.php(105): Illuminate\\Pipeline\\Pipeline->Illuminate\\Pipeline\\{closure}()
#18 /home/alejandro/play-work/playgroup-admin---laravel/vendor/laravel/framework/src/Illuminate/Routing/Router.php(683): Illuminate\\Pipeline\\Pipeline->then()
#19 /home/alejandro/play-work/playgroup-admin---laravel/vendor/laravel/framework/src/Illuminate/Routing/Router.php(658): Illuminate\\Routing\\Router->runRouteWithinStack()
#20 /home/alejandro/play-work/playgroup-admin---laravel/vendor/laravel/framework/src/Illuminate/Routing/Router.php(624): Illuminate\\Routing\\Router->runRoute()
#21 /home/alejandro/play-work/playgroup-admin---laravel/vendor/laravel/framework/src/Illuminate/Routing/Router.php(613): Illuminate\\Routing\\Router->dispatchToRoute()
#22 /home/alejandro/play-work/playgroup-admin---laravel/vendor/laravel/framework/src/Illuminate/Foundation/Http/Kernel.php(170): Illuminate\\Routing\\Router->dispatch()
#23 /home/alejandro/play-work/playgroup-admin---laravel/vendor/laravel/framework/src/Illuminate/Pipeline/Pipeline.php(130): Illuminate\\Foundation\\Http\\Kernel->Illuminate\\Foundation\\Http\\{closure}()
#24 /home/alejandro/play-work/playgroup-admin---laravel/vendor/laravel/framework/src/Illuminate/Foundation/Http/Middleware/TransformsRequest.php(21): Illuminate\\Pipeline\\Pipeline->Illuminate\\Pipeline\\{closure}()
#25 /home/alejandro/play-work/playgroup-admin---laravel/vendor/laravel/framework/src/Illuminate/Pipeline/Pipeline.php(171): Illuminate\\Foundation\\Http\\Middleware\\TransformsRequest->handle()
#26 /home/alejandro/play-work/playgroup-admin---laravel/vendor/laravel/framework/src/Illuminate/Foundation/Http/Middleware/TransformsRequest.php(21): Illuminate\\Pipeline\\Pipeline->Illuminate\\Pipeline\\{closure}()
#27 /home/alejandro/play-work/playgroup-admin---laravel/vendor/laravel/framework/src/Illuminate/Pipeline/Pipeline.php(171): Illuminate\\Foundation\\Http\\Middleware\\TransformsRequest->handle()
#28 /home/alejandro/play-work/playgroup-admin---laravel/vendor/laravel/framework/src/Illuminate/Foundation/Http/Middleware/ValidatePostSize.php(27): Illuminate\\Pipeline\\Pipeline->Illuminate\\Pipeline\\{closure}()
#29 /home/alejandro/play-work/playgroup-admin---laravel/vendor/laravel/framework/src/Illuminate/Pipeline/Pipeline.php(171): Illuminate\\Foundation\\Http\\Middleware\\ValidatePostSize->handle()
#30 /home/alejandro/play-work/playgroup-admin---laravel/vendor/laravel/framework/src/Illuminate/Foundation/Http/Middleware/CheckForMaintenanceMode.php(63): Illuminate\\Pipeline\\Pipeline->Illuminate\\Pipeline\\{closure}()
#31 /home/alejandro/play-work/playgroup-admin---laravel/vendor/laravel/framework/src/Illuminate/Pipeline/Pipeline.php(171): Illuminate\\Foundation\\Http\\Middleware\\CheckForMaintenanceMode->handle()
#32 /home/alejandro/play-work/playgroup-admin---laravel/vendor/fideloper/proxy/src/TrustProxies.php(57): Illuminate\\Pipeline\\Pipeline->Illuminate\\Pipeline\\{closure}()
#33 /home/alejandro/play-work/playgroup-admin---laravel/vendor/laravel/framework/src/Illuminate/Pipeline/Pipeline.php(171): Fideloper\\Proxy\\TrustProxies->handle()
#34 /home/alejandro/play-work/playgroup-admin---laravel/vendor/laravel/framework/src/Illuminate/Pipeline/Pipeline.php(105): Illuminate\\Pipeline\\Pipeline->Illuminate\\Pipeline\\{closure}()
#35 /home/alejandro/play-work/playgroup-admin---laravel/vendor/laravel/framework/src/Illuminate/Foundation/Http/Kernel.php(145): Illuminate\\Pipeline\\Pipeline->then()
#36 /home/alejandro/play-work/playgroup-admin---laravel/vendor/laravel/framework/src/Illuminate/Foundation/Http/Kernel.php(110): Illuminate\\Foundation\\Http\\Kernel->sendRequestThroughRouter()
#37 /home/alejandro/play-work/playgroup-admin---laravel/public/index.php(55): Illuminate\\Foundation\\Http\\Kernel->handle()
#38 /home/alejandro/play-work/playgroup-admin---laravel/server.php(21): require_once('/home/alejandro...')
#39 {main}

[previous exception] [object] (Doctrine\\DBAL\\Driver\\PDO\\Exception(code: 42S22): SQLSTATE[42S22]: Column not found: 1054 Unknown column 'position' in 'field list' at /home/alejandro/play-work/playgroup-admin---laravel/vendor/doctrine/dbal/lib/Doctrine/DBAL/Driver/PDO/Exception.php:18)
[stacktrace]
#0 /home/alejandro/play-work/playgroup-admin---laravel/vendor/doctrine/dbal/lib/Doctrine/DBAL/Driver/PDOConnection.php(87): Doctrine\\DBAL\\Driver\\PDO\\Exception::new()
#1 /home/alejandro/play-work/playgroup-admin---laravel/vendor/laravel/framework/src/Illuminate/Database/Connection.php(331): Doctrine\\DBAL\\Driver\\PDOConnection->prepare()
#2 /home/alejandro/play-work/playgroup-admin---laravel/vendor/laravel/framework/src/Illuminate/Database/Connection.php(662): Illuminate\\Database\\Connection->Illuminate\\Database\\{closure}()
#3 /home/alejandro/play-work/playgroup-admin---laravel/vendor/laravel/framework/src/Illuminate/Database/Connection.php(629): Illuminate\\Database\\Connection->runQueryCallback()
#4 /home/alejandro/play-work/playgroup-admin---laravel/vendor/laravel/framework/src/Illuminate/Database/Connection.php(338): Illuminate\\Database\\Connection->run()
#5 /home/alejandro/play-work/playgroup-admin---laravel/vendor/laravel/framework/src/Illuminate/Database/Query/Builder.php(2159): Illuminate\\Database\\Connection->select()
#6 /home/alejandro/play-work/playgroup-admin---laravel/vendor/laravel/framework/src/Illuminate/Database/Query/Builder.php(2147): Illuminate\\Database\\Query\\Builder->runSelect()
#7 /home/alejandro/play-work/playgroup-admin---laravel/vendor/laravel/framework/src/Illuminate/Database/Query/Builder.php(2619): Illuminate\\Database\\Query\\Builder->Illuminate\\Database\\Query\\{closure}()
#8 /home/alejandro/play-work/playgroup-admin---laravel/vendor/laravel/framework/src/Illuminate/Database/Query/Builder.php(2148): Illuminate\\Database\\Query\\Builder->onceWithColumns()
#9 /home/alejandro/play-work/playgroup-admin---laravel/vendor/laravel/framework/src/Illuminate/Database/Eloquent/Builder.php(546): Illuminate\\Database\\Query\\Builder->get()
#10 /home/alejandro/play-work/playgroup-admin---laravel/vendor/laravel/framework/src/Illuminate/Database/Eloquent/Builder.php(530): Illuminate\\Database\\Eloquent\\Builder->getModels()
#11 /home/alejandro/play-work/playgroup-admin---laravel/app/Http/Controllers/Api/PageController.php(78): Illuminate\\Database\\Eloquent\\Builder->get()
#12 /home/alejandro/play-work/playgroup-admin---laravel/vendor/laravel/framework/src/Illuminate/Routing/Controller.php(54): App\\Http\\Controllers\\Api\\PageController->home()
#13 /home/alejandro/play-work/playgroup-admin---laravel/vendor/laravel/framework/src/Illuminate/Routing/ControllerDispatcher.php(45): Illuminate\\Routing\\Controller->callAction()
#14 /home/alejandro/play-work/playgroup-admin---laravel/vendor/laravel/framework/src/Illuminate/Routing/Route.php(219): Illuminate\\Routing\\ControllerDispatcher->dispatch()
#15 /home/alejandro/play-work/playgroup-admin---laravel/vendor/laravel/framework/src/Illuminate/Routing/Route.php(176): Illuminate\\Routing\\Route->runController()
#16 /home/alejandro/play-work/playgroup-admin---laravel/vendor/laravel/framework/src/Illuminate/Routing/Router.php(681): Illuminate\\Routing\\Route->run()
#17 /home/alejandro/play-work/playgroup-admin---laravel/vendor/laravel/framework/src/Illuminate/Pipeline/Pipeline.php(130): Illuminate\\Routing\\Router->Illuminate\\Routing\\{closure}()
#18 /home/alejandro/play-work/playgroup-admin---laravel/vendor/laravel/framework/src/Illuminate/Routing/Middleware/SubstituteBindings.php(41): Illuminate\\Pipeline\\Pipeline->Illuminate\\Pipeline\\{closure}()
#19 /home/alejandro/play-work/playgroup-admin---laravel/vendor/laravel/framework/src/Illuminate/Pipeline/Pipeline.php(171): Illuminate\\Routing\\Middleware\\SubstituteBindings->handle()
#20 /home/alejandro/play-work/playgroup-admin---laravel/vendor/laravel/framework/src/Illuminate/Pipeline/Pipeline.php(105): Illuminate\\Pipeline\\Pipeline->Illuminate\\Pipeline\\{closure}()
#21 /home/alejandro/play-work/playgroup-admin---laravel/vendor/laravel/framework/src/Illuminate/Routing/Router.php(683): Illuminate\\Pipeline\\Pipeline->then()
#22 /home/alejandro/play-work/playgroup-admin---laravel/vendor/laravel/framework/src/Illuminate/Routing/Router.php(658): Illuminate\\Routing\\Router->runRouteWithinStack()
#23 /home/alejandro/play-work/playgroup-admin---laravel/vendor/laravel/framework/src/Illuminate/Routing/Router.php(624): Illuminate\\Routing\\Router->runRoute()
#24 /home/alejandro/play-work/playgroup-admin---laravel/vendor/laravel/framework/src/Illuminate/Routing/Router.php(613): Illuminate\\Routing\\Router->dispatchToRoute()
#25 /home/alejandro/play-work/playgroup-admin---laravel/vendor/laravel/framework/src/Illuminate/Foundation/Http/Kernel.php(170): Illuminate\\Routing\\Router->dispatch()
#26 /home/alejandro/play-work/playgroup-admin---laravel/vendor/laravel/framework/src/Illuminate/Pipeline/Pipeline.php(130): Illuminate\\Foundation\\Http\\Kernel->Illuminate\\Foundation\\Http\\{closure}()
#27 /home/alejandro/play-work/playgroup-admin---laravel/vendor/laravel/framework/src/Illuminate/Foundation/Http/Middleware/TransformsRequest.php(21): Illuminate\\Pipeline\\Pipeline->Illuminate\\Pipeline\\{closure}()
#28 /home/alejandro/play-work/playgroup-admin---laravel/vendor/laravel/framework/src/Illuminate/Pipeline/Pipeline.php(171): Illuminate\\Foundation\\Http\\Middleware\\TransformsRequest->handle()
#29 /home/alejandro/play-work/playgroup-admin---laravel/vendor/laravel/framework/src/Illuminate/Foundation/Http/Middleware/TransformsRequest.php(21): Illuminate\\Pipeline\\Pipeline->Illuminate\\Pipeline\\{closure}()
#30 /home/alejandro/play-work/playgroup-admin---laravel/vendor/laravel/framework/src/Illuminate/Pipeline/Pipeline.php(171): Illuminate\\Foundation\\Http\\Middleware\\TransformsRequest->handle()
#31 /home/alejandro/play-work/playgroup-admin---laravel/vendor/laravel/framework/src/Illuminate/Foundation/Http/Middleware/ValidatePostSize.php(27): Illuminate\\Pipeline\\Pipeline->Illuminate\\Pipeline\\{closure}()
#32 /home/alejandro/play-work/playgroup-admin---laravel/vendor/laravel/framework/src/Illuminate/Pipeline/Pipeline.php(171): Illuminate\\Foundation\\Http\\Middleware\\ValidatePostSize->handle()
#33 /home/alejandro/play-work/playgroup-admin---laravel/vendor/laravel/framework/src/Illuminate/Foundation/Http/Middleware/CheckForMaintenanceMode.php(63): Illuminate\\Pipeline\\Pipeline->Illuminate\\Pipeline\\{closure}()
#34 /home/alejandro/play-work/playgroup-admin---laravel/vendor/laravel/framework/src/Illuminate/Pipeline/Pipeline.php(171): Illuminate\\Foundation\\Http\\Middleware\\CheckForMaintenanceMode->handle()
#35 /home/alejandro/play-work/playgroup-admin---laravel/vendor/fideloper/proxy/src/TrustProxies.php(57): Illuminate\\Pipeline\\Pipeline->Illuminate\\Pipeline\\{closure}()
#36 /home/alejandro/play-work/playgroup-admin---laravel/vendor/laravel/framework/src/Illuminate/Pipeline/Pipeline.php(171): Fideloper\\Proxy\\TrustProxies->handle()
#37 /home/alejandro/play-work/playgroup-admin---laravel/vendor/laravel/framework/src/Illuminate/Pipeline/Pipeline.php(105): Illuminate\\Pipeline\\Pipeline->Illuminate\\Pipeline\\{closure}()
#38 /home/alejandro/play-work/playgroup-admin---laravel/vendor/laravel/framework/src/Illuminate/Foundation/Http/Kernel.php(145): Illuminate\\Pipeline\\Pipeline->then()
#39 /home/alejandro/play-work/playgroup-admin---laravel/vendor/laravel/framework/src/Illuminate/Foundation/Http/Kernel.php(110): Illuminate\\Foundation\\Http\\Kernel->sendRequestThroughRouter()
#40 /home/alejandro/play-work/playgroup-admin---laravel/public/index.php(55): Illuminate\\Foundation\\Http\\Kernel->handle()
#41 /home/alejandro/play-work/playgroup-admin---laravel/server.php(21): require_once('/home/alejandro...')
#42 {main}

[previous exception] [object] (PDOException(code: 42S22): SQLSTATE[42S22]: Column not found: 1054 Unknown column 'position' in 'field list' at /home/alejandro/play-work/playgroup-admin---laravel/vendor/doctrine/dbal/lib/Doctrine/DBAL/Driver/PDOConnection.php:82)
[stacktrace]
#0 /home/alejandro/play-work/playgroup-admin---laravel/vendor/doctrine/dbal/lib/Doctrine/DBAL/Driver/PDOConnection.php(82): PDO->prepare()
#1 /home/alejandro/play-work/playgroup-admin---laravel/vendor/laravel/framework/src/Illuminate/Database/Connection.php(331): Doctrine\\DBAL\\Driver\\PDOConnection->prepare()
#2 /home/alejandro/play-work/playgroup-admin---laravel/vendor/laravel/framework/src/Illuminate/Database/Connection.php(662): Illuminate\\Database\\Connection->Illuminate\\Database\\{closure}()
#3 /home/alejandro/play-work/playgroup-admin---laravel/vendor/laravel/framework/src/Illuminate/Database/Connection.php(629): Illuminate\\Database\\Connection->runQueryCallback()
#4 /home/alejandro/play-work/playgroup-admin---laravel/vendor/laravel/framework/src/Illuminate/Database/Connection.php(338): Illuminate\\Database\\Connection->run()
#5 /home/alejandro/play-work/playgroup-admin---laravel/vendor/laravel/framework/src/Illuminate/Database/Query/Builder.php(2159): Illuminate\\Database\\Connection->select()
#6 /home/alejandro/play-work/playgroup-admin---laravel/vendor/laravel/framework/src/Illuminate/Database/Query/Builder.php(2147): Illuminate\\Database\\Query\\Builder->runSelect()
#7 /home/alejandro/play-work/playgroup-admin---laravel/vendor/laravel/framework/src/Illuminate/Database/Query/Builder.php(2619): Illuminate\\Database\\Query\\Builder->Illuminate\\Database\\Query\\{closure}()
#8 /home/alejandro/play-work/playgroup-admin---laravel/vendor/laravel/framework/src/Illuminate/Database/Query/Builder.php(2148): Illuminate\\Database\\Query\\Builder->onceWithColumns()
#9 /home/alejandro/play-work/playgroup-admin---laravel/vendor/laravel/framework/src/Illuminate/Database/Eloquent/Builder.php(546): Illuminate\\Database\\Query\\Builder->get()
#10 /home/alejandro/play-work/playgroup-admin---laravel/vendor/laravel/framework/src/Illuminate/Database/Eloquent/Builder.php(530): Illuminate\\Database\\Eloquent\\Builder->getModels()
#11 /home/alejandro/play-work/playgroup-admin---laravel/app/Http/Controllers/Api/PageController.php(78): Illuminate\\Database\\Eloquent\\Builder->get()
#12 /home/alejandro/play-work/playgroup-admin---laravel/vendor/laravel/framework/src/Illuminate/Routing/Controller.php(54): App\\Http\\Controllers\\Api\\PageController->home()
#13 /home/alejandro/play-work/playgroup-admin---laravel/vendor/laravel/framework/src/Illuminate/Routing/ControllerDispatcher.php(45): Illuminate\\Routing\\Controller->callAction()
#14 /home/alejandro/play-work/playgroup-admin---laravel/vendor/laravel/framework/src/Illuminate/Routing/Route.php(219): Illuminate\\Routing\\ControllerDispatcher->dispatch()
#15 /home/alejandro/play-work/playgroup-admin---laravel/vendor/laravel/framework/src/Illuminate/Routing/Route.php(176): Illuminate\\Routing\\Route->runController()
#16 /home/alejandro/play-work/playgroup-admin---laravel/vendor/laravel/framework/src/Illuminate/Routing/Router.php(681): Illuminate\\Routing\\Route->run()
#17 /home/alejandro/play-work/playgroup-admin---laravel/vendor/laravel/framework/src/Illuminate/Pipeline/Pipeline.php(130): Illuminate\\Routing\\Router->Illuminate\\Routing\\{closure}()
#18 /home/alejandro/play-work/playgroup-admin---laravel/vendor/laravel/framework/src/Illuminate/Routing/Middleware/SubstituteBindings.php(41): Illuminate\\Pipeline\\Pipeline->Illuminate\\Pipeline\\{closure}()
#19 /home/alejandro/play-work/playgroup-admin---laravel/vendor/laravel/framework/src/Illuminate/Pipeline/Pipeline.php(171): Illuminate\\Routing\\Middleware\\SubstituteBindings->handle()
#20 /home/alejandro/play-work/playgroup-admin---laravel/vendor/laravel/framework/src/Illuminate/Pipeline/Pipeline.php(105): Illuminate\\Pipeline\\Pipeline->Illuminate\\Pipeline\\{closure}()
#21 /home/alejandro/play-work/playgroup-admin---laravel/vendor/laravel/framework/src/Illuminate/Routing/Router.php(683): Illuminate\\Pipeline\\Pipeline->then()
#22 /home/alejandro/play-work/playgroup-admin---laravel/vendor/laravel/framework/src/Illuminate/Routing/Router.php(658): Illuminate\\Routing\\Router->runRouteWithinStack()
#23 /home/alejandro/play-work/playgroup-admin---laravel/vendor/laravel/framework/src/Illuminate/Routing/Router.php(624): Illuminate\\Routing\\Router->runRoute()
#24 /home/alejandro/play-work/playgroup-admin---laravel/vendor/laravel/framework/src/Illuminate/Routing/Router.php(613): Illuminate\\Routing\\Router->dispatchToRoute()
#25 /home/alejandro/play-work/playgroup-admin---laravel/vendor/laravel/framework/src/Illuminate/Foundation/Http/Kernel.php(170): Illuminate\\Routing\\Router->dispatch()
#26 /home/alejandro/play-work/playgroup-admin---laravel/vendor/laravel/framework/src/Illuminate/Pipeline/Pipeline.php(130): Illuminate\\Foundation\\Http\\Kernel->Illuminate\\Foundation\\Http\\{closure}()
#27 /home/alejandro/play-work/playgroup-admin---laravel/vendor/laravel/framework/src/Illuminate/Foundation/Http/Middleware/TransformsRequest.php(21): Illuminate\\Pipeline\\Pipeline->Illuminate\\Pipeline\\{closure}()
#28 /home/alejandro/play-work/playgroup-admin---laravel/vendor/laravel/framework/src/Illuminate/Pipeline/Pipeline.php(171): Illuminate\\Foundation\\Http\\Middleware\\TransformsRequest->handle()
#29 /home/alejandro/play-work/playgroup-admin---laravel/vendor/laravel/framework/src/Illuminate/Foundation/Http/Middleware/TransformsRequest.php(21): Illuminate\\Pipeline\\Pipeline->Illuminate\\Pipeline\\{closure}()
#30 /home/alejandro/play-work/playgroup-admin---laravel/vendor/laravel/framework/src/Illuminate/Pipeline/Pipeline.php(171): Illuminate\\Foundation\\Http\\Middleware\\TransformsRequest->handle()
#31 /home/alejandro/play-work/playgroup-admin---laravel/vendor/laravel/framework/src/Illuminate/Foundation/Http/Middleware/ValidatePostSize.php(27): Illuminate\\Pipeline\\Pipeline->Illuminate\\Pipeline\\{closure}()
#32 /home/alejandro/play-work/playgroup-admin---laravel/vendor/laravel/framework/src/Illuminate/Pipeline/Pipeline.php(171): Illuminate\\Foundation\\Http\\Middleware\\ValidatePostSize->handle()
#33 /home/alejandro/play-work/playgroup-admin---laravel/vendor/laravel/framework/src/Illuminate/Foundation/Http/Middleware/CheckForMaintenanceMode.php(63): Illuminate\\Pipeline\\Pipeline->Illuminate\\Pipeline\\{closure}()
#34 /home/alejandro/play-work/playgroup-admin---laravel/vendor/laravel/framework/src/Illuminate/Pipeline/Pipeline.php(171): Illuminate\\Foundation\\Http\\Middleware\\CheckForMaintenanceMode->handle()
#35 /home/alejandro/play-work/playgroup-admin---laravel/vendor/fideloper/proxy/src/TrustProxies.php(57): Illuminate\\Pipeline\\Pipeline->Illuminate\\Pipeline\\{closure}()
#36 /home/alejandro/play-work/playgroup-admin---laravel/vendor/laravel/framework/src/Illuminate/Pipeline/Pipeline.php(171): Fideloper\\Proxy\\TrustProxies->handle()
#37 /home/alejandro/play-work/playgroup-admin---laravel/vendor/laravel/framework/src/Illuminate/Pipeline/Pipeline.php(105): Illuminate\\Pipeline\\Pipeline->Illuminate\\Pipeline\\{closure}()
#38 /home/alejandro/play-work/playgroup-admin---laravel/vendor/laravel/framework/src/Illuminate/Foundation/Http/Kernel.php(145): Illuminate\\Pipeline\\Pipeline->then()
#39 /home/alejandro/play-work/playgroup-admin---laravel/vendor/laravel/framework/src/Illuminate/Foundation/Http/Kernel.php(110): Illuminate\\Foundation\\Http\\Kernel->sendRequestThroughRouter()
#40 /home/alejandro/play-work/playgroup-admin---laravel/public/index.php(55): Illuminate\\Foundation\\Http\\Kernel->handle()
#41 /home/alejandro/play-work/playgroup-admin---laravel/server.php(21): require_once('/home/alejandro...')
#42 {main}
"} 
[2025-05-20 15:16:18] local.ERROR: SQLSTATE[42S22]: Column not found: 1054 Unknown column 'position' in 'field list' (SQL: select `name`, `image`, `position`, `category` from `awards` order by `index` asc) {"exception":"[object] (Illuminate\\Database\\QueryException(code: 42S22): SQLSTATE[42S22]: Column not found: 1054 Unknown column 'position' in 'field list' (SQL: select `name`, `image`, `position`, `category` from `awards` order by `index` asc) at /home/alejandro/play-work/playgroup-admin---laravel/vendor/laravel/framework/src/Illuminate/Database/Connection.php:669)
[stacktrace]
#0 /home/alejandro/play-work/playgroup-admin---laravel/vendor/laravel/framework/src/Illuminate/Database/Connection.php(629): Illuminate\\Database\\Connection->runQueryCallback()
#1 /home/alejandro/play-work/playgroup-admin---laravel/vendor/laravel/framework/src/Illuminate/Database/Connection.php(338): Illuminate\\Database\\Connection->run()
#2 /home/alejandro/play-work/playgroup-admin---laravel/vendor/laravel/framework/src/Illuminate/Database/Query/Builder.php(2159): Illuminate\\Database\\Connection->select()
#3 /home/alejandro/play-work/playgroup-admin---laravel/vendor/laravel/framework/src/Illuminate/Database/Query/Builder.php(2147): Illuminate\\Database\\Query\\Builder->runSelect()
#4 /home/alejandro/play-work/playgroup-admin---laravel/vendor/laravel/framework/src/Illuminate/Database/Query/Builder.php(2619): Illuminate\\Database\\Query\\Builder->Illuminate\\Database\\Query\\{closure}()
#5 /home/alejandro/play-work/playgroup-admin---laravel/vendor/laravel/framework/src/Illuminate/Database/Query/Builder.php(2148): Illuminate\\Database\\Query\\Builder->onceWithColumns()
#6 /home/alejandro/play-work/playgroup-admin---laravel/vendor/laravel/framework/src/Illuminate/Database/Eloquent/Builder.php(546): Illuminate\\Database\\Query\\Builder->get()
#7 /home/alejandro/play-work/playgroup-admin---laravel/vendor/laravel/framework/src/Illuminate/Database/Eloquent/Builder.php(530): Illuminate\\Database\\Eloquent\\Builder->getModels()
#8 /home/alejandro/play-work/playgroup-admin---laravel/app/Http/Controllers/Api/PageController.php(78): Illuminate\\Database\\Eloquent\\Builder->get()
#9 /home/alejandro/play-work/playgroup-admin---laravel/vendor/laravel/framework/src/Illuminate/Routing/Controller.php(54): App\\Http\\Controllers\\Api\\PageController->home()
#10 /home/alejandro/play-work/playgroup-admin---laravel/vendor/laravel/framework/src/Illuminate/Routing/ControllerDispatcher.php(45): Illuminate\\Routing\\Controller->callAction()
#11 /home/alejandro/play-work/playgroup-admin---laravel/vendor/laravel/framework/src/Illuminate/Routing/Route.php(219): Illuminate\\Routing\\ControllerDispatcher->dispatch()
#12 /home/alejandro/play-work/playgroup-admin---laravel/vendor/laravel/framework/src/Illuminate/Routing/Route.php(176): Illuminate\\Routing\\Route->runController()
#13 /home/alejandro/play-work/playgroup-admin---laravel/vendor/laravel/framework/src/Illuminate/Routing/Router.php(681): Illuminate\\Routing\\Route->run()
#14 /home/alejandro/play-work/playgroup-admin---laravel/vendor/laravel/framework/src/Illuminate/Pipeline/Pipeline.php(130): Illuminate\\Routing\\Router->Illuminate\\Routing\\{closure}()
#15 /home/alejandro/play-work/playgroup-admin---laravel/vendor/laravel/framework/src/Illuminate/Routing/Middleware/SubstituteBindings.php(41): Illuminate\\Pipeline\\Pipeline->Illuminate\\Pipeline\\{closure}()
#16 /home/alejandro/play-work/playgroup-admin---laravel/vendor/laravel/framework/src/Illuminate/Pipeline/Pipeline.php(171): Illuminate\\Routing\\Middleware\\SubstituteBindings->handle()
#17 /home/alejandro/play-work/playgroup-admin---laravel/vendor/laravel/framework/src/Illuminate/Pipeline/Pipeline.php(105): Illuminate\\Pipeline\\Pipeline->Illuminate\\Pipeline\\{closure}()
#18 /home/alejandro/play-work/playgroup-admin---laravel/vendor/laravel/framework/src/Illuminate/Routing/Router.php(683): Illuminate\\Pipeline\\Pipeline->then()
#19 /home/alejandro/play-work/playgroup-admin---laravel/vendor/laravel/framework/src/Illuminate/Routing/Router.php(658): Illuminate\\Routing\\Router->runRouteWithinStack()
#20 /home/alejandro/play-work/playgroup-admin---laravel/vendor/laravel/framework/src/Illuminate/Routing/Router.php(624): Illuminate\\Routing\\Router->runRoute()
#21 /home/alejandro/play-work/playgroup-admin---laravel/vendor/laravel/framework/src/Illuminate/Routing/Router.php(613): Illuminate\\Routing\\Router->dispatchToRoute()
#22 /home/alejandro/play-work/playgroup-admin---laravel/vendor/laravel/framework/src/Illuminate/Foundation/Http/Kernel.php(170): Illuminate\\Routing\\Router->dispatch()
#23 /home/alejandro/play-work/playgroup-admin---laravel/vendor/laravel/framework/src/Illuminate/Pipeline/Pipeline.php(130): Illuminate\\Foundation\\Http\\Kernel->Illuminate\\Foundation\\Http\\{closure}()
#24 /home/alejandro/play-work/playgroup-admin---laravel/vendor/laravel/framework/src/Illuminate/Foundation/Http/Middleware/TransformsRequest.php(21): Illuminate\\Pipeline\\Pipeline->Illuminate\\Pipeline\\{closure}()
#25 /home/alejandro/play-work/playgroup-admin---laravel/vendor/laravel/framework/src/Illuminate/Pipeline/Pipeline.php(171): Illuminate\\Foundation\\Http\\Middleware\\TransformsRequest->handle()
#26 /home/alejandro/play-work/playgroup-admin---laravel/vendor/laravel/framework/src/Illuminate/Foundation/Http/Middleware/TransformsRequest.php(21): Illuminate\\Pipeline\\Pipeline->Illuminate\\Pipeline\\{closure}()
#27 /home/alejandro/play-work/playgroup-admin---laravel/vendor/laravel/framework/src/Illuminate/Pipeline/Pipeline.php(171): Illuminate\\Foundation\\Http\\Middleware\\TransformsRequest->handle()
#28 /home/alejandro/play-work/playgroup-admin---laravel/vendor/laravel/framework/src/Illuminate/Foundation/Http/Middleware/ValidatePostSize.php(27): Illuminate\\Pipeline\\Pipeline->Illuminate\\Pipeline\\{closure}()
#29 /home/alejandro/play-work/playgroup-admin---laravel/vendor/laravel/framework/src/Illuminate/Pipeline/Pipeline.php(171): Illuminate\\Foundation\\Http\\Middleware\\ValidatePostSize->handle()
#30 /home/alejandro/play-work/playgroup-admin---laravel/vendor/laravel/framework/src/Illuminate/Foundation/Http/Middleware/CheckForMaintenanceMode.php(63): Illuminate\\Pipeline\\Pipeline->Illuminate\\Pipeline\\{closure}()
#31 /home/alejandro/play-work/playgroup-admin---laravel/vendor/laravel/framework/src/Illuminate/Pipeline/Pipeline.php(171): Illuminate\\Foundation\\Http\\Middleware\\CheckForMaintenanceMode->handle()
#32 /home/alejandro/play-work/playgroup-admin---laravel/vendor/fideloper/proxy/src/TrustProxies.php(57): Illuminate\\Pipeline\\Pipeline->Illuminate\\Pipeline\\{closure}()
#33 /home/alejandro/play-work/playgroup-admin---laravel/vendor/laravel/framework/src/Illuminate/Pipeline/Pipeline.php(171): Fideloper\\Proxy\\TrustProxies->handle()
#34 /home/alejandro/play-work/playgroup-admin---laravel/vendor/laravel/framework/src/Illuminate/Pipeline/Pipeline.php(105): Illuminate\\Pipeline\\Pipeline->Illuminate\\Pipeline\\{closure}()
#35 /home/alejandro/play-work/playgroup-admin---laravel/vendor/laravel/framework/src/Illuminate/Foundation/Http/Kernel.php(145): Illuminate\\Pipeline\\Pipeline->then()
#36 /home/alejandro/play-work/playgroup-admin---laravel/vendor/laravel/framework/src/Illuminate/Foundation/Http/Kernel.php(110): Illuminate\\Foundation\\Http\\Kernel->sendRequestThroughRouter()
#37 /home/alejandro/play-work/playgroup-admin---laravel/public/index.php(55): Illuminate\\Foundation\\Http\\Kernel->handle()
#38 /home/alejandro/play-work/playgroup-admin---laravel/server.php(21): require_once('/home/alejandro...')
#39 {main}

[previous exception] [object] (Doctrine\\DBAL\\Driver\\PDO\\Exception(code: 42S22): SQLSTATE[42S22]: Column not found: 1054 Unknown column 'position' in 'field list' at /home/alejandro/play-work/playgroup-admin---laravel/vendor/doctrine/dbal/lib/Doctrine/DBAL/Driver/PDO/Exception.php:18)
[stacktrace]
#0 /home/alejandro/play-work/playgroup-admin---laravel/vendor/doctrine/dbal/lib/Doctrine/DBAL/Driver/PDOConnection.php(87): Doctrine\\DBAL\\Driver\\PDO\\Exception::new()
#1 /home/alejandro/play-work/playgroup-admin---laravel/vendor/laravel/framework/src/Illuminate/Database/Connection.php(331): Doctrine\\DBAL\\Driver\\PDOConnection->prepare()
#2 /home/alejandro/play-work/playgroup-admin---laravel/vendor/laravel/framework/src/Illuminate/Database/Connection.php(662): Illuminate\\Database\\Connection->Illuminate\\Database\\{closure}()
#3 /home/alejandro/play-work/playgroup-admin---laravel/vendor/laravel/framework/src/Illuminate/Database/Connection.php(629): Illuminate\\Database\\Connection->runQueryCallback()
#4 /home/alejandro/play-work/playgroup-admin---laravel/vendor/laravel/framework/src/Illuminate/Database/Connection.php(338): Illuminate\\Database\\Connection->run()
#5 /home/alejandro/play-work/playgroup-admin---laravel/vendor/laravel/framework/src/Illuminate/Database/Query/Builder.php(2159): Illuminate\\Database\\Connection->select()
#6 /home/alejandro/play-work/playgroup-admin---laravel/vendor/laravel/framework/src/Illuminate/Database/Query/Builder.php(2147): Illuminate\\Database\\Query\\Builder->runSelect()
#7 /home/alejandro/play-work/playgroup-admin---laravel/vendor/laravel/framework/src/Illuminate/Database/Query/Builder.php(2619): Illuminate\\Database\\Query\\Builder->Illuminate\\Database\\Query\\{closure}()
#8 /home/alejandro/play-work/playgroup-admin---laravel/vendor/laravel/framework/src/Illuminate/Database/Query/Builder.php(2148): Illuminate\\Database\\Query\\Builder->onceWithColumns()
#9 /home/alejandro/play-work/playgroup-admin---laravel/vendor/laravel/framework/src/Illuminate/Database/Eloquent/Builder.php(546): Illuminate\\Database\\Query\\Builder->get()
#10 /home/alejandro/play-work/playgroup-admin---laravel/vendor/laravel/framework/src/Illuminate/Database/Eloquent/Builder.php(530): Illuminate\\Database\\Eloquent\\Builder->getModels()
#11 /home/alejandro/play-work/playgroup-admin---laravel/app/Http/Controllers/Api/PageController.php(78): Illuminate\\Database\\Eloquent\\Builder->get()
#12 /home/alejandro/play-work/playgroup-admin---laravel/vendor/laravel/framework/src/Illuminate/Routing/Controller.php(54): App\\Http\\Controllers\\Api\\PageController->home()
#13 /home/alejandro/play-work/playgroup-admin---laravel/vendor/laravel/framework/src/Illuminate/Routing/ControllerDispatcher.php(45): Illuminate\\Routing\\Controller->callAction()
#14 /home/alejandro/play-work/playgroup-admin---laravel/vendor/laravel/framework/src/Illuminate/Routing/Route.php(219): Illuminate\\Routing\\ControllerDispatcher->dispatch()
#15 /home/alejandro/play-work/playgroup-admin---laravel/vendor/laravel/framework/src/Illuminate/Routing/Route.php(176): Illuminate\\Routing\\Route->runController()
#16 /home/alejandro/play-work/playgroup-admin---laravel/vendor/laravel/framework/src/Illuminate/Routing/Router.php(681): Illuminate\\Routing\\Route->run()
#17 /home/alejandro/play-work/playgroup-admin---laravel/vendor/laravel/framework/src/Illuminate/Pipeline/Pipeline.php(130): Illuminate\\Routing\\Router->Illuminate\\Routing\\{closure}()
#18 /home/alejandro/play-work/playgroup-admin---laravel/vendor/laravel/framework/src/Illuminate/Routing/Middleware/SubstituteBindings.php(41): Illuminate\\Pipeline\\Pipeline->Illuminate\\Pipeline\\{closure}()
#19 /home/alejandro/play-work/playgroup-admin---laravel/vendor/laravel/framework/src/Illuminate/Pipeline/Pipeline.php(171): Illuminate\\Routing\\Middleware\\SubstituteBindings->handle()
#20 /home/alejandro/play-work/playgroup-admin---laravel/vendor/laravel/framework/src/Illuminate/Pipeline/Pipeline.php(105): Illuminate\\Pipeline\\Pipeline->Illuminate\\Pipeline\\{closure}()
#21 /home/alejandro/play-work/playgroup-admin---laravel/vendor/laravel/framework/src/Illuminate/Routing/Router.php(683): Illuminate\\Pipeline\\Pipeline->then()
#22 /home/alejandro/play-work/playgroup-admin---laravel/vendor/laravel/framework/src/Illuminate/Routing/Router.php(658): Illuminate\\Routing\\Router->runRouteWithinStack()
#23 /home/alejandro/play-work/playgroup-admin---laravel/vendor/laravel/framework/src/Illuminate/Routing/Router.php(624): Illuminate\\Routing\\Router->runRoute()
#24 /home/alejandro/play-work/playgroup-admin---laravel/vendor/laravel/framework/src/Illuminate/Routing/Router.php(613): Illuminate\\Routing\\Router->dispatchToRoute()
#25 /home/alejandro/play-work/playgroup-admin---laravel/vendor/laravel/framework/src/Illuminate/Foundation/Http/Kernel.php(170): Illuminate\\Routing\\Router->dispatch()
#26 /home/alejandro/play-work/playgroup-admin---laravel/vendor/laravel/framework/src/Illuminate/Pipeline/Pipeline.php(130): Illuminate\\Foundation\\Http\\Kernel->Illuminate\\Foundation\\Http\\{closure}()
#27 /home/alejandro/play-work/playgroup-admin---laravel/vendor/laravel/framework/src/Illuminate/Foundation/Http/Middleware/TransformsRequest.php(21): Illuminate\\Pipeline\\Pipeline->Illuminate\\Pipeline\\{closure}()
#28 /home/alejandro/play-work/playgroup-admin---laravel/vendor/laravel/framework/src/Illuminate/Pipeline/Pipeline.php(171): Illuminate\\Foundation\\Http\\Middleware\\TransformsRequest->handle()
#29 /home/alejandro/play-work/playgroup-admin---laravel/vendor/laravel/framework/src/Illuminate/Foundation/Http/Middleware/TransformsRequest.php(21): Illuminate\\Pipeline\\Pipeline->Illuminate\\Pipeline\\{closure}()
#30 /home/alejandro/play-work/playgroup-admin---laravel/vendor/laravel/framework/src/Illuminate/Pipeline/Pipeline.php(171): Illuminate\\Foundation\\Http\\Middleware\\TransformsRequest->handle()
#31 /home/alejandro/play-work/playgroup-admin---laravel/vendor/laravel/framework/src/Illuminate/Foundation/Http/Middleware/ValidatePostSize.php(27): Illuminate\\Pipeline\\Pipeline->Illuminate\\Pipeline\\{closure}()
#32 /home/alejandro/play-work/playgroup-admin---laravel/vendor/laravel/framework/src/Illuminate/Pipeline/Pipeline.php(171): Illuminate\\Foundation\\Http\\Middleware\\ValidatePostSize->handle()
#33 /home/alejandro/play-work/playgroup-admin---laravel/vendor/laravel/framework/src/Illuminate/Foundation/Http/Middleware/CheckForMaintenanceMode.php(63): Illuminate\\Pipeline\\Pipeline->Illuminate\\Pipeline\\{closure}()
#34 /home/alejandro/play-work/playgroup-admin---laravel/vendor/laravel/framework/src/Illuminate/Pipeline/Pipeline.php(171): Illuminate\\Foundation\\Http\\Middleware\\CheckForMaintenanceMode->handle()
#35 /home/alejandro/play-work/playgroup-admin---laravel/vendor/fideloper/proxy/src/TrustProxies.php(57): Illuminate\\Pipeline\\Pipeline->Illuminate\\Pipeline\\{closure}()
#36 /home/alejandro/play-work/playgroup-admin---laravel/vendor/laravel/framework/src/Illuminate/Pipeline/Pipeline.php(171): Fideloper\\Proxy\\TrustProxies->handle()
#37 /home/alejandro/play-work/playgroup-admin---laravel/vendor/laravel/framework/src/Illuminate/Pipeline/Pipeline.php(105): Illuminate\\Pipeline\\Pipeline->Illuminate\\Pipeline\\{closure}()
#38 /home/alejandro/play-work/playgroup-admin---laravel/vendor/laravel/framework/src/Illuminate/Foundation/Http/Kernel.php(145): Illuminate\\Pipeline\\Pipeline->then()
#39 /home/alejandro/play-work/playgroup-admin---laravel/vendor/laravel/framework/src/Illuminate/Foundation/Http/Kernel.php(110): Illuminate\\Foundation\\Http\\Kernel->sendRequestThroughRouter()
#40 /home/alejandro/play-work/playgroup-admin---laravel/public/index.php(55): Illuminate\\Foundation\\Http\\Kernel->handle()
#41 /home/alejandro/play-work/playgroup-admin---laravel/server.php(21): require_once('/home/alejandro...')
#42 {main}

[previous exception] [object] (PDOException(code: 42S22): SQLSTATE[42S22]: Column not found: 1054 Unknown column 'position' in 'field list' at /home/alejandro/play-work/playgroup-admin---laravel/vendor/doctrine/dbal/lib/Doctrine/DBAL/Driver/PDOConnection.php:82)
[stacktrace]
#0 /home/alejandro/play-work/playgroup-admin---laravel/vendor/doctrine/dbal/lib/Doctrine/DBAL/Driver/PDOConnection.php(82): PDO->prepare()
#1 /home/alejandro/play-work/playgroup-admin---laravel/vendor/laravel/framework/src/Illuminate/Database/Connection.php(331): Doctrine\\DBAL\\Driver\\PDOConnection->prepare()
#2 /home/alejandro/play-work/playgroup-admin---laravel/vendor/laravel/framework/src/Illuminate/Database/Connection.php(662): Illuminate\\Database\\Connection->Illuminate\\Database\\{closure}()
#3 /home/alejandro/play-work/playgroup-admin---laravel/vendor/laravel/framework/src/Illuminate/Database/Connection.php(629): Illuminate\\Database\\Connection->runQueryCallback()
#4 /home/alejandro/play-work/playgroup-admin---laravel/vendor/laravel/framework/src/Illuminate/Database/Connection.php(338): Illuminate\\Database\\Connection->run()
#5 /home/alejandro/play-work/playgroup-admin---laravel/vendor/laravel/framework/src/Illuminate/Database/Query/Builder.php(2159): Illuminate\\Database\\Connection->select()
#6 /home/alejandro/play-work/playgroup-admin---laravel/vendor/laravel/framework/src/Illuminate/Database/Query/Builder.php(2147): Illuminate\\Database\\Query\\Builder->runSelect()
#7 /home/alejandro/play-work/playgroup-admin---laravel/vendor/laravel/framework/src/Illuminate/Database/Query/Builder.php(2619): Illuminate\\Database\\Query\\Builder->Illuminate\\Database\\Query\\{closure}()
#8 /home/alejandro/play-work/playgroup-admin---laravel/vendor/laravel/framework/src/Illuminate/Database/Query/Builder.php(2148): Illuminate\\Database\\Query\\Builder->onceWithColumns()
#9 /home/alejandro/play-work/playgroup-admin---laravel/vendor/laravel/framework/src/Illuminate/Database/Eloquent/Builder.php(546): Illuminate\\Database\\Query\\Builder->get()
#10 /home/alejandro/play-work/playgroup-admin---laravel/vendor/laravel/framework/src/Illuminate/Database/Eloquent/Builder.php(530): Illuminate\\Database\\Eloquent\\Builder->getModels()
#11 /home/alejandro/play-work/playgroup-admin---laravel/app/Http/Controllers/Api/PageController.php(78): Illuminate\\Database\\Eloquent\\Builder->get()
#12 /home/alejandro/play-work/playgroup-admin---laravel/vendor/laravel/framework/src/Illuminate/Routing/Controller.php(54): App\\Http\\Controllers\\Api\\PageController->home()
#13 /home/alejandro/play-work/playgroup-admin---laravel/vendor/laravel/framework/src/Illuminate/Routing/ControllerDispatcher.php(45): Illuminate\\Routing\\Controller->callAction()
#14 /home/alejandro/play-work/playgroup-admin---laravel/vendor/laravel/framework/src/Illuminate/Routing/Route.php(219): Illuminate\\Routing\\ControllerDispatcher->dispatch()
#15 /home/alejandro/play-work/playgroup-admin---laravel/vendor/laravel/framework/src/Illuminate/Routing/Route.php(176): Illuminate\\Routing\\Route->runController()
#16 /home/alejandro/play-work/playgroup-admin---laravel/vendor/laravel/framework/src/Illuminate/Routing/Router.php(681): Illuminate\\Routing\\Route->run()
#17 /home/alejandro/play-work/playgroup-admin---laravel/vendor/laravel/framework/src/Illuminate/Pipeline/Pipeline.php(130): Illuminate\\Routing\\Router->Illuminate\\Routing\\{closure}()
#18 /home/alejandro/play-work/playgroup-admin---laravel/vendor/laravel/framework/src/Illuminate/Routing/Middleware/SubstituteBindings.php(41): Illuminate\\Pipeline\\Pipeline->Illuminate\\Pipeline\\{closure}()
#19 /home/alejandro/play-work/playgroup-admin---laravel/vendor/laravel/framework/src/Illuminate/Pipeline/Pipeline.php(171): Illuminate\\Routing\\Middleware\\SubstituteBindings->handle()
#20 /home/alejandro/play-work/playgroup-admin---laravel/vendor/laravel/framework/src/Illuminate/Pipeline/Pipeline.php(105): Illuminate\\Pipeline\\Pipeline->Illuminate\\Pipeline\\{closure}()
#21 /home/alejandro/play-work/playgroup-admin---laravel/vendor/laravel/framework/src/Illuminate/Routing/Router.php(683): Illuminate\\Pipeline\\Pipeline->then()
#22 /home/alejandro/play-work/playgroup-admin---laravel/vendor/laravel/framework/src/Illuminate/Routing/Router.php(658): Illuminate\\Routing\\Router->runRouteWithinStack()
#23 /home/alejandro/play-work/playgroup-admin---laravel/vendor/laravel/framework/src/Illuminate/Routing/Router.php(624): Illuminate\\Routing\\Router->runRoute()
#24 /home/alejandro/play-work/playgroup-admin---laravel/vendor/laravel/framework/src/Illuminate/Routing/Router.php(613): Illuminate\\Routing\\Router->dispatchToRoute()
#25 /home/alejandro/play-work/playgroup-admin---laravel/vendor/laravel/framework/src/Illuminate/Foundation/Http/Kernel.php(170): Illuminate\\Routing\\Router->dispatch()
#26 /home/alejandro/play-work/playgroup-admin---laravel/vendor/laravel/framework/src/Illuminate/Pipeline/Pipeline.php(130): Illuminate\\Foundation\\Http\\Kernel->Illuminate\\Foundation\\Http\\{closure}()
#27 /home/alejandro/play-work/playgroup-admin---laravel/vendor/laravel/framework/src/Illuminate/Foundation/Http/Middleware/TransformsRequest.php(21): Illuminate\\Pipeline\\Pipeline->Illuminate\\Pipeline\\{closure}()
#28 /home/alejandro/play-work/playgroup-admin---laravel/vendor/laravel/framework/src/Illuminate/Pipeline/Pipeline.php(171): Illuminate\\Foundation\\Http\\Middleware\\TransformsRequest->handle()
#29 /home/alejandro/play-work/playgroup-admin---laravel/vendor/laravel/framework/src/Illuminate/Foundation/Http/Middleware/TransformsRequest.php(21): Illuminate\\Pipeline\\Pipeline->Illuminate\\Pipeline\\{closure}()
#30 /home/alejandro/play-work/playgroup-admin---laravel/vendor/laravel/framework/src/Illuminate/Pipeline/Pipeline.php(171): Illuminate\\Foundation\\Http\\Middleware\\TransformsRequest->handle()
#31 /home/alejandro/play-work/playgroup-admin---laravel/vendor/laravel/framework/src/Illuminate/Foundation/Http/Middleware/ValidatePostSize.php(27): Illuminate\\Pipeline\\Pipeline->Illuminate\\Pipeline\\{closure}()
#32 /home/alejandro/play-work/playgroup-admin---laravel/vendor/laravel/framework/src/Illuminate/Pipeline/Pipeline.php(171): Illuminate\\Foundation\\Http\\Middleware\\ValidatePostSize->handle()
#33 /home/alejandro/play-work/playgroup-admin---laravel/vendor/laravel/framework/src/Illuminate/Foundation/Http/Middleware/CheckForMaintenanceMode.php(63): Illuminate\\Pipeline\\Pipeline->Illuminate\\Pipeline\\{closure}()
#34 /home/alejandro/play-work/playgroup-admin---laravel/vendor/laravel/framework/src/Illuminate/Pipeline/Pipeline.php(171): Illuminate\\Foundation\\Http\\Middleware\\CheckForMaintenanceMode->handle()
#35 /home/alejandro/play-work/playgroup-admin---laravel/vendor/fideloper/proxy/src/TrustProxies.php(57): Illuminate\\Pipeline\\Pipeline->Illuminate\\Pipeline\\{closure}()
#36 /home/alejandro/play-work/playgroup-admin---laravel/vendor/laravel/framework/src/Illuminate/Pipeline/Pipeline.php(171): Fideloper\\Proxy\\TrustProxies->handle()
#37 /home/alejandro/play-work/playgroup-admin---laravel/vendor/laravel/framework/src/Illuminate/Pipeline/Pipeline.php(105): Illuminate\\Pipeline\\Pipeline->Illuminate\\Pipeline\\{closure}()
#38 /home/alejandro/play-work/playgroup-admin---laravel/vendor/laravel/framework/src/Illuminate/Foundation/Http/Kernel.php(145): Illuminate\\Pipeline\\Pipeline->then()
#39 /home/alejandro/play-work/playgroup-admin---laravel/vendor/laravel/framework/src/Illuminate/Foundation/Http/Kernel.php(110): Illuminate\\Foundation\\Http\\Kernel->sendRequestThroughRouter()
#40 /home/alejandro/play-work/playgroup-admin---laravel/public/index.php(55): Illuminate\\Foundation\\Http\\Kernel->handle()
#41 /home/alejandro/play-work/playgroup-admin---laravel/server.php(21): require_once('/home/alejandro...')
#42 {main}
"} 
[2025-05-20 15:16:18] local.ERROR: SQLSTATE[42S22]: Column not found: 1054 Unknown column 'position' in 'field list' (SQL: select `name`, `image`, `position`, `category` from `awards` order by `index` asc) {"exception":"[object] (Illuminate\\Database\\QueryException(code: 42S22): SQLSTATE[42S22]: Column not found: 1054 Unknown column 'position' in 'field list' (SQL: select `name`, `image`, `position`, `category` from `awards` order by `index` asc) at /home/alejandro/play-work/playgroup-admin---laravel/vendor/laravel/framework/src/Illuminate/Database/Connection.php:669)
[stacktrace]
#0 /home/alejandro/play-work/playgroup-admin---laravel/vendor/laravel/framework/src/Illuminate/Database/Connection.php(629): Illuminate\\Database\\Connection->runQueryCallback()
#1 /home/alejandro/play-work/playgroup-admin---laravel/vendor/laravel/framework/src/Illuminate/Database/Connection.php(338): Illuminate\\Database\\Connection->run()
#2 /home/alejandro/play-work/playgroup-admin---laravel/vendor/laravel/framework/src/Illuminate/Database/Query/Builder.php(2159): Illuminate\\Database\\Connection->select()
#3 /home/alejandro/play-work/playgroup-admin---laravel/vendor/laravel/framework/src/Illuminate/Database/Query/Builder.php(2147): Illuminate\\Database\\Query\\Builder->runSelect()
#4 /home/alejandro/play-work/playgroup-admin---laravel/vendor/laravel/framework/src/Illuminate/Database/Query/Builder.php(2619): Illuminate\\Database\\Query\\Builder->Illuminate\\Database\\Query\\{closure}()
#5 /home/alejandro/play-work/playgroup-admin---laravel/vendor/laravel/framework/src/Illuminate/Database/Query/Builder.php(2148): Illuminate\\Database\\Query\\Builder->onceWithColumns()
#6 /home/alejandro/play-work/playgroup-admin---laravel/vendor/laravel/framework/src/Illuminate/Database/Eloquent/Builder.php(546): Illuminate\\Database\\Query\\Builder->get()
#7 /home/alejandro/play-work/playgroup-admin---laravel/vendor/laravel/framework/src/Illuminate/Database/Eloquent/Builder.php(530): Illuminate\\Database\\Eloquent\\Builder->getModels()
#8 /home/alejandro/play-work/playgroup-admin---laravel/app/Http/Controllers/Api/PageController.php(78): Illuminate\\Database\\Eloquent\\Builder->get()
#9 /home/alejandro/play-work/playgroup-admin---laravel/vendor/laravel/framework/src/Illuminate/Routing/Controller.php(54): App\\Http\\Controllers\\Api\\PageController->home()
#10 /home/alejandro/play-work/playgroup-admin---laravel/vendor/laravel/framework/src/Illuminate/Routing/ControllerDispatcher.php(45): Illuminate\\Routing\\Controller->callAction()
#11 /home/alejandro/play-work/playgroup-admin---laravel/vendor/laravel/framework/src/Illuminate/Routing/Route.php(219): Illuminate\\Routing\\ControllerDispatcher->dispatch()
#12 /home/alejandro/play-work/playgroup-admin---laravel/vendor/laravel/framework/src/Illuminate/Routing/Route.php(176): Illuminate\\Routing\\Route->runController()
#13 /home/alejandro/play-work/playgroup-admin---laravel/vendor/laravel/framework/src/Illuminate/Routing/Router.php(681): Illuminate\\Routing\\Route->run()
#14 /home/alejandro/play-work/playgroup-admin---laravel/vendor/laravel/framework/src/Illuminate/Pipeline/Pipeline.php(130): Illuminate\\Routing\\Router->Illuminate\\Routing\\{closure}()
#15 /home/alejandro/play-work/playgroup-admin---laravel/vendor/laravel/framework/src/Illuminate/Routing/Middleware/SubstituteBindings.php(41): Illuminate\\Pipeline\\Pipeline->Illuminate\\Pipeline\\{closure}()
#16 /home/alejandro/play-work/playgroup-admin---laravel/vendor/laravel/framework/src/Illuminate/Pipeline/Pipeline.php(171): Illuminate\\Routing\\Middleware\\SubstituteBindings->handle()
#17 /home/alejandro/play-work/playgroup-admin---laravel/vendor/laravel/framework/src/Illuminate/Pipeline/Pipeline.php(105): Illuminate\\Pipeline\\Pipeline->Illuminate\\Pipeline\\{closure}()
#18 /home/alejandro/play-work/playgroup-admin---laravel/vendor/laravel/framework/src/Illuminate/Routing/Router.php(683): Illuminate\\Pipeline\\Pipeline->then()
#19 /home/alejandro/play-work/playgroup-admin---laravel/vendor/laravel/framework/src/Illuminate/Routing/Router.php(658): Illuminate\\Routing\\Router->runRouteWithinStack()
#20 /home/alejandro/play-work/playgroup-admin---laravel/vendor/laravel/framework/src/Illuminate/Routing/Router.php(624): Illuminate\\Routing\\Router->runRoute()
#21 /home/alejandro/play-work/playgroup-admin---laravel/vendor/laravel/framework/src/Illuminate/Routing/Router.php(613): Illuminate\\Routing\\Router->dispatchToRoute()
#22 /home/alejandro/play-work/playgroup-admin---laravel/vendor/laravel/framework/src/Illuminate/Foundation/Http/Kernel.php(170): Illuminate\\Routing\\Router->dispatch()
#23 /home/alejandro/play-work/playgroup-admin---laravel/vendor/laravel/framework/src/Illuminate/Pipeline/Pipeline.php(130): Illuminate\\Foundation\\Http\\Kernel->Illuminate\\Foundation\\Http\\{closure}()
#24 /home/alejandro/play-work/playgroup-admin---laravel/vendor/laravel/framework/src/Illuminate/Foundation/Http/Middleware/TransformsRequest.php(21): Illuminate\\Pipeline\\Pipeline->Illuminate\\Pipeline\\{closure}()
#25 /home/alejandro/play-work/playgroup-admin---laravel/vendor/laravel/framework/src/Illuminate/Pipeline/Pipeline.php(171): Illuminate\\Foundation\\Http\\Middleware\\TransformsRequest->handle()
#26 /home/alejandro/play-work/playgroup-admin---laravel/vendor/laravel/framework/src/Illuminate/Foundation/Http/Middleware/TransformsRequest.php(21): Illuminate\\Pipeline\\Pipeline->Illuminate\\Pipeline\\{closure}()
#27 /home/alejandro/play-work/playgroup-admin---laravel/vendor/laravel/framework/src/Illuminate/Pipeline/Pipeline.php(171): Illuminate\\Foundation\\Http\\Middleware\\TransformsRequest->handle()
#28 /home/alejandro/play-work/playgroup-admin---laravel/vendor/laravel/framework/src/Illuminate/Foundation/Http/Middleware/ValidatePostSize.php(27): Illuminate\\Pipeline\\Pipeline->Illuminate\\Pipeline\\{closure}()
#29 /home/alejandro/play-work/playgroup-admin---laravel/vendor/laravel/framework/src/Illuminate/Pipeline/Pipeline.php(171): Illuminate\\Foundation\\Http\\Middleware\\ValidatePostSize->handle()
#30 /home/alejandro/play-work/playgroup-admin---laravel/vendor/laravel/framework/src/Illuminate/Foundation/Http/Middleware/CheckForMaintenanceMode.php(63): Illuminate\\Pipeline\\Pipeline->Illuminate\\Pipeline\\{closure}()
#31 /home/alejandro/play-work/playgroup-admin---laravel/vendor/laravel/framework/src/Illuminate/Pipeline/Pipeline.php(171): Illuminate\\Foundation\\Http\\Middleware\\CheckForMaintenanceMode->handle()
#32 /home/alejandro/play-work/playgroup-admin---laravel/vendor/fideloper/proxy/src/TrustProxies.php(57): Illuminate\\Pipeline\\Pipeline->Illuminate\\Pipeline\\{closure}()
#33 /home/alejandro/play-work/playgroup-admin---laravel/vendor/laravel/framework/src/Illuminate/Pipeline/Pipeline.php(171): Fideloper\\Proxy\\TrustProxies->handle()
#34 /home/alejandro/play-work/playgroup-admin---laravel/vendor/laravel/framework/src/Illuminate/Pipeline/Pipeline.php(105): Illuminate\\Pipeline\\Pipeline->Illuminate\\Pipeline\\{closure}()
#35 /home/alejandro/play-work/playgroup-admin---laravel/vendor/laravel/framework/src/Illuminate/Foundation/Http/Kernel.php(145): Illuminate\\Pipeline\\Pipeline->then()
#36 /home/alejandro/play-work/playgroup-admin---laravel/vendor/laravel/framework/src/Illuminate/Foundation/Http/Kernel.php(110): Illuminate\\Foundation\\Http\\Kernel->sendRequestThroughRouter()
#37 /home/alejandro/play-work/playgroup-admin---laravel/public/index.php(55): Illuminate\\Foundation\\Http\\Kernel->handle()
#38 /home/alejandro/play-work/playgroup-admin---laravel/server.php(21): require_once('/home/alejandro...')
#39 {main}

[previous exception] [object] (Doctrine\\DBAL\\Driver\\PDO\\Exception(code: 42S22): SQLSTATE[42S22]: Column not found: 1054 Unknown column 'position' in 'field list' at /home/alejandro/play-work/playgroup-admin---laravel/vendor/doctrine/dbal/lib/Doctrine/DBAL/Driver/PDO/Exception.php:18)
[stacktrace]
#0 /home/alejandro/play-work/playgroup-admin---laravel/vendor/doctrine/dbal/lib/Doctrine/DBAL/Driver/PDOConnection.php(87): Doctrine\\DBAL\\Driver\\PDO\\Exception::new()
#1 /home/alejandro/play-work/playgroup-admin---laravel/vendor/laravel/framework/src/Illuminate/Database/Connection.php(331): Doctrine\\DBAL\\Driver\\PDOConnection->prepare()
#2 /home/alejandro/play-work/playgroup-admin---laravel/vendor/laravel/framework/src/Illuminate/Database/Connection.php(662): Illuminate\\Database\\Connection->Illuminate\\Database\\{closure}()
#3 /home/alejandro/play-work/playgroup-admin---laravel/vendor/laravel/framework/src/Illuminate/Database/Connection.php(629): Illuminate\\Database\\Connection->runQueryCallback()
#4 /home/alejandro/play-work/playgroup-admin---laravel/vendor/laravel/framework/src/Illuminate/Database/Connection.php(338): Illuminate\\Database\\Connection->run()
#5 /home/alejandro/play-work/playgroup-admin---laravel/vendor/laravel/framework/src/Illuminate/Database/Query/Builder.php(2159): Illuminate\\Database\\Connection->select()
#6 /home/alejandro/play-work/playgroup-admin---laravel/vendor/laravel/framework/src/Illuminate/Database/Query/Builder.php(2147): Illuminate\\Database\\Query\\Builder->runSelect()
#7 /home/alejandro/play-work/playgroup-admin---laravel/vendor/laravel/framework/src/Illuminate/Database/Query/Builder.php(2619): Illuminate\\Database\\Query\\Builder->Illuminate\\Database\\Query\\{closure}()
#8 /home/alejandro/play-work/playgroup-admin---laravel/vendor/laravel/framework/src/Illuminate/Database/Query/Builder.php(2148): Illuminate\\Database\\Query\\Builder->onceWithColumns()
#9 /home/alejandro/play-work/playgroup-admin---laravel/vendor/laravel/framework/src/Illuminate/Database/Eloquent/Builder.php(546): Illuminate\\Database\\Query\\Builder->get()
#10 /home/alejandro/play-work/playgroup-admin---laravel/vendor/laravel/framework/src/Illuminate/Database/Eloquent/Builder.php(530): Illuminate\\Database\\Eloquent\\Builder->getModels()
#11 /home/alejandro/play-work/playgroup-admin---laravel/app/Http/Controllers/Api/PageController.php(78): Illuminate\\Database\\Eloquent\\Builder->get()
#12 /home/alejandro/play-work/playgroup-admin---laravel/vendor/laravel/framework/src/Illuminate/Routing/Controller.php(54): App\\Http\\Controllers\\Api\\PageController->home()
#13 /home/alejandro/play-work/playgroup-admin---laravel/vendor/laravel/framework/src/Illuminate/Routing/ControllerDispatcher.php(45): Illuminate\\Routing\\Controller->callAction()
#14 /home/alejandro/play-work/playgroup-admin---laravel/vendor/laravel/framework/src/Illuminate/Routing/Route.php(219): Illuminate\\Routing\\ControllerDispatcher->dispatch()
#15 /home/alejandro/play-work/playgroup-admin---laravel/vendor/laravel/framework/src/Illuminate/Routing/Route.php(176): Illuminate\\Routing\\Route->runController()
#16 /home/alejandro/play-work/playgroup-admin---laravel/vendor/laravel/framework/src/Illuminate/Routing/Router.php(681): Illuminate\\Routing\\Route->run()
#17 /home/alejandro/play-work/playgroup-admin---laravel/vendor/laravel/framework/src/Illuminate/Pipeline/Pipeline.php(130): Illuminate\\Routing\\Router->Illuminate\\Routing\\{closure}()
#18 /home/alejandro/play-work/playgroup-admin---laravel/vendor/laravel/framework/src/Illuminate/Routing/Middleware/SubstituteBindings.php(41): Illuminate\\Pipeline\\Pipeline->Illuminate\\Pipeline\\{closure}()
#19 /home/alejandro/play-work/playgroup-admin---laravel/vendor/laravel/framework/src/Illuminate/Pipeline/Pipeline.php(171): Illuminate\\Routing\\Middleware\\SubstituteBindings->handle()
#20 /home/alejandro/play-work/playgroup-admin---laravel/vendor/laravel/framework/src/Illuminate/Pipeline/Pipeline.php(105): Illuminate\\Pipeline\\Pipeline->Illuminate\\Pipeline\\{closure}()
#21 /home/alejandro/play-work/playgroup-admin---laravel/vendor/laravel/framework/src/Illuminate/Routing/Router.php(683): Illuminate\\Pipeline\\Pipeline->then()
#22 /home/alejandro/play-work/playgroup-admin---laravel/vendor/laravel/framework/src/Illuminate/Routing/Router.php(658): Illuminate\\Routing\\Router->runRouteWithinStack()
#23 /home/alejandro/play-work/playgroup-admin---laravel/vendor/laravel/framework/src/Illuminate/Routing/Router.php(624): Illuminate\\Routing\\Router->runRoute()
#24 /home/alejandro/play-work/playgroup-admin---laravel/vendor/laravel/framework/src/Illuminate/Routing/Router.php(613): Illuminate\\Routing\\Router->dispatchToRoute()
#25 /home/alejandro/play-work/playgroup-admin---laravel/vendor/laravel/framework/src/Illuminate/Foundation/Http/Kernel.php(170): Illuminate\\Routing\\Router->dispatch()
#26 /home/alejandro/play-work/playgroup-admin---laravel/vendor/laravel/framework/src/Illuminate/Pipeline/Pipeline.php(130): Illuminate\\Foundation\\Http\\Kernel->Illuminate\\Foundation\\Http\\{closure}()
#27 /home/alejandro/play-work/playgroup-admin---laravel/vendor/laravel/framework/src/Illuminate/Foundation/Http/Middleware/TransformsRequest.php(21): Illuminate\\Pipeline\\Pipeline->Illuminate\\Pipeline\\{closure}()
#28 /home/alejandro/play-work/playgroup-admin---laravel/vendor/laravel/framework/src/Illuminate/Pipeline/Pipeline.php(171): Illuminate\\Foundation\\Http\\Middleware\\TransformsRequest->handle()
#29 /home/alejandro/play-work/playgroup-admin---laravel/vendor/laravel/framework/src/Illuminate/Foundation/Http/Middleware/TransformsRequest.php(21): Illuminate\\Pipeline\\Pipeline->Illuminate\\Pipeline\\{closure}()
#30 /home/alejandro/play-work/playgroup-admin---laravel/vendor/laravel/framework/src/Illuminate/Pipeline/Pipeline.php(171): Illuminate\\Foundation\\Http\\Middleware\\TransformsRequest->handle()
#31 /home/alejandro/play-work/playgroup-admin---laravel/vendor/laravel/framework/src/Illuminate/Foundation/Http/Middleware/ValidatePostSize.php(27): Illuminate\\Pipeline\\Pipeline->Illuminate\\Pipeline\\{closure}()
#32 /home/alejandro/play-work/playgroup-admin---laravel/vendor/laravel/framework/src/Illuminate/Pipeline/Pipeline.php(171): Illuminate\\Foundation\\Http\\Middleware\\ValidatePostSize->handle()
#33 /home/alejandro/play-work/playgroup-admin---laravel/vendor/laravel/framework/src/Illuminate/Foundation/Http/Middleware/CheckForMaintenanceMode.php(63): Illuminate\\Pipeline\\Pipeline->Illuminate\\Pipeline\\{closure}()
#34 /home/alejandro/play-work/playgroup-admin---laravel/vendor/laravel/framework/src/Illuminate/Pipeline/Pipeline.php(171): Illuminate\\Foundation\\Http\\Middleware\\CheckForMaintenanceMode->handle()
#35 /home/alejandro/play-work/playgroup-admin---laravel/vendor/fideloper/proxy/src/TrustProxies.php(57): Illuminate\\Pipeline\\Pipeline->Illuminate\\Pipeline\\{closure}()
#36 /home/alejandro/play-work/playgroup-admin---laravel/vendor/laravel/framework/src/Illuminate/Pipeline/Pipeline.php(171): Fideloper\\Proxy\\TrustProxies->handle()
#37 /home/alejandro/play-work/playgroup-admin---laravel/vendor/laravel/framework/src/Illuminate/Pipeline/Pipeline.php(105): Illuminate\\Pipeline\\Pipeline->Illuminate\\Pipeline\\{closure}()
#38 /home/alejandro/play-work/playgroup-admin---laravel/vendor/laravel/framework/src/Illuminate/Foundation/Http/Kernel.php(145): Illuminate\\Pipeline\\Pipeline->then()
#39 /home/alejandro/play-work/playgroup-admin---laravel/vendor/laravel/framework/src/Illuminate/Foundation/Http/Kernel.php(110): Illuminate\\Foundation\\Http\\Kernel->sendRequestThroughRouter()
#40 /home/alejandro/play-work/playgroup-admin---laravel/public/index.php(55): Illuminate\\Foundation\\Http\\Kernel->handle()
#41 /home/alejandro/play-work/playgroup-admin---laravel/server.php(21): require_once('/home/alejandro...')
#42 {main}

[previous exception] [object] (PDOException(code: 42S22): SQLSTATE[42S22]: Column not found: 1054 Unknown column 'position' in 'field list' at /home/alejandro/play-work/playgroup-admin---laravel/vendor/doctrine/dbal/lib/Doctrine/DBAL/Driver/PDOConnection.php:82)
[stacktrace]
#0 /home/alejandro/play-work/playgroup-admin---laravel/vendor/doctrine/dbal/lib/Doctrine/DBAL/Driver/PDOConnection.php(82): PDO->prepare()
#1 /home/alejandro/play-work/playgroup-admin---laravel/vendor/laravel/framework/src/Illuminate/Database/Connection.php(331): Doctrine\\DBAL\\Driver\\PDOConnection->prepare()
#2 /home/alejandro/play-work/playgroup-admin---laravel/vendor/laravel/framework/src/Illuminate/Database/Connection.php(662): Illuminate\\Database\\Connection->Illuminate\\Database\\{closure}()
#3 /home/alejandro/play-work/playgroup-admin---laravel/vendor/laravel/framework/src/Illuminate/Database/Connection.php(629): Illuminate\\Database\\Connection->runQueryCallback()
#4 /home/alejandro/play-work/playgroup-admin---laravel/vendor/laravel/framework/src/Illuminate/Database/Connection.php(338): Illuminate\\Database\\Connection->run()
#5 /home/alejandro/play-work/playgroup-admin---laravel/vendor/laravel/framework/src/Illuminate/Database/Query/Builder.php(2159): Illuminate\\Database\\Connection->select()
#6 /home/alejandro/play-work/playgroup-admin---laravel/vendor/laravel/framework/src/Illuminate/Database/Query/Builder.php(2147): Illuminate\\Database\\Query\\Builder->runSelect()
#7 /home/alejandro/play-work/playgroup-admin---laravel/vendor/laravel/framework/src/Illuminate/Database/Query/Builder.php(2619): Illuminate\\Database\\Query\\Builder->Illuminate\\Database\\Query\\{closure}()
#8 /home/alejandro/play-work/playgroup-admin---laravel/vendor/laravel/framework/src/Illuminate/Database/Query/Builder.php(2148): Illuminate\\Database\\Query\\Builder->onceWithColumns()
#9 /home/alejandro/play-work/playgroup-admin---laravel/vendor/laravel/framework/src/Illuminate/Database/Eloquent/Builder.php(546): Illuminate\\Database\\Query\\Builder->get()
#10 /home/alejandro/play-work/playgroup-admin---laravel/vendor/laravel/framework/src/Illuminate/Database/Eloquent/Builder.php(530): Illuminate\\Database\\Eloquent\\Builder->getModels()
#11 /home/alejandro/play-work/playgroup-admin---laravel/app/Http/Controllers/Api/PageController.php(78): Illuminate\\Database\\Eloquent\\Builder->get()
#12 /home/alejandro/play-work/playgroup-admin---laravel/vendor/laravel/framework/src/Illuminate/Routing/Controller.php(54): App\\Http\\Controllers\\Api\\PageController->home()
#13 /home/alejandro/play-work/playgroup-admin---laravel/vendor/laravel/framework/src/Illuminate/Routing/ControllerDispatcher.php(45): Illuminate\\Routing\\Controller->callAction()
#14 /home/alejandro/play-work/playgroup-admin---laravel/vendor/laravel/framework/src/Illuminate/Routing/Route.php(219): Illuminate\\Routing\\ControllerDispatcher->dispatch()
#15 /home/alejandro/play-work/playgroup-admin---laravel/vendor/laravel/framework/src/Illuminate/Routing/Route.php(176): Illuminate\\Routing\\Route->runController()
#16 /home/alejandro/play-work/playgroup-admin---laravel/vendor/laravel/framework/src/Illuminate/Routing/Router.php(681): Illuminate\\Routing\\Route->run()
#17 /home/alejandro/play-work/playgroup-admin---laravel/vendor/laravel/framework/src/Illuminate/Pipeline/Pipeline.php(130): Illuminate\\Routing\\Router->Illuminate\\Routing\\{closure}()
#18 /home/alejandro/play-work/playgroup-admin---laravel/vendor/laravel/framework/src/Illuminate/Routing/Middleware/SubstituteBindings.php(41): Illuminate\\Pipeline\\Pipeline->Illuminate\\Pipeline\\{closure}()
#19 /home/alejandro/play-work/playgroup-admin---laravel/vendor/laravel/framework/src/Illuminate/Pipeline/Pipeline.php(171): Illuminate\\Routing\\Middleware\\SubstituteBindings->handle()
#20 /home/alejandro/play-work/playgroup-admin---laravel/vendor/laravel/framework/src/Illuminate/Pipeline/Pipeline.php(105): Illuminate\\Pipeline\\Pipeline->Illuminate\\Pipeline\\{closure}()
#21 /home/alejandro/play-work/playgroup-admin---laravel/vendor/laravel/framework/src/Illuminate/Routing/Router.php(683): Illuminate\\Pipeline\\Pipeline->then()
#22 /home/alejandro/play-work/playgroup-admin---laravel/vendor/laravel/framework/src/Illuminate/Routing/Router.php(658): Illuminate\\Routing\\Router->runRouteWithinStack()
#23 /home/alejandro/play-work/playgroup-admin---laravel/vendor/laravel/framework/src/Illuminate/Routing/Router.php(624): Illuminate\\Routing\\Router->runRoute()
#24 /home/alejandro/play-work/playgroup-admin---laravel/vendor/laravel/framework/src/Illuminate/Routing/Router.php(613): Illuminate\\Routing\\Router->dispatchToRoute()
#25 /home/alejandro/play-work/playgroup-admin---laravel/vendor/laravel/framework/src/Illuminate/Foundation/Http/Kernel.php(170): Illuminate\\Routing\\Router->dispatch()
#26 /home/alejandro/play-work/playgroup-admin---laravel/vendor/laravel/framework/src/Illuminate/Pipeline/Pipeline.php(130): Illuminate\\Foundation\\Http\\Kernel->Illuminate\\Foundation\\Http\\{closure}()
#27 /home/alejandro/play-work/playgroup-admin---laravel/vendor/laravel/framework/src/Illuminate/Foundation/Http/Middleware/TransformsRequest.php(21): Illuminate\\Pipeline\\Pipeline->Illuminate\\Pipeline\\{closure}()
#28 /home/alejandro/play-work/playgroup-admin---laravel/vendor/laravel/framework/src/Illuminate/Pipeline/Pipeline.php(171): Illuminate\\Foundation\\Http\\Middleware\\TransformsRequest->handle()
#29 /home/alejandro/play-work/playgroup-admin---laravel/vendor/laravel/framework/src/Illuminate/Foundation/Http/Middleware/TransformsRequest.php(21): Illuminate\\Pipeline\\Pipeline->Illuminate\\Pipeline\\{closure}()
#30 /home/alejandro/play-work/playgroup-admin---laravel/vendor/laravel/framework/src/Illuminate/Pipeline/Pipeline.php(171): Illuminate\\Foundation\\Http\\Middleware\\TransformsRequest->handle()
#31 /home/alejandro/play-work/playgroup-admin---laravel/vendor/laravel/framework/src/Illuminate/Foundation/Http/Middleware/ValidatePostSize.php(27): Illuminate\\Pipeline\\Pipeline->Illuminate\\Pipeline\\{closure}()
#32 /home/alejandro/play-work/playgroup-admin---laravel/vendor/laravel/framework/src/Illuminate/Pipeline/Pipeline.php(171): Illuminate\\Foundation\\Http\\Middleware\\ValidatePostSize->handle()
#33 /home/alejandro/play-work/playgroup-admin---laravel/vendor/laravel/framework/src/Illuminate/Foundation/Http/Middleware/CheckForMaintenanceMode.php(63): Illuminate\\Pipeline\\Pipeline->Illuminate\\Pipeline\\{closure}()
#34 /home/alejandro/play-work/playgroup-admin---laravel/vendor/laravel/framework/src/Illuminate/Pipeline/Pipeline.php(171): Illuminate\\Foundation\\Http\\Middleware\\CheckForMaintenanceMode->handle()
#35 /home/alejandro/play-work/playgroup-admin---laravel/vendor/fideloper/proxy/src/TrustProxies.php(57): Illuminate\\Pipeline\\Pipeline->Illuminate\\Pipeline\\{closure}()
#36 /home/alejandro/play-work/playgroup-admin---laravel/vendor/laravel/framework/src/Illuminate/Pipeline/Pipeline.php(171): Fideloper\\Proxy\\TrustProxies->handle()
#37 /home/alejandro/play-work/playgroup-admin---laravel/vendor/laravel/framework/src/Illuminate/Pipeline/Pipeline.php(105): Illuminate\\Pipeline\\Pipeline->Illuminate\\Pipeline\\{closure}()
#38 /home/alejandro/play-work/playgroup-admin---laravel/vendor/laravel/framework/src/Illuminate/Foundation/Http/Kernel.php(145): Illuminate\\Pipeline\\Pipeline->then()
#39 /home/alejandro/play-work/playgroup-admin---laravel/vendor/laravel/framework/src/Illuminate/Foundation/Http/Kernel.php(110): Illuminate\\Foundation\\Http\\Kernel->sendRequestThroughRouter()
#40 /home/alejandro/play-work/playgroup-admin---laravel/public/index.php(55): Illuminate\\Foundation\\Http\\Kernel->handle()
#41 /home/alejandro/play-work/playgroup-admin---laravel/server.php(21): require_once('/home/alejandro...')
#42 {main}
"} 
[2025-05-20 15:16:20] local.ERROR: SQLSTATE[42S22]: Column not found: 1054 Unknown column 'position' in 'field list' (SQL: select `name`, `image`, `position`, `category` from `awards` order by `index` asc) {"exception":"[object] (Illuminate\\Database\\QueryException(code: 42S22): SQLSTATE[42S22]: Column not found: 1054 Unknown column 'position' in 'field list' (SQL: select `name`, `image`, `position`, `category` from `awards` order by `index` asc) at /home/alejandro/play-work/playgroup-admin---laravel/vendor/laravel/framework/src/Illuminate/Database/Connection.php:669)
[stacktrace]
#0 /home/alejandro/play-work/playgroup-admin---laravel/vendor/laravel/framework/src/Illuminate/Database/Connection.php(629): Illuminate\\Database\\Connection->runQueryCallback()
#1 /home/alejandro/play-work/playgroup-admin---laravel/vendor/laravel/framework/src/Illuminate/Database/Connection.php(338): Illuminate\\Database\\Connection->run()
#2 /home/alejandro/play-work/playgroup-admin---laravel/vendor/laravel/framework/src/Illuminate/Database/Query/Builder.php(2159): Illuminate\\Database\\Connection->select()
#3 /home/alejandro/play-work/playgroup-admin---laravel/vendor/laravel/framework/src/Illuminate/Database/Query/Builder.php(2147): Illuminate\\Database\\Query\\Builder->runSelect()
#4 /home/alejandro/play-work/playgroup-admin---laravel/vendor/laravel/framework/src/Illuminate/Database/Query/Builder.php(2619): Illuminate\\Database\\Query\\Builder->Illuminate\\Database\\Query\\{closure}()
#5 /home/alejandro/play-work/playgroup-admin---laravel/vendor/laravel/framework/src/Illuminate/Database/Query/Builder.php(2148): Illuminate\\Database\\Query\\Builder->onceWithColumns()
#6 /home/alejandro/play-work/playgroup-admin---laravel/vendor/laravel/framework/src/Illuminate/Database/Eloquent/Builder.php(546): Illuminate\\Database\\Query\\Builder->get()
#7 /home/alejandro/play-work/playgroup-admin---laravel/vendor/laravel/framework/src/Illuminate/Database/Eloquent/Builder.php(530): Illuminate\\Database\\Eloquent\\Builder->getModels()
#8 /home/alejandro/play-work/playgroup-admin---laravel/app/Http/Controllers/Api/PageController.php(78): Illuminate\\Database\\Eloquent\\Builder->get()
#9 /home/alejandro/play-work/playgroup-admin---laravel/vendor/laravel/framework/src/Illuminate/Routing/Controller.php(54): App\\Http\\Controllers\\Api\\PageController->home()
#10 /home/alejandro/play-work/playgroup-admin---laravel/vendor/laravel/framework/src/Illuminate/Routing/ControllerDispatcher.php(45): Illuminate\\Routing\\Controller->callAction()
#11 /home/alejandro/play-work/playgroup-admin---laravel/vendor/laravel/framework/src/Illuminate/Routing/Route.php(219): Illuminate\\Routing\\ControllerDispatcher->dispatch()
#12 /home/alejandro/play-work/playgroup-admin---laravel/vendor/laravel/framework/src/Illuminate/Routing/Route.php(176): Illuminate\\Routing\\Route->runController()
#13 /home/alejandro/play-work/playgroup-admin---laravel/vendor/laravel/framework/src/Illuminate/Routing/Router.php(681): Illuminate\\Routing\\Route->run()
#14 /home/alejandro/play-work/playgroup-admin---laravel/vendor/laravel/framework/src/Illuminate/Pipeline/Pipeline.php(130): Illuminate\\Routing\\Router->Illuminate\\Routing\\{closure}()
#15 /home/alejandro/play-work/playgroup-admin---laravel/vendor/laravel/framework/src/Illuminate/Routing/Middleware/SubstituteBindings.php(41): Illuminate\\Pipeline\\Pipeline->Illuminate\\Pipeline\\{closure}()
#16 /home/alejandro/play-work/playgroup-admin---laravel/vendor/laravel/framework/src/Illuminate/Pipeline/Pipeline.php(171): Illuminate\\Routing\\Middleware\\SubstituteBindings->handle()
#17 /home/alejandro/play-work/playgroup-admin---laravel/vendor/laravel/framework/src/Illuminate/Pipeline/Pipeline.php(105): Illuminate\\Pipeline\\Pipeline->Illuminate\\Pipeline\\{closure}()
#18 /home/alejandro/play-work/playgroup-admin---laravel/vendor/laravel/framework/src/Illuminate/Routing/Router.php(683): Illuminate\\Pipeline\\Pipeline->then()
#19 /home/alejandro/play-work/playgroup-admin---laravel/vendor/laravel/framework/src/Illuminate/Routing/Router.php(658): Illuminate\\Routing\\Router->runRouteWithinStack()
#20 /home/alejandro/play-work/playgroup-admin---laravel/vendor/laravel/framework/src/Illuminate/Routing/Router.php(624): Illuminate\\Routing\\Router->runRoute()
#21 /home/alejandro/play-work/playgroup-admin---laravel/vendor/laravel/framework/src/Illuminate/Routing/Router.php(613): Illuminate\\Routing\\Router->dispatchToRoute()
#22 /home/alejandro/play-work/playgroup-admin---laravel/vendor/laravel/framework/src/Illuminate/Foundation/Http/Kernel.php(170): Illuminate\\Routing\\Router->dispatch()
#23 /home/alejandro/play-work/playgroup-admin---laravel/vendor/laravel/framework/src/Illuminate/Pipeline/Pipeline.php(130): Illuminate\\Foundation\\Http\\Kernel->Illuminate\\Foundation\\Http\\{closure}()
#24 /home/alejandro/play-work/playgroup-admin---laravel/vendor/laravel/framework/src/Illuminate/Foundation/Http/Middleware/TransformsRequest.php(21): Illuminate\\Pipeline\\Pipeline->Illuminate\\Pipeline\\{closure}()
#25 /home/alejandro/play-work/playgroup-admin---laravel/vendor/laravel/framework/src/Illuminate/Pipeline/Pipeline.php(171): Illuminate\\Foundation\\Http\\Middleware\\TransformsRequest->handle()
#26 /home/alejandro/play-work/playgroup-admin---laravel/vendor/laravel/framework/src/Illuminate/Foundation/Http/Middleware/TransformsRequest.php(21): Illuminate\\Pipeline\\Pipeline->Illuminate\\Pipeline\\{closure}()
#27 /home/alejandro/play-work/playgroup-admin---laravel/vendor/laravel/framework/src/Illuminate/Pipeline/Pipeline.php(171): Illuminate\\Foundation\\Http\\Middleware\\TransformsRequest->handle()
#28 /home/alejandro/play-work/playgroup-admin---laravel/vendor/laravel/framework/src/Illuminate/Foundation/Http/Middleware/ValidatePostSize.php(27): Illuminate\\Pipeline\\Pipeline->Illuminate\\Pipeline\\{closure}()
#29 /home/alejandro/play-work/playgroup-admin---laravel/vendor/laravel/framework/src/Illuminate/Pipeline/Pipeline.php(171): Illuminate\\Foundation\\Http\\Middleware\\ValidatePostSize->handle()
#30 /home/alejandro/play-work/playgroup-admin---laravel/vendor/laravel/framework/src/Illuminate/Foundation/Http/Middleware/CheckForMaintenanceMode.php(63): Illuminate\\Pipeline\\Pipeline->Illuminate\\Pipeline\\{closure}()
#31 /home/alejandro/play-work/playgroup-admin---laravel/vendor/laravel/framework/src/Illuminate/Pipeline/Pipeline.php(171): Illuminate\\Foundation\\Http\\Middleware\\CheckForMaintenanceMode->handle()
#32 /home/alejandro/play-work/playgroup-admin---laravel/vendor/fideloper/proxy/src/TrustProxies.php(57): Illuminate\\Pipeline\\Pipeline->Illuminate\\Pipeline\\{closure}()
#33 /home/alejandro/play-work/playgroup-admin---laravel/vendor/laravel/framework/src/Illuminate/Pipeline/Pipeline.php(171): Fideloper\\Proxy\\TrustProxies->handle()
#34 /home/alejandro/play-work/playgroup-admin---laravel/vendor/laravel/framework/src/Illuminate/Pipeline/Pipeline.php(105): Illuminate\\Pipeline\\Pipeline->Illuminate\\Pipeline\\{closure}()
#35 /home/alejandro/play-work/playgroup-admin---laravel/vendor/laravel/framework/src/Illuminate/Foundation/Http/Kernel.php(145): Illuminate\\Pipeline\\Pipeline->then()
#36 /home/alejandro/play-work/playgroup-admin---laravel/vendor/laravel/framework/src/Illuminate/Foundation/Http/Kernel.php(110): Illuminate\\Foundation\\Http\\Kernel->sendRequestThroughRouter()
#37 /home/alejandro/play-work/playgroup-admin---laravel/public/index.php(55): Illuminate\\Foundation\\Http\\Kernel->handle()
#38 /home/alejandro/play-work/playgroup-admin---laravel/server.php(21): require_once('/home/alejandro...')
#39 {main}

[previous exception] [object] (Doctrine\\DBAL\\Driver\\PDO\\Exception(code: 42S22): SQLSTATE[42S22]: Column not found: 1054 Unknown column 'position' in 'field list' at /home/alejandro/play-work/playgroup-admin---laravel/vendor/doctrine/dbal/lib/Doctrine/DBAL/Driver/PDO/Exception.php:18)
[stacktrace]
#0 /home/alejandro/play-work/playgroup-admin---laravel/vendor/doctrine/dbal/lib/Doctrine/DBAL/Driver/PDOConnection.php(87): Doctrine\\DBAL\\Driver\\PDO\\Exception::new()
#1 /home/alejandro/play-work/playgroup-admin---laravel/vendor/laravel/framework/src/Illuminate/Database/Connection.php(331): Doctrine\\DBAL\\Driver\\PDOConnection->prepare()
#2 /home/alejandro/play-work/playgroup-admin---laravel/vendor/laravel/framework/src/Illuminate/Database/Connection.php(662): Illuminate\\Database\\Connection->Illuminate\\Database\\{closure}()
#3 /home/alejandro/play-work/playgroup-admin---laravel/vendor/laravel/framework/src/Illuminate/Database/Connection.php(629): Illuminate\\Database\\Connection->runQueryCallback()
#4 /home/alejandro/play-work/playgroup-admin---laravel/vendor/laravel/framework/src/Illuminate/Database/Connection.php(338): Illuminate\\Database\\Connection->run()
#5 /home/alejandro/play-work/playgroup-admin---laravel/vendor/laravel/framework/src/Illuminate/Database/Query/Builder.php(2159): Illuminate\\Database\\Connection->select()
#6 /home/alejandro/play-work/playgroup-admin---laravel/vendor/laravel/framework/src/Illuminate/Database/Query/Builder.php(2147): Illuminate\\Database\\Query\\Builder->runSelect()
#7 /home/alejandro/play-work/playgroup-admin---laravel/vendor/laravel/framework/src/Illuminate/Database/Query/Builder.php(2619): Illuminate\\Database\\Query\\Builder->Illuminate\\Database\\Query\\{closure}()
#8 /home/alejandro/play-work/playgroup-admin---laravel/vendor/laravel/framework/src/Illuminate/Database/Query/Builder.php(2148): Illuminate\\Database\\Query\\Builder->onceWithColumns()
#9 /home/alejandro/play-work/playgroup-admin---laravel/vendor/laravel/framework/src/Illuminate/Database/Eloquent/Builder.php(546): Illuminate\\Database\\Query\\Builder->get()
#10 /home/alejandro/play-work/playgroup-admin---laravel/vendor/laravel/framework/src/Illuminate/Database/Eloquent/Builder.php(530): Illuminate\\Database\\Eloquent\\Builder->getModels()
#11 /home/alejandro/play-work/playgroup-admin---laravel/app/Http/Controllers/Api/PageController.php(78): Illuminate\\Database\\Eloquent\\Builder->get()
#12 /home/alejandro/play-work/playgroup-admin---laravel/vendor/laravel/framework/src/Illuminate/Routing/Controller.php(54): App\\Http\\Controllers\\Api\\PageController->home()
#13 /home/alejandro/play-work/playgroup-admin---laravel/vendor/laravel/framework/src/Illuminate/Routing/ControllerDispatcher.php(45): Illuminate\\Routing\\Controller->callAction()
#14 /home/alejandro/play-work/playgroup-admin---laravel/vendor/laravel/framework/src/Illuminate/Routing/Route.php(219): Illuminate\\Routing\\ControllerDispatcher->dispatch()
#15 /home/alejandro/play-work/playgroup-admin---laravel/vendor/laravel/framework/src/Illuminate/Routing/Route.php(176): Illuminate\\Routing\\Route->runController()
#16 /home/alejandro/play-work/playgroup-admin---laravel/vendor/laravel/framework/src/Illuminate/Routing/Router.php(681): Illuminate\\Routing\\Route->run()
#17 /home/alejandro/play-work/playgroup-admin---laravel/vendor/laravel/framework/src/Illuminate/Pipeline/Pipeline.php(130): Illuminate\\Routing\\Router->Illuminate\\Routing\\{closure}()
#18 /home/alejandro/play-work/playgroup-admin---laravel/vendor/laravel/framework/src/Illuminate/Routing/Middleware/SubstituteBindings.php(41): Illuminate\\Pipeline\\Pipeline->Illuminate\\Pipeline\\{closure}()
#19 /home/alejandro/play-work/playgroup-admin---laravel/vendor/laravel/framework/src/Illuminate/Pipeline/Pipeline.php(171): Illuminate\\Routing\\Middleware\\SubstituteBindings->handle()
#20 /home/alejandro/play-work/playgroup-admin---laravel/vendor/laravel/framework/src/Illuminate/Pipeline/Pipeline.php(105): Illuminate\\Pipeline\\Pipeline->Illuminate\\Pipeline\\{closure}()
#21 /home/alejandro/play-work/playgroup-admin---laravel/vendor/laravel/framework/src/Illuminate/Routing/Router.php(683): Illuminate\\Pipeline\\Pipeline->then()
#22 /home/alejandro/play-work/playgroup-admin---laravel/vendor/laravel/framework/src/Illuminate/Routing/Router.php(658): Illuminate\\Routing\\Router->runRouteWithinStack()
#23 /home/alejandro/play-work/playgroup-admin---laravel/vendor/laravel/framework/src/Illuminate/Routing/Router.php(624): Illuminate\\Routing\\Router->runRoute()
#24 /home/alejandro/play-work/playgroup-admin---laravel/vendor/laravel/framework/src/Illuminate/Routing/Router.php(613): Illuminate\\Routing\\Router->dispatchToRoute()
#25 /home/alejandro/play-work/playgroup-admin---laravel/vendor/laravel/framework/src/Illuminate/Foundation/Http/Kernel.php(170): Illuminate\\Routing\\Router->dispatch()
#26 /home/alejandro/play-work/playgroup-admin---laravel/vendor/laravel/framework/src/Illuminate/Pipeline/Pipeline.php(130): Illuminate\\Foundation\\Http\\Kernel->Illuminate\\Foundation\\Http\\{closure}()
#27 /home/alejandro/play-work/playgroup-admin---laravel/vendor/laravel/framework/src/Illuminate/Foundation/Http/Middleware/TransformsRequest.php(21): Illuminate\\Pipeline\\Pipeline->Illuminate\\Pipeline\\{closure}()
#28 /home/alejandro/play-work/playgroup-admin---laravel/vendor/laravel/framework/src/Illuminate/Pipeline/Pipeline.php(171): Illuminate\\Foundation\\Http\\Middleware\\TransformsRequest->handle()
#29 /home/alejandro/play-work/playgroup-admin---laravel/vendor/laravel/framework/src/Illuminate/Foundation/Http/Middleware/TransformsRequest.php(21): Illuminate\\Pipeline\\Pipeline->Illuminate\\Pipeline\\{closure}()
#30 /home/alejandro/play-work/playgroup-admin---laravel/vendor/laravel/framework/src/Illuminate/Pipeline/Pipeline.php(171): Illuminate\\Foundation\\Http\\Middleware\\TransformsRequest->handle()
#31 /home/alejandro/play-work/playgroup-admin---laravel/vendor/laravel/framework/src/Illuminate/Foundation/Http/Middleware/ValidatePostSize.php(27): Illuminate\\Pipeline\\Pipeline->Illuminate\\Pipeline\\{closure}()
#32 /home/alejandro/play-work/playgroup-admin---laravel/vendor/laravel/framework/src/Illuminate/Pipeline/Pipeline.php(171): Illuminate\\Foundation\\Http\\Middleware\\ValidatePostSize->handle()
#33 /home/alejandro/play-work/playgroup-admin---laravel/vendor/laravel/framework/src/Illuminate/Foundation/Http/Middleware/CheckForMaintenanceMode.php(63): Illuminate\\Pipeline\\Pipeline->Illuminate\\Pipeline\\{closure}()
#34 /home/alejandro/play-work/playgroup-admin---laravel/vendor/laravel/framework/src/Illuminate/Pipeline/Pipeline.php(171): Illuminate\\Foundation\\Http\\Middleware\\CheckForMaintenanceMode->handle()
#35 /home/alejandro/play-work/playgroup-admin---laravel/vendor/fideloper/proxy/src/TrustProxies.php(57): Illuminate\\Pipeline\\Pipeline->Illuminate\\Pipeline\\{closure}()
#36 /home/alejandro/play-work/playgroup-admin---laravel/vendor/laravel/framework/src/Illuminate/Pipeline/Pipeline.php(171): Fideloper\\Proxy\\TrustProxies->handle()
#37 /home/alejandro/play-work/playgroup-admin---laravel/vendor/laravel/framework/src/Illuminate/Pipeline/Pipeline.php(105): Illuminate\\Pipeline\\Pipeline->Illuminate\\Pipeline\\{closure}()
#38 /home/alejandro/play-work/playgroup-admin---laravel/vendor/laravel/framework/src/Illuminate/Foundation/Http/Kernel.php(145): Illuminate\\Pipeline\\Pipeline->then()
#39 /home/alejandro/play-work/playgroup-admin---laravel/vendor/laravel/framework/src/Illuminate/Foundation/Http/Kernel.php(110): Illuminate\\Foundation\\Http\\Kernel->sendRequestThroughRouter()
#40 /home/alejandro/play-work/playgroup-admin---laravel/public/index.php(55): Illuminate\\Foundation\\Http\\Kernel->handle()
#41 /home/alejandro/play-work/playgroup-admin---laravel/server.php(21): require_once('/home/alejandro...')
#42 {main}

[previous exception] [object] (PDOException(code: 42S22): SQLSTATE[42S22]: Column not found: 1054 Unknown column 'position' in 'field list' at /home/alejandro/play-work/playgroup-admin---laravel/vendor/doctrine/dbal/lib/Doctrine/DBAL/Driver/PDOConnection.php:82)
[stacktrace]
#0 /home/alejandro/play-work/playgroup-admin---laravel/vendor/doctrine/dbal/lib/Doctrine/DBAL/Driver/PDOConnection.php(82): PDO->prepare()
#1 /home/alejandro/play-work/playgroup-admin---laravel/vendor/laravel/framework/src/Illuminate/Database/Connection.php(331): Doctrine\\DBAL\\Driver\\PDOConnection->prepare()
#2 /home/alejandro/play-work/playgroup-admin---laravel/vendor/laravel/framework/src/Illuminate/Database/Connection.php(662): Illuminate\\Database\\Connection->Illuminate\\Database\\{closure}()
#3 /home/alejandro/play-work/playgroup-admin---laravel/vendor/laravel/framework/src/Illuminate/Database/Connection.php(629): Illuminate\\Database\\Connection->runQueryCallback()
#4 /home/alejandro/play-work/playgroup-admin---laravel/vendor/laravel/framework/src/Illuminate/Database/Connection.php(338): Illuminate\\Database\\Connection->run()
#5 /home/alejandro/play-work/playgroup-admin---laravel/vendor/laravel/framework/src/Illuminate/Database/Query/Builder.php(2159): Illuminate\\Database\\Connection->select()
#6 /home/alejandro/play-work/playgroup-admin---laravel/vendor/laravel/framework/src/Illuminate/Database/Query/Builder.php(2147): Illuminate\\Database\\Query\\Builder->runSelect()
#7 /home/alejandro/play-work/playgroup-admin---laravel/vendor/laravel/framework/src/Illuminate/Database/Query/Builder.php(2619): Illuminate\\Database\\Query\\Builder->Illuminate\\Database\\Query\\{closure}()
#8 /home/alejandro/play-work/playgroup-admin---laravel/vendor/laravel/framework/src/Illuminate/Database/Query/Builder.php(2148): Illuminate\\Database\\Query\\Builder->onceWithColumns()
#9 /home/alejandro/play-work/playgroup-admin---laravel/vendor/laravel/framework/src/Illuminate/Database/Eloquent/Builder.php(546): Illuminate\\Database\\Query\\Builder->get()
#10 /home/alejandro/play-work/playgroup-admin---laravel/vendor/laravel/framework/src/Illuminate/Database/Eloquent/Builder.php(530): Illuminate\\Database\\Eloquent\\Builder->getModels()
#11 /home/alejandro/play-work/playgroup-admin---laravel/app/Http/Controllers/Api/PageController.php(78): Illuminate\\Database\\Eloquent\\Builder->get()
#12 /home/alejandro/play-work/playgroup-admin---laravel/vendor/laravel/framework/src/Illuminate/Routing/Controller.php(54): App\\Http\\Controllers\\Api\\PageController->home()
#13 /home/alejandro/play-work/playgroup-admin---laravel/vendor/laravel/framework/src/Illuminate/Routing/ControllerDispatcher.php(45): Illuminate\\Routing\\Controller->callAction()
#14 /home/alejandro/play-work/playgroup-admin---laravel/vendor/laravel/framework/src/Illuminate/Routing/Route.php(219): Illuminate\\Routing\\ControllerDispatcher->dispatch()
#15 /home/alejandro/play-work/playgroup-admin---laravel/vendor/laravel/framework/src/Illuminate/Routing/Route.php(176): Illuminate\\Routing\\Route->runController()
#16 /home/alejandro/play-work/playgroup-admin---laravel/vendor/laravel/framework/src/Illuminate/Routing/Router.php(681): Illuminate\\Routing\\Route->run()
#17 /home/alejandro/play-work/playgroup-admin---laravel/vendor/laravel/framework/src/Illuminate/Pipeline/Pipeline.php(130): Illuminate\\Routing\\Router->Illuminate\\Routing\\{closure}()
#18 /home/alejandro/play-work/playgroup-admin---laravel/vendor/laravel/framework/src/Illuminate/Routing/Middleware/SubstituteBindings.php(41): Illuminate\\Pipeline\\Pipeline->Illuminate\\Pipeline\\{closure}()
#19 /home/alejandro/play-work/playgroup-admin---laravel/vendor/laravel/framework/src/Illuminate/Pipeline/Pipeline.php(171): Illuminate\\Routing\\Middleware\\SubstituteBindings->handle()
#20 /home/alejandro/play-work/playgroup-admin---laravel/vendor/laravel/framework/src/Illuminate/Pipeline/Pipeline.php(105): Illuminate\\Pipeline\\Pipeline->Illuminate\\Pipeline\\{closure}()
#21 /home/alejandro/play-work/playgroup-admin---laravel/vendor/laravel/framework/src/Illuminate/Routing/Router.php(683): Illuminate\\Pipeline\\Pipeline->then()
#22 /home/alejandro/play-work/playgroup-admin---laravel/vendor/laravel/framework/src/Illuminate/Routing/Router.php(658): Illuminate\\Routing\\Router->runRouteWithinStack()
#23 /home/alejandro/play-work/playgroup-admin---laravel/vendor/laravel/framework/src/Illuminate/Routing/Router.php(624): Illuminate\\Routing\\Router->runRoute()
#24 /home/alejandro/play-work/playgroup-admin---laravel/vendor/laravel/framework/src/Illuminate/Routing/Router.php(613): Illuminate\\Routing\\Router->dispatchToRoute()
#25 /home/alejandro/play-work/playgroup-admin---laravel/vendor/laravel/framework/src/Illuminate/Foundation/Http/Kernel.php(170): Illuminate\\Routing\\Router->dispatch()
#26 /home/alejandro/play-work/playgroup-admin---laravel/vendor/laravel/framework/src/Illuminate/Pipeline/Pipeline.php(130): Illuminate\\Foundation\\Http\\Kernel->Illuminate\\Foundation\\Http\\{closure}()
#27 /home/alejandro/play-work/playgroup-admin---laravel/vendor/laravel/framework/src/Illuminate/Foundation/Http/Middleware/TransformsRequest.php(21): Illuminate\\Pipeline\\Pipeline->Illuminate\\Pipeline\\{closure}()
#28 /home/alejandro/play-work/playgroup-admin---laravel/vendor/laravel/framework/src/Illuminate/Pipeline/Pipeline.php(171): Illuminate\\Foundation\\Http\\Middleware\\TransformsRequest->handle()
#29 /home/alejandro/play-work/playgroup-admin---laravel/vendor/laravel/framework/src/Illuminate/Foundation/Http/Middleware/TransformsRequest.php(21): Illuminate\\Pipeline\\Pipeline->Illuminate\\Pipeline\\{closure}()
#30 /home/alejandro/play-work/playgroup-admin---laravel/vendor/laravel/framework/src/Illuminate/Pipeline/Pipeline.php(171): Illuminate\\Foundation\\Http\\Middleware\\TransformsRequest->handle()
#31 /home/alejandro/play-work/playgroup-admin---laravel/vendor/laravel/framework/src/Illuminate/Foundation/Http/Middleware/ValidatePostSize.php(27): Illuminate\\Pipeline\\Pipeline->Illuminate\\Pipeline\\{closure}()
#32 /home/alejandro/play-work/playgroup-admin---laravel/vendor/laravel/framework/src/Illuminate/Pipeline/Pipeline.php(171): Illuminate\\Foundation\\Http\\Middleware\\ValidatePostSize->handle()
#33 /home/alejandro/play-work/playgroup-admin---laravel/vendor/laravel/framework/src/Illuminate/Foundation/Http/Middleware/CheckForMaintenanceMode.php(63): Illuminate\\Pipeline\\Pipeline->Illuminate\\Pipeline\\{closure}()
#34 /home/alejandro/play-work/playgroup-admin---laravel/vendor/laravel/framework/src/Illuminate/Pipeline/Pipeline.php(171): Illuminate\\Foundation\\Http\\Middleware\\CheckForMaintenanceMode->handle()
#35 /home/alejandro/play-work/playgroup-admin---laravel/vendor/fideloper/proxy/src/TrustProxies.php(57): Illuminate\\Pipeline\\Pipeline->Illuminate\\Pipeline\\{closure}()
#36 /home/alejandro/play-work/playgroup-admin---laravel/vendor/laravel/framework/src/Illuminate/Pipeline/Pipeline.php(171): Fideloper\\Proxy\\TrustProxies->handle()
#37 /home/alejandro/play-work/playgroup-admin---laravel/vendor/laravel/framework/src/Illuminate/Pipeline/Pipeline.php(105): Illuminate\\Pipeline\\Pipeline->Illuminate\\Pipeline\\{closure}()
#38 /home/alejandro/play-work/playgroup-admin---laravel/vendor/laravel/framework/src/Illuminate/Foundation/Http/Kernel.php(145): Illuminate\\Pipeline\\Pipeline->then()
#39 /home/alejandro/play-work/playgroup-admin---laravel/vendor/laravel/framework/src/Illuminate/Foundation/Http/Kernel.php(110): Illuminate\\Foundation\\Http\\Kernel->sendRequestThroughRouter()
#40 /home/alejandro/play-work/playgroup-admin---laravel/public/index.php(55): Illuminate\\Foundation\\Http\\Kernel->handle()
#41 /home/alejandro/play-work/playgroup-admin---laravel/server.php(21): require_once('/home/alejandro...')
#42 {main}
"} 
[2025-05-20 15:16:20] local.ERROR: SQLSTATE[42S22]: Column not found: 1054 Unknown column 'position' in 'field list' (SQL: select `name`, `image`, `position`, `category` from `awards` order by `index` asc) {"exception":"[object] (Illuminate\\Database\\QueryException(code: 42S22): SQLSTATE[42S22]: Column not found: 1054 Unknown column 'position' in 'field list' (SQL: select `name`, `image`, `position`, `category` from `awards` order by `index` asc) at /home/alejandro/play-work/playgroup-admin---laravel/vendor/laravel/framework/src/Illuminate/Database/Connection.php:669)
[stacktrace]
#0 /home/alejandro/play-work/playgroup-admin---laravel/vendor/laravel/framework/src/Illuminate/Database/Connection.php(629): Illuminate\\Database\\Connection->runQueryCallback()
#1 /home/alejandro/play-work/playgroup-admin---laravel/vendor/laravel/framework/src/Illuminate/Database/Connection.php(338): Illuminate\\Database\\Connection->run()
#2 /home/alejandro/play-work/playgroup-admin---laravel/vendor/laravel/framework/src/Illuminate/Database/Query/Builder.php(2159): Illuminate\\Database\\Connection->select()
#3 /home/alejandro/play-work/playgroup-admin---laravel/vendor/laravel/framework/src/Illuminate/Database/Query/Builder.php(2147): Illuminate\\Database\\Query\\Builder->runSelect()
#4 /home/alejandro/play-work/playgroup-admin---laravel/vendor/laravel/framework/src/Illuminate/Database/Query/Builder.php(2619): Illuminate\\Database\\Query\\Builder->Illuminate\\Database\\Query\\{closure}()
#5 /home/alejandro/play-work/playgroup-admin---laravel/vendor/laravel/framework/src/Illuminate/Database/Query/Builder.php(2148): Illuminate\\Database\\Query\\Builder->onceWithColumns()
#6 /home/alejandro/play-work/playgroup-admin---laravel/vendor/laravel/framework/src/Illuminate/Database/Eloquent/Builder.php(546): Illuminate\\Database\\Query\\Builder->get()
#7 /home/alejandro/play-work/playgroup-admin---laravel/vendor/laravel/framework/src/Illuminate/Database/Eloquent/Builder.php(530): Illuminate\\Database\\Eloquent\\Builder->getModels()
#8 /home/alejandro/play-work/playgroup-admin---laravel/app/Http/Controllers/Api/PageController.php(78): Illuminate\\Database\\Eloquent\\Builder->get()
#9 /home/alejandro/play-work/playgroup-admin---laravel/vendor/laravel/framework/src/Illuminate/Routing/Controller.php(54): App\\Http\\Controllers\\Api\\PageController->home()
#10 /home/alejandro/play-work/playgroup-admin---laravel/vendor/laravel/framework/src/Illuminate/Routing/ControllerDispatcher.php(45): Illuminate\\Routing\\Controller->callAction()
#11 /home/alejandro/play-work/playgroup-admin---laravel/vendor/laravel/framework/src/Illuminate/Routing/Route.php(219): Illuminate\\Routing\\ControllerDispatcher->dispatch()
#12 /home/alejandro/play-work/playgroup-admin---laravel/vendor/laravel/framework/src/Illuminate/Routing/Route.php(176): Illuminate\\Routing\\Route->runController()
#13 /home/alejandro/play-work/playgroup-admin---laravel/vendor/laravel/framework/src/Illuminate/Routing/Router.php(681): Illuminate\\Routing\\Route->run()
#14 /home/alejandro/play-work/playgroup-admin---laravel/vendor/laravel/framework/src/Illuminate/Pipeline/Pipeline.php(130): Illuminate\\Routing\\Router->Illuminate\\Routing\\{closure}()
#15 /home/alejandro/play-work/playgroup-admin---laravel/vendor/laravel/framework/src/Illuminate/Routing/Middleware/SubstituteBindings.php(41): Illuminate\\Pipeline\\Pipeline->Illuminate\\Pipeline\\{closure}()
#16 /home/alejandro/play-work/playgroup-admin---laravel/vendor/laravel/framework/src/Illuminate/Pipeline/Pipeline.php(171): Illuminate\\Routing\\Middleware\\SubstituteBindings->handle()
#17 /home/alejandro/play-work/playgroup-admin---laravel/vendor/laravel/framework/src/Illuminate/Pipeline/Pipeline.php(105): Illuminate\\Pipeline\\Pipeline->Illuminate\\Pipeline\\{closure}()
#18 /home/alejandro/play-work/playgroup-admin---laravel/vendor/laravel/framework/src/Illuminate/Routing/Router.php(683): Illuminate\\Pipeline\\Pipeline->then()
#19 /home/alejandro/play-work/playgroup-admin---laravel/vendor/laravel/framework/src/Illuminate/Routing/Router.php(658): Illuminate\\Routing\\Router->runRouteWithinStack()
#20 /home/alejandro/play-work/playgroup-admin---laravel/vendor/laravel/framework/src/Illuminate/Routing/Router.php(624): Illuminate\\Routing\\Router->runRoute()
#21 /home/alejandro/play-work/playgroup-admin---laravel/vendor/laravel/framework/src/Illuminate/Routing/Router.php(613): Illuminate\\Routing\\Router->dispatchToRoute()
#22 /home/alejandro/play-work/playgroup-admin---laravel/vendor/laravel/framework/src/Illuminate/Foundation/Http/Kernel.php(170): Illuminate\\Routing\\Router->dispatch()
#23 /home/alejandro/play-work/playgroup-admin---laravel/vendor/laravel/framework/src/Illuminate/Pipeline/Pipeline.php(130): Illuminate\\Foundation\\Http\\Kernel->Illuminate\\Foundation\\Http\\{closure}()
#24 /home/alejandro/play-work/playgroup-admin---laravel/vendor/laravel/framework/src/Illuminate/Foundation/Http/Middleware/TransformsRequest.php(21): Illuminate\\Pipeline\\Pipeline->Illuminate\\Pipeline\\{closure}()
#25 /home/alejandro/play-work/playgroup-admin---laravel/vendor/laravel/framework/src/Illuminate/Pipeline/Pipeline.php(171): Illuminate\\Foundation\\Http\\Middleware\\TransformsRequest->handle()
#26 /home/alejandro/play-work/playgroup-admin---laravel/vendor/laravel/framework/src/Illuminate/Foundation/Http/Middleware/TransformsRequest.php(21): Illuminate\\Pipeline\\Pipeline->Illuminate\\Pipeline\\{closure}()
#27 /home/alejandro/play-work/playgroup-admin---laravel/vendor/laravel/framework/src/Illuminate/Pipeline/Pipeline.php(171): Illuminate\\Foundation\\Http\\Middleware\\TransformsRequest->handle()
#28 /home/alejandro/play-work/playgroup-admin---laravel/vendor/laravel/framework/src/Illuminate/Foundation/Http/Middleware/ValidatePostSize.php(27): Illuminate\\Pipeline\\Pipeline->Illuminate\\Pipeline\\{closure}()
#29 /home/alejandro/play-work/playgroup-admin---laravel/vendor/laravel/framework/src/Illuminate/Pipeline/Pipeline.php(171): Illuminate\\Foundation\\Http\\Middleware\\ValidatePostSize->handle()
#30 /home/alejandro/play-work/playgroup-admin---laravel/vendor/laravel/framework/src/Illuminate/Foundation/Http/Middleware/CheckForMaintenanceMode.php(63): Illuminate\\Pipeline\\Pipeline->Illuminate\\Pipeline\\{closure}()
#31 /home/alejandro/play-work/playgroup-admin---laravel/vendor/laravel/framework/src/Illuminate/Pipeline/Pipeline.php(171): Illuminate\\Foundation\\Http\\Middleware\\CheckForMaintenanceMode->handle()
#32 /home/alejandro/play-work/playgroup-admin---laravel/vendor/fideloper/proxy/src/TrustProxies.php(57): Illuminate\\Pipeline\\Pipeline->Illuminate\\Pipeline\\{closure}()
#33 /home/alejandro/play-work/playgroup-admin---laravel/vendor/laravel/framework/src/Illuminate/Pipeline/Pipeline.php(171): Fideloper\\Proxy\\TrustProxies->handle()
#34 /home/alejandro/play-work/playgroup-admin---laravel/vendor/laravel/framework/src/Illuminate/Pipeline/Pipeline.php(105): Illuminate\\Pipeline\\Pipeline->Illuminate\\Pipeline\\{closure}()
#35 /home/alejandro/play-work/playgroup-admin---laravel/vendor/laravel/framework/src/Illuminate/Foundation/Http/Kernel.php(145): Illuminate\\Pipeline\\Pipeline->then()
#36 /home/alejandro/play-work/playgroup-admin---laravel/vendor/laravel/framework/src/Illuminate/Foundation/Http/Kernel.php(110): Illuminate\\Foundation\\Http\\Kernel->sendRequestThroughRouter()
#37 /home/alejandro/play-work/playgroup-admin---laravel/public/index.php(55): Illuminate\\Foundation\\Http\\Kernel->handle()
#38 /home/alejandro/play-work/playgroup-admin---laravel/server.php(21): require_once('/home/alejandro...')
#39 {main}

[previous exception] [object] (Doctrine\\DBAL\\Driver\\PDO\\Exception(code: 42S22): SQLSTATE[42S22]: Column not found: 1054 Unknown column 'position' in 'field list' at /home/alejandro/play-work/playgroup-admin---laravel/vendor/doctrine/dbal/lib/Doctrine/DBAL/Driver/PDO/Exception.php:18)
[stacktrace]
#0 /home/alejandro/play-work/playgroup-admin---laravel/vendor/doctrine/dbal/lib/Doctrine/DBAL/Driver/PDOConnection.php(87): Doctrine\\DBAL\\Driver\\PDO\\Exception::new()
#1 /home/alejandro/play-work/playgroup-admin---laravel/vendor/laravel/framework/src/Illuminate/Database/Connection.php(331): Doctrine\\DBAL\\Driver\\PDOConnection->prepare()
#2 /home/alejandro/play-work/playgroup-admin---laravel/vendor/laravel/framework/src/Illuminate/Database/Connection.php(662): Illuminate\\Database\\Connection->Illuminate\\Database\\{closure}()
#3 /home/alejandro/play-work/playgroup-admin---laravel/vendor/laravel/framework/src/Illuminate/Database/Connection.php(629): Illuminate\\Database\\Connection->runQueryCallback()
#4 /home/alejandro/play-work/playgroup-admin---laravel/vendor/laravel/framework/src/Illuminate/Database/Connection.php(338): Illuminate\\Database\\Connection->run()
#5 /home/alejandro/play-work/playgroup-admin---laravel/vendor/laravel/framework/src/Illuminate/Database/Query/Builder.php(2159): Illuminate\\Database\\Connection->select()
#6 /home/alejandro/play-work/playgroup-admin---laravel/vendor/laravel/framework/src/Illuminate/Database/Query/Builder.php(2147): Illuminate\\Database\\Query\\Builder->runSelect()
#7 /home/alejandro/play-work/playgroup-admin---laravel/vendor/laravel/framework/src/Illuminate/Database/Query/Builder.php(2619): Illuminate\\Database\\Query\\Builder->Illuminate\\Database\\Query\\{closure}()
#8 /home/alejandro/play-work/playgroup-admin---laravel/vendor/laravel/framework/src/Illuminate/Database/Query/Builder.php(2148): Illuminate\\Database\\Query\\Builder->onceWithColumns()
#9 /home/alejandro/play-work/playgroup-admin---laravel/vendor/laravel/framework/src/Illuminate/Database/Eloquent/Builder.php(546): Illuminate\\Database\\Query\\Builder->get()
#10 /home/alejandro/play-work/playgroup-admin---laravel/vendor/laravel/framework/src/Illuminate/Database/Eloquent/Builder.php(530): Illuminate\\Database\\Eloquent\\Builder->getModels()
#11 /home/alejandro/play-work/playgroup-admin---laravel/app/Http/Controllers/Api/PageController.php(78): Illuminate\\Database\\Eloquent\\Builder->get()
#12 /home/alejandro/play-work/playgroup-admin---laravel/vendor/laravel/framework/src/Illuminate/Routing/Controller.php(54): App\\Http\\Controllers\\Api\\PageController->home()
#13 /home/alejandro/play-work/playgroup-admin---laravel/vendor/laravel/framework/src/Illuminate/Routing/ControllerDispatcher.php(45): Illuminate\\Routing\\Controller->callAction()
#14 /home/alejandro/play-work/playgroup-admin---laravel/vendor/laravel/framework/src/Illuminate/Routing/Route.php(219): Illuminate\\Routing\\ControllerDispatcher->dispatch()
#15 /home/alejandro/play-work/playgroup-admin---laravel/vendor/laravel/framework/src/Illuminate/Routing/Route.php(176): Illuminate\\Routing\\Route->runController()
#16 /home/alejandro/play-work/playgroup-admin---laravel/vendor/laravel/framework/src/Illuminate/Routing/Router.php(681): Illuminate\\Routing\\Route->run()
#17 /home/alejandro/play-work/playgroup-admin---laravel/vendor/laravel/framework/src/Illuminate/Pipeline/Pipeline.php(130): Illuminate\\Routing\\Router->Illuminate\\Routing\\{closure}()
#18 /home/alejandro/play-work/playgroup-admin---laravel/vendor/laravel/framework/src/Illuminate/Routing/Middleware/SubstituteBindings.php(41): Illuminate\\Pipeline\\Pipeline->Illuminate\\Pipeline\\{closure}()
#19 /home/alejandro/play-work/playgroup-admin---laravel/vendor/laravel/framework/src/Illuminate/Pipeline/Pipeline.php(171): Illuminate\\Routing\\Middleware\\SubstituteBindings->handle()
#20 /home/alejandro/play-work/playgroup-admin---laravel/vendor/laravel/framework/src/Illuminate/Pipeline/Pipeline.php(105): Illuminate\\Pipeline\\Pipeline->Illuminate\\Pipeline\\{closure}()
#21 /home/alejandro/play-work/playgroup-admin---laravel/vendor/laravel/framework/src/Illuminate/Routing/Router.php(683): Illuminate\\Pipeline\\Pipeline->then()
#22 /home/alejandro/play-work/playgroup-admin---laravel/vendor/laravel/framework/src/Illuminate/Routing/Router.php(658): Illuminate\\Routing\\Router->runRouteWithinStack()
#23 /home/alejandro/play-work/playgroup-admin---laravel/vendor/laravel/framework/src/Illuminate/Routing/Router.php(624): Illuminate\\Routing\\Router->runRoute()
#24 /home/alejandro/play-work/playgroup-admin---laravel/vendor/laravel/framework/src/Illuminate/Routing/Router.php(613): Illuminate\\Routing\\Router->dispatchToRoute()
#25 /home/alejandro/play-work/playgroup-admin---laravel/vendor/laravel/framework/src/Illuminate/Foundation/Http/Kernel.php(170): Illuminate\\Routing\\Router->dispatch()
#26 /home/alejandro/play-work/playgroup-admin---laravel/vendor/laravel/framework/src/Illuminate/Pipeline/Pipeline.php(130): Illuminate\\Foundation\\Http\\Kernel->Illuminate\\Foundation\\Http\\{closure}()
#27 /home/alejandro/play-work/playgroup-admin---laravel/vendor/laravel/framework/src/Illuminate/Foundation/Http/Middleware/TransformsRequest.php(21): Illuminate\\Pipeline\\Pipeline->Illuminate\\Pipeline\\{closure}()
#28 /home/alejandro/play-work/playgroup-admin---laravel/vendor/laravel/framework/src/Illuminate/Pipeline/Pipeline.php(171): Illuminate\\Foundation\\Http\\Middleware\\TransformsRequest->handle()
#29 /home/alejandro/play-work/playgroup-admin---laravel/vendor/laravel/framework/src/Illuminate/Foundation/Http/Middleware/TransformsRequest.php(21): Illuminate\\Pipeline\\Pipeline->Illuminate\\Pipeline\\{closure}()
#30 /home/alejandro/play-work/playgroup-admin---laravel/vendor/laravel/framework/src/Illuminate/Pipeline/Pipeline.php(171): Illuminate\\Foundation\\Http\\Middleware\\TransformsRequest->handle()
#31 /home/alejandro/play-work/playgroup-admin---laravel/vendor/laravel/framework/src/Illuminate/Foundation/Http/Middleware/ValidatePostSize.php(27): Illuminate\\Pipeline\\Pipeline->Illuminate\\Pipeline\\{closure}()
#32 /home/alejandro/play-work/playgroup-admin---laravel/vendor/laravel/framework/src/Illuminate/Pipeline/Pipeline.php(171): Illuminate\\Foundation\\Http\\Middleware\\ValidatePostSize->handle()
#33 /home/alejandro/play-work/playgroup-admin---laravel/vendor/laravel/framework/src/Illuminate/Foundation/Http/Middleware/CheckForMaintenanceMode.php(63): Illuminate\\Pipeline\\Pipeline->Illuminate\\Pipeline\\{closure}()
#34 /home/alejandro/play-work/playgroup-admin---laravel/vendor/laravel/framework/src/Illuminate/Pipeline/Pipeline.php(171): Illuminate\\Foundation\\Http\\Middleware\\CheckForMaintenanceMode->handle()
#35 /home/alejandro/play-work/playgroup-admin---laravel/vendor/fideloper/proxy/src/TrustProxies.php(57): Illuminate\\Pipeline\\Pipeline->Illuminate\\Pipeline\\{closure}()
#36 /home/alejandro/play-work/playgroup-admin---laravel/vendor/laravel/framework/src/Illuminate/Pipeline/Pipeline.php(171): Fideloper\\Proxy\\TrustProxies->handle()
#37 /home/alejandro/play-work/playgroup-admin---laravel/vendor/laravel/framework/src/Illuminate/Pipeline/Pipeline.php(105): Illuminate\\Pipeline\\Pipeline->Illuminate\\Pipeline\\{closure}()
#38 /home/alejandro/play-work/playgroup-admin---laravel/vendor/laravel/framework/src/Illuminate/Foundation/Http/Kernel.php(145): Illuminate\\Pipeline\\Pipeline->then()
#39 /home/alejandro/play-work/playgroup-admin---laravel/vendor/laravel/framework/src/Illuminate/Foundation/Http/Kernel.php(110): Illuminate\\Foundation\\Http\\Kernel->sendRequestThroughRouter()
#40 /home/alejandro/play-work/playgroup-admin---laravel/public/index.php(55): Illuminate\\Foundation\\Http\\Kernel->handle()
#41 /home/alejandro/play-work/playgroup-admin---laravel/server.php(21): require_once('/home/alejandro...')
#42 {main}

[previous exception] [object] (PDOException(code: 42S22): SQLSTATE[42S22]: Column not found: 1054 Unknown column 'position' in 'field list' at /home/alejandro/play-work/playgroup-admin---laravel/vendor/doctrine/dbal/lib/Doctrine/DBAL/Driver/PDOConnection.php:82)
[stacktrace]
#0 /home/alejandro/play-work/playgroup-admin---laravel/vendor/doctrine/dbal/lib/Doctrine/DBAL/Driver/PDOConnection.php(82): PDO->prepare()
#1 /home/alejandro/play-work/playgroup-admin---laravel/vendor/laravel/framework/src/Illuminate/Database/Connection.php(331): Doctrine\\DBAL\\Driver\\PDOConnection->prepare()
#2 /home/alejandro/play-work/playgroup-admin---laravel/vendor/laravel/framework/src/Illuminate/Database/Connection.php(662): Illuminate\\Database\\Connection->Illuminate\\Database\\{closure}()
#3 /home/alejandro/play-work/playgroup-admin---laravel/vendor/laravel/framework/src/Illuminate/Database/Connection.php(629): Illuminate\\Database\\Connection->runQueryCallback()
#4 /home/alejandro/play-work/playgroup-admin---laravel/vendor/laravel/framework/src/Illuminate/Database/Connection.php(338): Illuminate\\Database\\Connection->run()
#5 /home/alejandro/play-work/playgroup-admin---laravel/vendor/laravel/framework/src/Illuminate/Database/Query/Builder.php(2159): Illuminate\\Database\\Connection->select()
#6 /home/alejandro/play-work/playgroup-admin---laravel/vendor/laravel/framework/src/Illuminate/Database/Query/Builder.php(2147): Illuminate\\Database\\Query\\Builder->runSelect()
#7 /home/alejandro/play-work/playgroup-admin---laravel/vendor/laravel/framework/src/Illuminate/Database/Query/Builder.php(2619): Illuminate\\Database\\Query\\Builder->Illuminate\\Database\\Query\\{closure}()
#8 /home/alejandro/play-work/playgroup-admin---laravel/vendor/laravel/framework/src/Illuminate/Database/Query/Builder.php(2148): Illuminate\\Database\\Query\\Builder->onceWithColumns()
#9 /home/alejandro/play-work/playgroup-admin---laravel/vendor/laravel/framework/src/Illuminate/Database/Eloquent/Builder.php(546): Illuminate\\Database\\Query\\Builder->get()
#10 /home/alejandro/play-work/playgroup-admin---laravel/vendor/laravel/framework/src/Illuminate/Database/Eloquent/Builder.php(530): Illuminate\\Database\\Eloquent\\Builder->getModels()
#11 /home/alejandro/play-work/playgroup-admin---laravel/app/Http/Controllers/Api/PageController.php(78): Illuminate\\Database\\Eloquent\\Builder->get()
#12 /home/alejandro/play-work/playgroup-admin---laravel/vendor/laravel/framework/src/Illuminate/Routing/Controller.php(54): App\\Http\\Controllers\\Api\\PageController->home()
#13 /home/alejandro/play-work/playgroup-admin---laravel/vendor/laravel/framework/src/Illuminate/Routing/ControllerDispatcher.php(45): Illuminate\\Routing\\Controller->callAction()
#14 /home/alejandro/play-work/playgroup-admin---laravel/vendor/laravel/framework/src/Illuminate/Routing/Route.php(219): Illuminate\\Routing\\ControllerDispatcher->dispatch()
#15 /home/alejandro/play-work/playgroup-admin---laravel/vendor/laravel/framework/src/Illuminate/Routing/Route.php(176): Illuminate\\Routing\\Route->runController()
#16 /home/alejandro/play-work/playgroup-admin---laravel/vendor/laravel/framework/src/Illuminate/Routing/Router.php(681): Illuminate\\Routing\\Route->run()
#17 /home/alejandro/play-work/playgroup-admin---laravel/vendor/laravel/framework/src/Illuminate/Pipeline/Pipeline.php(130): Illuminate\\Routing\\Router->Illuminate\\Routing\\{closure}()
#18 /home/alejandro/play-work/playgroup-admin---laravel/vendor/laravel/framework/src/Illuminate/Routing/Middleware/SubstituteBindings.php(41): Illuminate\\Pipeline\\Pipeline->Illuminate\\Pipeline\\{closure}()
#19 /home/alejandro/play-work/playgroup-admin---laravel/vendor/laravel/framework/src/Illuminate/Pipeline/Pipeline.php(171): Illuminate\\Routing\\Middleware\\SubstituteBindings->handle()
#20 /home/alejandro/play-work/playgroup-admin---laravel/vendor/laravel/framework/src/Illuminate/Pipeline/Pipeline.php(105): Illuminate\\Pipeline\\Pipeline->Illuminate\\Pipeline\\{closure}()
#21 /home/alejandro/play-work/playgroup-admin---laravel/vendor/laravel/framework/src/Illuminate/Routing/Router.php(683): Illuminate\\Pipeline\\Pipeline->then()
#22 /home/alejandro/play-work/playgroup-admin---laravel/vendor/laravel/framework/src/Illuminate/Routing/Router.php(658): Illuminate\\Routing\\Router->runRouteWithinStack()
#23 /home/alejandro/play-work/playgroup-admin---laravel/vendor/laravel/framework/src/Illuminate/Routing/Router.php(624): Illuminate\\Routing\\Router->runRoute()
#24 /home/alejandro/play-work/playgroup-admin---laravel/vendor/laravel/framework/src/Illuminate/Routing/Router.php(613): Illuminate\\Routing\\Router->dispatchToRoute()
#25 /home/alejandro/play-work/playgroup-admin---laravel/vendor/laravel/framework/src/Illuminate/Foundation/Http/Kernel.php(170): Illuminate\\Routing\\Router->dispatch()
#26 /home/alejandro/play-work/playgroup-admin---laravel/vendor/laravel/framework/src/Illuminate/Pipeline/Pipeline.php(130): Illuminate\\Foundation\\Http\\Kernel->Illuminate\\Foundation\\Http\\{closure}()
#27 /home/alejandro/play-work/playgroup-admin---laravel/vendor/laravel/framework/src/Illuminate/Foundation/Http/Middleware/TransformsRequest.php(21): Illuminate\\Pipeline\\Pipeline->Illuminate\\Pipeline\\{closure}()
#28 /home/alejandro/play-work/playgroup-admin---laravel/vendor/laravel/framework/src/Illuminate/Pipeline/Pipeline.php(171): Illuminate\\Foundation\\Http\\Middleware\\TransformsRequest->handle()
#29 /home/alejandro/play-work/playgroup-admin---laravel/vendor/laravel/framework/src/Illuminate/Foundation/Http/Middleware/TransformsRequest.php(21): Illuminate\\Pipeline\\Pipeline->Illuminate\\Pipeline\\{closure}()
#30 /home/alejandro/play-work/playgroup-admin---laravel/vendor/laravel/framework/src/Illuminate/Pipeline/Pipeline.php(171): Illuminate\\Foundation\\Http\\Middleware\\TransformsRequest->handle()
#31 /home/alejandro/play-work/playgroup-admin---laravel/vendor/laravel/framework/src/Illuminate/Foundation/Http/Middleware/ValidatePostSize.php(27): Illuminate\\Pipeline\\Pipeline->Illuminate\\Pipeline\\{closure}()
#32 /home/alejandro/play-work/playgroup-admin---laravel/vendor/laravel/framework/src/Illuminate/Pipeline/Pipeline.php(171): Illuminate\\Foundation\\Http\\Middleware\\ValidatePostSize->handle()
#33 /home/alejandro/play-work/playgroup-admin---laravel/vendor/laravel/framework/src/Illuminate/Foundation/Http/Middleware/CheckForMaintenanceMode.php(63): Illuminate\\Pipeline\\Pipeline->Illuminate\\Pipeline\\{closure}()
#34 /home/alejandro/play-work/playgroup-admin---laravel/vendor/laravel/framework/src/Illuminate/Pipeline/Pipeline.php(171): Illuminate\\Foundation\\Http\\Middleware\\CheckForMaintenanceMode->handle()
#35 /home/alejandro/play-work/playgroup-admin---laravel/vendor/fideloper/proxy/src/TrustProxies.php(57): Illuminate\\Pipeline\\Pipeline->Illuminate\\Pipeline\\{closure}()
#36 /home/alejandro/play-work/playgroup-admin---laravel/vendor/laravel/framework/src/Illuminate/Pipeline/Pipeline.php(171): Fideloper\\Proxy\\TrustProxies->handle()
#37 /home/alejandro/play-work/playgroup-admin---laravel/vendor/laravel/framework/src/Illuminate/Pipeline/Pipeline.php(105): Illuminate\\Pipeline\\Pipeline->Illuminate\\Pipeline\\{closure}()
#38 /home/alejandro/play-work/playgroup-admin---laravel/vendor/laravel/framework/src/Illuminate/Foundation/Http/Kernel.php(145): Illuminate\\Pipeline\\Pipeline->then()
#39 /home/alejandro/play-work/playgroup-admin---laravel/vendor/laravel/framework/src/Illuminate/Foundation/Http/Kernel.php(110): Illuminate\\Foundation\\Http\\Kernel->sendRequestThroughRouter()
#40 /home/alejandro/play-work/playgroup-admin---laravel/public/index.php(55): Illuminate\\Foundation\\Http\\Kernel->handle()
#41 /home/alejandro/play-work/playgroup-admin---laravel/server.php(21): require_once('/home/alejandro...')
#42 {main}
"} 
[2025-05-20 15:16:36] local.ERROR: SQLSTATE[42S22]: Column not found: 1054 Unknown column 'position' in 'field list' (SQL: select `name`, `image`, `position`, `category` from `awards` order by `index` asc) {"exception":"[object] (Illuminate\\Database\\QueryException(code: 42S22): SQLSTATE[42S22]: Column not found: 1054 Unknown column 'position' in 'field list' (SQL: select `name`, `image`, `position`, `category` from `awards` order by `index` asc) at /home/alejandro/play-work/playgroup-admin---laravel/vendor/laravel/framework/src/Illuminate/Database/Connection.php:669)
[stacktrace]
#0 /home/alejandro/play-work/playgroup-admin---laravel/vendor/laravel/framework/src/Illuminate/Database/Connection.php(629): Illuminate\\Database\\Connection->runQueryCallback()
#1 /home/alejandro/play-work/playgroup-admin---laravel/vendor/laravel/framework/src/Illuminate/Database/Connection.php(338): Illuminate\\Database\\Connection->run()
#2 /home/alejandro/play-work/playgroup-admin---laravel/vendor/laravel/framework/src/Illuminate/Database/Query/Builder.php(2159): Illuminate\\Database\\Connection->select()
#3 /home/alejandro/play-work/playgroup-admin---laravel/vendor/laravel/framework/src/Illuminate/Database/Query/Builder.php(2147): Illuminate\\Database\\Query\\Builder->runSelect()
#4 /home/alejandro/play-work/playgroup-admin---laravel/vendor/laravel/framework/src/Illuminate/Database/Query/Builder.php(2619): Illuminate\\Database\\Query\\Builder->Illuminate\\Database\\Query\\{closure}()
#5 /home/alejandro/play-work/playgroup-admin---laravel/vendor/laravel/framework/src/Illuminate/Database/Query/Builder.php(2148): Illuminate\\Database\\Query\\Builder->onceWithColumns()
#6 /home/alejandro/play-work/playgroup-admin---laravel/vendor/laravel/framework/src/Illuminate/Database/Eloquent/Builder.php(546): Illuminate\\Database\\Query\\Builder->get()
#7 /home/alejandro/play-work/playgroup-admin---laravel/vendor/laravel/framework/src/Illuminate/Database/Eloquent/Builder.php(530): Illuminate\\Database\\Eloquent\\Builder->getModels()
#8 /home/alejandro/play-work/playgroup-admin---laravel/app/Http/Controllers/Api/PageController.php(78): Illuminate\\Database\\Eloquent\\Builder->get()
#9 /home/alejandro/play-work/playgroup-admin---laravel/vendor/laravel/framework/src/Illuminate/Routing/Controller.php(54): App\\Http\\Controllers\\Api\\PageController->home()
#10 /home/alejandro/play-work/playgroup-admin---laravel/vendor/laravel/framework/src/Illuminate/Routing/ControllerDispatcher.php(45): Illuminate\\Routing\\Controller->callAction()
#11 /home/alejandro/play-work/playgroup-admin---laravel/vendor/laravel/framework/src/Illuminate/Routing/Route.php(219): Illuminate\\Routing\\ControllerDispatcher->dispatch()
#12 /home/alejandro/play-work/playgroup-admin---laravel/vendor/laravel/framework/src/Illuminate/Routing/Route.php(176): Illuminate\\Routing\\Route->runController()
#13 /home/alejandro/play-work/playgroup-admin---laravel/vendor/laravel/framework/src/Illuminate/Routing/Router.php(681): Illuminate\\Routing\\Route->run()
#14 /home/alejandro/play-work/playgroup-admin---laravel/vendor/laravel/framework/src/Illuminate/Pipeline/Pipeline.php(130): Illuminate\\Routing\\Router->Illuminate\\Routing\\{closure}()
#15 /home/alejandro/play-work/playgroup-admin---laravel/vendor/laravel/framework/src/Illuminate/Routing/Middleware/SubstituteBindings.php(41): Illuminate\\Pipeline\\Pipeline->Illuminate\\Pipeline\\{closure}()
#16 /home/alejandro/play-work/playgroup-admin---laravel/vendor/laravel/framework/src/Illuminate/Pipeline/Pipeline.php(171): Illuminate\\Routing\\Middleware\\SubstituteBindings->handle()
#17 /home/alejandro/play-work/playgroup-admin---laravel/vendor/laravel/framework/src/Illuminate/Pipeline/Pipeline.php(105): Illuminate\\Pipeline\\Pipeline->Illuminate\\Pipeline\\{closure}()
#18 /home/alejandro/play-work/playgroup-admin---laravel/vendor/laravel/framework/src/Illuminate/Routing/Router.php(683): Illuminate\\Pipeline\\Pipeline->then()
#19 /home/alejandro/play-work/playgroup-admin---laravel/vendor/laravel/framework/src/Illuminate/Routing/Router.php(658): Illuminate\\Routing\\Router->runRouteWithinStack()
#20 /home/alejandro/play-work/playgroup-admin---laravel/vendor/laravel/framework/src/Illuminate/Routing/Router.php(624): Illuminate\\Routing\\Router->runRoute()
#21 /home/alejandro/play-work/playgroup-admin---laravel/vendor/laravel/framework/src/Illuminate/Routing/Router.php(613): Illuminate\\Routing\\Router->dispatchToRoute()
#22 /home/alejandro/play-work/playgroup-admin---laravel/vendor/laravel/framework/src/Illuminate/Foundation/Http/Kernel.php(170): Illuminate\\Routing\\Router->dispatch()
#23 /home/alejandro/play-work/playgroup-admin---laravel/vendor/laravel/framework/src/Illuminate/Pipeline/Pipeline.php(130): Illuminate\\Foundation\\Http\\Kernel->Illuminate\\Foundation\\Http\\{closure}()
#24 /home/alejandro/play-work/playgroup-admin---laravel/vendor/laravel/framework/src/Illuminate/Foundation/Http/Middleware/TransformsRequest.php(21): Illuminate\\Pipeline\\Pipeline->Illuminate\\Pipeline\\{closure}()
#25 /home/alejandro/play-work/playgroup-admin---laravel/vendor/laravel/framework/src/Illuminate/Pipeline/Pipeline.php(171): Illuminate\\Foundation\\Http\\Middleware\\TransformsRequest->handle()
#26 /home/alejandro/play-work/playgroup-admin---laravel/vendor/laravel/framework/src/Illuminate/Foundation/Http/Middleware/TransformsRequest.php(21): Illuminate\\Pipeline\\Pipeline->Illuminate\\Pipeline\\{closure}()
#27 /home/alejandro/play-work/playgroup-admin---laravel/vendor/laravel/framework/src/Illuminate/Pipeline/Pipeline.php(171): Illuminate\\Foundation\\Http\\Middleware\\TransformsRequest->handle()
#28 /home/alejandro/play-work/playgroup-admin---laravel/vendor/laravel/framework/src/Illuminate/Foundation/Http/Middleware/ValidatePostSize.php(27): Illuminate\\Pipeline\\Pipeline->Illuminate\\Pipeline\\{closure}()
#29 /home/alejandro/play-work/playgroup-admin---laravel/vendor/laravel/framework/src/Illuminate/Pipeline/Pipeline.php(171): Illuminate\\Foundation\\Http\\Middleware\\ValidatePostSize->handle()
#30 /home/alejandro/play-work/playgroup-admin---laravel/vendor/laravel/framework/src/Illuminate/Foundation/Http/Middleware/CheckForMaintenanceMode.php(63): Illuminate\\Pipeline\\Pipeline->Illuminate\\Pipeline\\{closure}()
#31 /home/alejandro/play-work/playgroup-admin---laravel/vendor/laravel/framework/src/Illuminate/Pipeline/Pipeline.php(171): Illuminate\\Foundation\\Http\\Middleware\\CheckForMaintenanceMode->handle()
#32 /home/alejandro/play-work/playgroup-admin---laravel/vendor/fideloper/proxy/src/TrustProxies.php(57): Illuminate\\Pipeline\\Pipeline->Illuminate\\Pipeline\\{closure}()
#33 /home/alejandro/play-work/playgroup-admin---laravel/vendor/laravel/framework/src/Illuminate/Pipeline/Pipeline.php(171): Fideloper\\Proxy\\TrustProxies->handle()
#34 /home/alejandro/play-work/playgroup-admin---laravel/vendor/laravel/framework/src/Illuminate/Pipeline/Pipeline.php(105): Illuminate\\Pipeline\\Pipeline->Illuminate\\Pipeline\\{closure}()
#35 /home/alejandro/play-work/playgroup-admin---laravel/vendor/laravel/framework/src/Illuminate/Foundation/Http/Kernel.php(145): Illuminate\\Pipeline\\Pipeline->then()
#36 /home/alejandro/play-work/playgroup-admin---laravel/vendor/laravel/framework/src/Illuminate/Foundation/Http/Kernel.php(110): Illuminate\\Foundation\\Http\\Kernel->sendRequestThroughRouter()
#37 /home/alejandro/play-work/playgroup-admin---laravel/public/index.php(55): Illuminate\\Foundation\\Http\\Kernel->handle()
#38 /home/alejandro/play-work/playgroup-admin---laravel/server.php(21): require_once('/home/alejandro...')
#39 {main}

[previous exception] [object] (Doctrine\\DBAL\\Driver\\PDO\\Exception(code: 42S22): SQLSTATE[42S22]: Column not found: 1054 Unknown column 'position' in 'field list' at /home/alejandro/play-work/playgroup-admin---laravel/vendor/doctrine/dbal/lib/Doctrine/DBAL/Driver/PDO/Exception.php:18)
[stacktrace]
#0 /home/alejandro/play-work/playgroup-admin---laravel/vendor/doctrine/dbal/lib/Doctrine/DBAL/Driver/PDOConnection.php(87): Doctrine\\DBAL\\Driver\\PDO\\Exception::new()
#1 /home/alejandro/play-work/playgroup-admin---laravel/vendor/laravel/framework/src/Illuminate/Database/Connection.php(331): Doctrine\\DBAL\\Driver\\PDOConnection->prepare()
#2 /home/alejandro/play-work/playgroup-admin---laravel/vendor/laravel/framework/src/Illuminate/Database/Connection.php(662): Illuminate\\Database\\Connection->Illuminate\\Database\\{closure}()
#3 /home/alejandro/play-work/playgroup-admin---laravel/vendor/laravel/framework/src/Illuminate/Database/Connection.php(629): Illuminate\\Database\\Connection->runQueryCallback()
#4 /home/alejandro/play-work/playgroup-admin---laravel/vendor/laravel/framework/src/Illuminate/Database/Connection.php(338): Illuminate\\Database\\Connection->run()
#5 /home/alejandro/play-work/playgroup-admin---laravel/vendor/laravel/framework/src/Illuminate/Database/Query/Builder.php(2159): Illuminate\\Database\\Connection->select()
#6 /home/alejandro/play-work/playgroup-admin---laravel/vendor/laravel/framework/src/Illuminate/Database/Query/Builder.php(2147): Illuminate\\Database\\Query\\Builder->runSelect()
#7 /home/alejandro/play-work/playgroup-admin---laravel/vendor/laravel/framework/src/Illuminate/Database/Query/Builder.php(2619): Illuminate\\Database\\Query\\Builder->Illuminate\\Database\\Query\\{closure}()
#8 /home/alejandro/play-work/playgroup-admin---laravel/vendor/laravel/framework/src/Illuminate/Database/Query/Builder.php(2148): Illuminate\\Database\\Query\\Builder->onceWithColumns()
#9 /home/alejandro/play-work/playgroup-admin---laravel/vendor/laravel/framework/src/Illuminate/Database/Eloquent/Builder.php(546): Illuminate\\Database\\Query\\Builder->get()
#10 /home/alejandro/play-work/playgroup-admin---laravel/vendor/laravel/framework/src/Illuminate/Database/Eloquent/Builder.php(530): Illuminate\\Database\\Eloquent\\Builder->getModels()
#11 /home/alejandro/play-work/playgroup-admin---laravel/app/Http/Controllers/Api/PageController.php(78): Illuminate\\Database\\Eloquent\\Builder->get()
#12 /home/alejandro/play-work/playgroup-admin---laravel/vendor/laravel/framework/src/Illuminate/Routing/Controller.php(54): App\\Http\\Controllers\\Api\\PageController->home()
#13 /home/alejandro/play-work/playgroup-admin---laravel/vendor/laravel/framework/src/Illuminate/Routing/ControllerDispatcher.php(45): Illuminate\\Routing\\Controller->callAction()
#14 /home/alejandro/play-work/playgroup-admin---laravel/vendor/laravel/framework/src/Illuminate/Routing/Route.php(219): Illuminate\\Routing\\ControllerDispatcher->dispatch()
#15 /home/alejandro/play-work/playgroup-admin---laravel/vendor/laravel/framework/src/Illuminate/Routing/Route.php(176): Illuminate\\Routing\\Route->runController()
#16 /home/alejandro/play-work/playgroup-admin---laravel/vendor/laravel/framework/src/Illuminate/Routing/Router.php(681): Illuminate\\Routing\\Route->run()
#17 /home/alejandro/play-work/playgroup-admin---laravel/vendor/laravel/framework/src/Illuminate/Pipeline/Pipeline.php(130): Illuminate\\Routing\\Router->Illuminate\\Routing\\{closure}()
#18 /home/alejandro/play-work/playgroup-admin---laravel/vendor/laravel/framework/src/Illuminate/Routing/Middleware/SubstituteBindings.php(41): Illuminate\\Pipeline\\Pipeline->Illuminate\\Pipeline\\{closure}()
#19 /home/alejandro/play-work/playgroup-admin---laravel/vendor/laravel/framework/src/Illuminate/Pipeline/Pipeline.php(171): Illuminate\\Routing\\Middleware\\SubstituteBindings->handle()
#20 /home/alejandro/play-work/playgroup-admin---laravel/vendor/laravel/framework/src/Illuminate/Pipeline/Pipeline.php(105): Illuminate\\Pipeline\\Pipeline->Illuminate\\Pipeline\\{closure}()
#21 /home/alejandro/play-work/playgroup-admin---laravel/vendor/laravel/framework/src/Illuminate/Routing/Router.php(683): Illuminate\\Pipeline\\Pipeline->then()
#22 /home/alejandro/play-work/playgroup-admin---laravel/vendor/laravel/framework/src/Illuminate/Routing/Router.php(658): Illuminate\\Routing\\Router->runRouteWithinStack()
#23 /home/alejandro/play-work/playgroup-admin---laravel/vendor/laravel/framework/src/Illuminate/Routing/Router.php(624): Illuminate\\Routing\\Router->runRoute()
#24 /home/alejandro/play-work/playgroup-admin---laravel/vendor/laravel/framework/src/Illuminate/Routing/Router.php(613): Illuminate\\Routing\\Router->dispatchToRoute()
#25 /home/alejandro/play-work/playgroup-admin---laravel/vendor/laravel/framework/src/Illuminate/Foundation/Http/Kernel.php(170): Illuminate\\Routing\\Router->dispatch()
#26 /home/alejandro/play-work/playgroup-admin---laravel/vendor/laravel/framework/src/Illuminate/Pipeline/Pipeline.php(130): Illuminate\\Foundation\\Http\\Kernel->Illuminate\\Foundation\\Http\\{closure}()
#27 /home/alejandro/play-work/playgroup-admin---laravel/vendor/laravel/framework/src/Illuminate/Foundation/Http/Middleware/TransformsRequest.php(21): Illuminate\\Pipeline\\Pipeline->Illuminate\\Pipeline\\{closure}()
#28 /home/alejandro/play-work/playgroup-admin---laravel/vendor/laravel/framework/src/Illuminate/Pipeline/Pipeline.php(171): Illuminate\\Foundation\\Http\\Middleware\\TransformsRequest->handle()
#29 /home/alejandro/play-work/playgroup-admin---laravel/vendor/laravel/framework/src/Illuminate/Foundation/Http/Middleware/TransformsRequest.php(21): Illuminate\\Pipeline\\Pipeline->Illuminate\\Pipeline\\{closure}()
#30 /home/alejandro/play-work/playgroup-admin---laravel/vendor/laravel/framework/src/Illuminate/Pipeline/Pipeline.php(171): Illuminate\\Foundation\\Http\\Middleware\\TransformsRequest->handle()
#31 /home/alejandro/play-work/playgroup-admin---laravel/vendor/laravel/framework/src/Illuminate/Foundation/Http/Middleware/ValidatePostSize.php(27): Illuminate\\Pipeline\\Pipeline->Illuminate\\Pipeline\\{closure}()
#32 /home/alejandro/play-work/playgroup-admin---laravel/vendor/laravel/framework/src/Illuminate/Pipeline/Pipeline.php(171): Illuminate\\Foundation\\Http\\Middleware\\ValidatePostSize->handle()
#33 /home/alejandro/play-work/playgroup-admin---laravel/vendor/laravel/framework/src/Illuminate/Foundation/Http/Middleware/CheckForMaintenanceMode.php(63): Illuminate\\Pipeline\\Pipeline->Illuminate\\Pipeline\\{closure}()
#34 /home/alejandro/play-work/playgroup-admin---laravel/vendor/laravel/framework/src/Illuminate/Pipeline/Pipeline.php(171): Illuminate\\Foundation\\Http\\Middleware\\CheckForMaintenanceMode->handle()
#35 /home/alejandro/play-work/playgroup-admin---laravel/vendor/fideloper/proxy/src/TrustProxies.php(57): Illuminate\\Pipeline\\Pipeline->Illuminate\\Pipeline\\{closure}()
#36 /home/alejandro/play-work/playgroup-admin---laravel/vendor/laravel/framework/src/Illuminate/Pipeline/Pipeline.php(171): Fideloper\\Proxy\\TrustProxies->handle()
#37 /home/alejandro/play-work/playgroup-admin---laravel/vendor/laravel/framework/src/Illuminate/Pipeline/Pipeline.php(105): Illuminate\\Pipeline\\Pipeline->Illuminate\\Pipeline\\{closure}()
#38 /home/alejandro/play-work/playgroup-admin---laravel/vendor/laravel/framework/src/Illuminate/Foundation/Http/Kernel.php(145): Illuminate\\Pipeline\\Pipeline->then()
#39 /home/alejandro/play-work/playgroup-admin---laravel/vendor/laravel/framework/src/Illuminate/Foundation/Http/Kernel.php(110): Illuminate\\Foundation\\Http\\Kernel->sendRequestThroughRouter()
#40 /home/alejandro/play-work/playgroup-admin---laravel/public/index.php(55): Illuminate\\Foundation\\Http\\Kernel->handle()
#41 /home/alejandro/play-work/playgroup-admin---laravel/server.php(21): require_once('/home/alejandro...')
#42 {main}

[previous exception] [object] (PDOException(code: 42S22): SQLSTATE[42S22]: Column not found: 1054 Unknown column 'position' in 'field list' at /home/alejandro/play-work/playgroup-admin---laravel/vendor/doctrine/dbal/lib/Doctrine/DBAL/Driver/PDOConnection.php:82)
[stacktrace]
#0 /home/alejandro/play-work/playgroup-admin---laravel/vendor/doctrine/dbal/lib/Doctrine/DBAL/Driver/PDOConnection.php(82): PDO->prepare()
#1 /home/alejandro/play-work/playgroup-admin---laravel/vendor/laravel/framework/src/Illuminate/Database/Connection.php(331): Doctrine\\DBAL\\Driver\\PDOConnection->prepare()
#2 /home/alejandro/play-work/playgroup-admin---laravel/vendor/laravel/framework/src/Illuminate/Database/Connection.php(662): Illuminate\\Database\\Connection->Illuminate\\Database\\{closure}()
#3 /home/alejandro/play-work/playgroup-admin---laravel/vendor/laravel/framework/src/Illuminate/Database/Connection.php(629): Illuminate\\Database\\Connection->runQueryCallback()
#4 /home/alejandro/play-work/playgroup-admin---laravel/vendor/laravel/framework/src/Illuminate/Database/Connection.php(338): Illuminate\\Database\\Connection->run()
#5 /home/alejandro/play-work/playgroup-admin---laravel/vendor/laravel/framework/src/Illuminate/Database/Query/Builder.php(2159): Illuminate\\Database\\Connection->select()
#6 /home/alejandro/play-work/playgroup-admin---laravel/vendor/laravel/framework/src/Illuminate/Database/Query/Builder.php(2147): Illuminate\\Database\\Query\\Builder->runSelect()
#7 /home/alejandro/play-work/playgroup-admin---laravel/vendor/laravel/framework/src/Illuminate/Database/Query/Builder.php(2619): Illuminate\\Database\\Query\\Builder->Illuminate\\Database\\Query\\{closure}()
#8 /home/alejandro/play-work/playgroup-admin---laravel/vendor/laravel/framework/src/Illuminate/Database/Query/Builder.php(2148): Illuminate\\Database\\Query\\Builder->onceWithColumns()
#9 /home/alejandro/play-work/playgroup-admin---laravel/vendor/laravel/framework/src/Illuminate/Database/Eloquent/Builder.php(546): Illuminate\\Database\\Query\\Builder->get()
#10 /home/alejandro/play-work/playgroup-admin---laravel/vendor/laravel/framework/src/Illuminate/Database/Eloquent/Builder.php(530): Illuminate\\Database\\Eloquent\\Builder->getModels()
#11 /home/alejandro/play-work/playgroup-admin---laravel/app/Http/Controllers/Api/PageController.php(78): Illuminate\\Database\\Eloquent\\Builder->get()
#12 /home/alejandro/play-work/playgroup-admin---laravel/vendor/laravel/framework/src/Illuminate/Routing/Controller.php(54): App\\Http\\Controllers\\Api\\PageController->home()
#13 /home/alejandro/play-work/playgroup-admin---laravel/vendor/laravel/framework/src/Illuminate/Routing/ControllerDispatcher.php(45): Illuminate\\Routing\\Controller->callAction()
#14 /home/alejandro/play-work/playgroup-admin---laravel/vendor/laravel/framework/src/Illuminate/Routing/Route.php(219): Illuminate\\Routing\\ControllerDispatcher->dispatch()
#15 /home/alejandro/play-work/playgroup-admin---laravel/vendor/laravel/framework/src/Illuminate/Routing/Route.php(176): Illuminate\\Routing\\Route->runController()
#16 /home/alejandro/play-work/playgroup-admin---laravel/vendor/laravel/framework/src/Illuminate/Routing/Router.php(681): Illuminate\\Routing\\Route->run()
#17 /home/alejandro/play-work/playgroup-admin---laravel/vendor/laravel/framework/src/Illuminate/Pipeline/Pipeline.php(130): Illuminate\\Routing\\Router->Illuminate\\Routing\\{closure}()
#18 /home/alejandro/play-work/playgroup-admin---laravel/vendor/laravel/framework/src/Illuminate/Routing/Middleware/SubstituteBindings.php(41): Illuminate\\Pipeline\\Pipeline->Illuminate\\Pipeline\\{closure}()
#19 /home/alejandro/play-work/playgroup-admin---laravel/vendor/laravel/framework/src/Illuminate/Pipeline/Pipeline.php(171): Illuminate\\Routing\\Middleware\\SubstituteBindings->handle()
#20 /home/alejandro/play-work/playgroup-admin---laravel/vendor/laravel/framework/src/Illuminate/Pipeline/Pipeline.php(105): Illuminate\\Pipeline\\Pipeline->Illuminate\\Pipeline\\{closure}()
#21 /home/alejandro/play-work/playgroup-admin---laravel/vendor/laravel/framework/src/Illuminate/Routing/Router.php(683): Illuminate\\Pipeline\\Pipeline->then()
#22 /home/alejandro/play-work/playgroup-admin---laravel/vendor/laravel/framework/src/Illuminate/Routing/Router.php(658): Illuminate\\Routing\\Router->runRouteWithinStack()
#23 /home/alejandro/play-work/playgroup-admin---laravel/vendor/laravel/framework/src/Illuminate/Routing/Router.php(624): Illuminate\\Routing\\Router->runRoute()
#24 /home/alejandro/play-work/playgroup-admin---laravel/vendor/laravel/framework/src/Illuminate/Routing/Router.php(613): Illuminate\\Routing\\Router->dispatchToRoute()
#25 /home/alejandro/play-work/playgroup-admin---laravel/vendor/laravel/framework/src/Illuminate/Foundation/Http/Kernel.php(170): Illuminate\\Routing\\Router->dispatch()
#26 /home/alejandro/play-work/playgroup-admin---laravel/vendor/laravel/framework/src/Illuminate/Pipeline/Pipeline.php(130): Illuminate\\Foundation\\Http\\Kernel->Illuminate\\Foundation\\Http\\{closure}()
#27 /home/alejandro/play-work/playgroup-admin---laravel/vendor/laravel/framework/src/Illuminate/Foundation/Http/Middleware/TransformsRequest.php(21): Illuminate\\Pipeline\\Pipeline->Illuminate\\Pipeline\\{closure}()
#28 /home/alejandro/play-work/playgroup-admin---laravel/vendor/laravel/framework/src/Illuminate/Pipeline/Pipeline.php(171): Illuminate\\Foundation\\Http\\Middleware\\TransformsRequest->handle()
#29 /home/alejandro/play-work/playgroup-admin---laravel/vendor/laravel/framework/src/Illuminate/Foundation/Http/Middleware/TransformsRequest.php(21): Illuminate\\Pipeline\\Pipeline->Illuminate\\Pipeline\\{closure}()
#30 /home/alejandro/play-work/playgroup-admin---laravel/vendor/laravel/framework/src/Illuminate/Pipeline/Pipeline.php(171): Illuminate\\Foundation\\Http\\Middleware\\TransformsRequest->handle()
#31 /home/alejandro/play-work/playgroup-admin---laravel/vendor/laravel/framework/src/Illuminate/Foundation/Http/Middleware/ValidatePostSize.php(27): Illuminate\\Pipeline\\Pipeline->Illuminate\\Pipeline\\{closure}()
#32 /home/alejandro/play-work/playgroup-admin---laravel/vendor/laravel/framework/src/Illuminate/Pipeline/Pipeline.php(171): Illuminate\\Foundation\\Http\\Middleware\\ValidatePostSize->handle()
#33 /home/alejandro/play-work/playgroup-admin---laravel/vendor/laravel/framework/src/Illuminate/Foundation/Http/Middleware/CheckForMaintenanceMode.php(63): Illuminate\\Pipeline\\Pipeline->Illuminate\\Pipeline\\{closure}()
#34 /home/alejandro/play-work/playgroup-admin---laravel/vendor/laravel/framework/src/Illuminate/Pipeline/Pipeline.php(171): Illuminate\\Foundation\\Http\\Middleware\\CheckForMaintenanceMode->handle()
#35 /home/alejandro/play-work/playgroup-admin---laravel/vendor/fideloper/proxy/src/TrustProxies.php(57): Illuminate\\Pipeline\\Pipeline->Illuminate\\Pipeline\\{closure}()
#36 /home/alejandro/play-work/playgroup-admin---laravel/vendor/laravel/framework/src/Illuminate/Pipeline/Pipeline.php(171): Fideloper\\Proxy\\TrustProxies->handle()
#37 /home/alejandro/play-work/playgroup-admin---laravel/vendor/laravel/framework/src/Illuminate/Pipeline/Pipeline.php(105): Illuminate\\Pipeline\\Pipeline->Illuminate\\Pipeline\\{closure}()
#38 /home/alejandro/play-work/playgroup-admin---laravel/vendor/laravel/framework/src/Illuminate/Foundation/Http/Kernel.php(145): Illuminate\\Pipeline\\Pipeline->then()
#39 /home/alejandro/play-work/playgroup-admin---laravel/vendor/laravel/framework/src/Illuminate/Foundation/Http/Kernel.php(110): Illuminate\\Foundation\\Http\\Kernel->sendRequestThroughRouter()
#40 /home/alejandro/play-work/playgroup-admin---laravel/public/index.php(55): Illuminate\\Foundation\\Http\\Kernel->handle()
#41 /home/alejandro/play-work/playgroup-admin---laravel/server.php(21): require_once('/home/alejandro...')
#42 {main}
"} 
[2025-05-20 15:16:36] local.ERROR: SQLSTATE[42S22]: Column not found: 1054 Unknown column 'position' in 'field list' (SQL: select `name`, `image`, `position`, `category` from `awards` order by `index` asc) {"exception":"[object] (Illuminate\\Database\\QueryException(code: 42S22): SQLSTATE[42S22]: Column not found: 1054 Unknown column 'position' in 'field list' (SQL: select `name`, `image`, `position`, `category` from `awards` order by `index` asc) at /home/alejandro/play-work/playgroup-admin---laravel/vendor/laravel/framework/src/Illuminate/Database/Connection.php:669)
[stacktrace]
#0 /home/alejandro/play-work/playgroup-admin---laravel/vendor/laravel/framework/src/Illuminate/Database/Connection.php(629): Illuminate\\Database\\Connection->runQueryCallback()
#1 /home/alejandro/play-work/playgroup-admin---laravel/vendor/laravel/framework/src/Illuminate/Database/Connection.php(338): Illuminate\\Database\\Connection->run()
#2 /home/alejandro/play-work/playgroup-admin---laravel/vendor/laravel/framework/src/Illuminate/Database/Query/Builder.php(2159): Illuminate\\Database\\Connection->select()
#3 /home/alejandro/play-work/playgroup-admin---laravel/vendor/laravel/framework/src/Illuminate/Database/Query/Builder.php(2147): Illuminate\\Database\\Query\\Builder->runSelect()
#4 /home/alejandro/play-work/playgroup-admin---laravel/vendor/laravel/framework/src/Illuminate/Database/Query/Builder.php(2619): Illuminate\\Database\\Query\\Builder->Illuminate\\Database\\Query\\{closure}()
#5 /home/alejandro/play-work/playgroup-admin---laravel/vendor/laravel/framework/src/Illuminate/Database/Query/Builder.php(2148): Illuminate\\Database\\Query\\Builder->onceWithColumns()
#6 /home/alejandro/play-work/playgroup-admin---laravel/vendor/laravel/framework/src/Illuminate/Database/Eloquent/Builder.php(546): Illuminate\\Database\\Query\\Builder->get()
#7 /home/alejandro/play-work/playgroup-admin---laravel/vendor/laravel/framework/src/Illuminate/Database/Eloquent/Builder.php(530): Illuminate\\Database\\Eloquent\\Builder->getModels()
#8 /home/alejandro/play-work/playgroup-admin---laravel/app/Http/Controllers/Api/PageController.php(78): Illuminate\\Database\\Eloquent\\Builder->get()
#9 /home/alejandro/play-work/playgroup-admin---laravel/vendor/laravel/framework/src/Illuminate/Routing/Controller.php(54): App\\Http\\Controllers\\Api\\PageController->home()
#10 /home/alejandro/play-work/playgroup-admin---laravel/vendor/laravel/framework/src/Illuminate/Routing/ControllerDispatcher.php(45): Illuminate\\Routing\\Controller->callAction()
#11 /home/alejandro/play-work/playgroup-admin---laravel/vendor/laravel/framework/src/Illuminate/Routing/Route.php(219): Illuminate\\Routing\\ControllerDispatcher->dispatch()
#12 /home/alejandro/play-work/playgroup-admin---laravel/vendor/laravel/framework/src/Illuminate/Routing/Route.php(176): Illuminate\\Routing\\Route->runController()
#13 /home/alejandro/play-work/playgroup-admin---laravel/vendor/laravel/framework/src/Illuminate/Routing/Router.php(681): Illuminate\\Routing\\Route->run()
#14 /home/alejandro/play-work/playgroup-admin---laravel/vendor/laravel/framework/src/Illuminate/Pipeline/Pipeline.php(130): Illuminate\\Routing\\Router->Illuminate\\Routing\\{closure}()
#15 /home/alejandro/play-work/playgroup-admin---laravel/vendor/laravel/framework/src/Illuminate/Routing/Middleware/SubstituteBindings.php(41): Illuminate\\Pipeline\\Pipeline->Illuminate\\Pipeline\\{closure}()
#16 /home/alejandro/play-work/playgroup-admin---laravel/vendor/laravel/framework/src/Illuminate/Pipeline/Pipeline.php(171): Illuminate\\Routing\\Middleware\\SubstituteBindings->handle()
#17 /home/alejandro/play-work/playgroup-admin---laravel/vendor/laravel/framework/src/Illuminate/Pipeline/Pipeline.php(105): Illuminate\\Pipeline\\Pipeline->Illuminate\\Pipeline\\{closure}()
#18 /home/alejandro/play-work/playgroup-admin---laravel/vendor/laravel/framework/src/Illuminate/Routing/Router.php(683): Illuminate\\Pipeline\\Pipeline->then()
#19 /home/alejandro/play-work/playgroup-admin---laravel/vendor/laravel/framework/src/Illuminate/Routing/Router.php(658): Illuminate\\Routing\\Router->runRouteWithinStack()
#20 /home/alejandro/play-work/playgroup-admin---laravel/vendor/laravel/framework/src/Illuminate/Routing/Router.php(624): Illuminate\\Routing\\Router->runRoute()
#21 /home/alejandro/play-work/playgroup-admin---laravel/vendor/laravel/framework/src/Illuminate/Routing/Router.php(613): Illuminate\\Routing\\Router->dispatchToRoute()
#22 /home/alejandro/play-work/playgroup-admin---laravel/vendor/laravel/framework/src/Illuminate/Foundation/Http/Kernel.php(170): Illuminate\\Routing\\Router->dispatch()
#23 /home/alejandro/play-work/playgroup-admin---laravel/vendor/laravel/framework/src/Illuminate/Pipeline/Pipeline.php(130): Illuminate\\Foundation\\Http\\Kernel->Illuminate\\Foundation\\Http\\{closure}()
#24 /home/alejandro/play-work/playgroup-admin---laravel/vendor/laravel/framework/src/Illuminate/Foundation/Http/Middleware/TransformsRequest.php(21): Illuminate\\Pipeline\\Pipeline->Illuminate\\Pipeline\\{closure}()
#25 /home/alejandro/play-work/playgroup-admin---laravel/vendor/laravel/framework/src/Illuminate/Pipeline/Pipeline.php(171): Illuminate\\Foundation\\Http\\Middleware\\TransformsRequest->handle()
#26 /home/alejandro/play-work/playgroup-admin---laravel/vendor/laravel/framework/src/Illuminate/Foundation/Http/Middleware/TransformsRequest.php(21): Illuminate\\Pipeline\\Pipeline->Illuminate\\Pipeline\\{closure}()
#27 /home/alejandro/play-work/playgroup-admin---laravel/vendor/laravel/framework/src/Illuminate/Pipeline/Pipeline.php(171): Illuminate\\Foundation\\Http\\Middleware\\TransformsRequest->handle()
#28 /home/alejandro/play-work/playgroup-admin---laravel/vendor/laravel/framework/src/Illuminate/Foundation/Http/Middleware/ValidatePostSize.php(27): Illuminate\\Pipeline\\Pipeline->Illuminate\\Pipeline\\{closure}()
#29 /home/alejandro/play-work/playgroup-admin---laravel/vendor/laravel/framework/src/Illuminate/Pipeline/Pipeline.php(171): Illuminate\\Foundation\\Http\\Middleware\\ValidatePostSize->handle()
#30 /home/alejandro/play-work/playgroup-admin---laravel/vendor/laravel/framework/src/Illuminate/Foundation/Http/Middleware/CheckForMaintenanceMode.php(63): Illuminate\\Pipeline\\Pipeline->Illuminate\\Pipeline\\{closure}()
#31 /home/alejandro/play-work/playgroup-admin---laravel/vendor/laravel/framework/src/Illuminate/Pipeline/Pipeline.php(171): Illuminate\\Foundation\\Http\\Middleware\\CheckForMaintenanceMode->handle()
#32 /home/alejandro/play-work/playgroup-admin---laravel/vendor/fideloper/proxy/src/TrustProxies.php(57): Illuminate\\Pipeline\\Pipeline->Illuminate\\Pipeline\\{closure}()
#33 /home/alejandro/play-work/playgroup-admin---laravel/vendor/laravel/framework/src/Illuminate/Pipeline/Pipeline.php(171): Fideloper\\Proxy\\TrustProxies->handle()
#34 /home/alejandro/play-work/playgroup-admin---laravel/vendor/laravel/framework/src/Illuminate/Pipeline/Pipeline.php(105): Illuminate\\Pipeline\\Pipeline->Illuminate\\Pipeline\\{closure}()
#35 /home/alejandro/play-work/playgroup-admin---laravel/vendor/laravel/framework/src/Illuminate/Foundation/Http/Kernel.php(145): Illuminate\\Pipeline\\Pipeline->then()
#36 /home/alejandro/play-work/playgroup-admin---laravel/vendor/laravel/framework/src/Illuminate/Foundation/Http/Kernel.php(110): Illuminate\\Foundation\\Http\\Kernel->sendRequestThroughRouter()
#37 /home/alejandro/play-work/playgroup-admin---laravel/public/index.php(55): Illuminate\\Foundation\\Http\\Kernel->handle()
#38 /home/alejandro/play-work/playgroup-admin---laravel/server.php(21): require_once('/home/alejandro...')
#39 {main}

[previous exception] [object] (Doctrine\\DBAL\\Driver\\PDO\\Exception(code: 42S22): SQLSTATE[42S22]: Column not found: 1054 Unknown column 'position' in 'field list' at /home/alejandro/play-work/playgroup-admin---laravel/vendor/doctrine/dbal/lib/Doctrine/DBAL/Driver/PDO/Exception.php:18)
[stacktrace]
#0 /home/alejandro/play-work/playgroup-admin---laravel/vendor/doctrine/dbal/lib/Doctrine/DBAL/Driver/PDOConnection.php(87): Doctrine\\DBAL\\Driver\\PDO\\Exception::new()
#1 /home/alejandro/play-work/playgroup-admin---laravel/vendor/laravel/framework/src/Illuminate/Database/Connection.php(331): Doctrine\\DBAL\\Driver\\PDOConnection->prepare()
#2 /home/alejandro/play-work/playgroup-admin---laravel/vendor/laravel/framework/src/Illuminate/Database/Connection.php(662): Illuminate\\Database\\Connection->Illuminate\\Database\\{closure}()
#3 /home/alejandro/play-work/playgroup-admin---laravel/vendor/laravel/framework/src/Illuminate/Database/Connection.php(629): Illuminate\\Database\\Connection->runQueryCallback()
#4 /home/alejandro/play-work/playgroup-admin---laravel/vendor/laravel/framework/src/Illuminate/Database/Connection.php(338): Illuminate\\Database\\Connection->run()
#5 /home/alejandro/play-work/playgroup-admin---laravel/vendor/laravel/framework/src/Illuminate/Database/Query/Builder.php(2159): Illuminate\\Database\\Connection->select()
#6 /home/alejandro/play-work/playgroup-admin---laravel/vendor/laravel/framework/src/Illuminate/Database/Query/Builder.php(2147): Illuminate\\Database\\Query\\Builder->runSelect()
#7 /home/alejandro/play-work/playgroup-admin---laravel/vendor/laravel/framework/src/Illuminate/Database/Query/Builder.php(2619): Illuminate\\Database\\Query\\Builder->Illuminate\\Database\\Query\\{closure}()
#8 /home/alejandro/play-work/playgroup-admin---laravel/vendor/laravel/framework/src/Illuminate/Database/Query/Builder.php(2148): Illuminate\\Database\\Query\\Builder->onceWithColumns()
#9 /home/alejandro/play-work/playgroup-admin---laravel/vendor/laravel/framework/src/Illuminate/Database/Eloquent/Builder.php(546): Illuminate\\Database\\Query\\Builder->get()
#10 /home/alejandro/play-work/playgroup-admin---laravel/vendor/laravel/framework/src/Illuminate/Database/Eloquent/Builder.php(530): Illuminate\\Database\\Eloquent\\Builder->getModels()
#11 /home/alejandro/play-work/playgroup-admin---laravel/app/Http/Controllers/Api/PageController.php(78): Illuminate\\Database\\Eloquent\\Builder->get()
#12 /home/alejandro/play-work/playgroup-admin---laravel/vendor/laravel/framework/src/Illuminate/Routing/Controller.php(54): App\\Http\\Controllers\\Api\\PageController->home()
#13 /home/alejandro/play-work/playgroup-admin---laravel/vendor/laravel/framework/src/Illuminate/Routing/ControllerDispatcher.php(45): Illuminate\\Routing\\Controller->callAction()
#14 /home/alejandro/play-work/playgroup-admin---laravel/vendor/laravel/framework/src/Illuminate/Routing/Route.php(219): Illuminate\\Routing\\ControllerDispatcher->dispatch()
#15 /home/alejandro/play-work/playgroup-admin---laravel/vendor/laravel/framework/src/Illuminate/Routing/Route.php(176): Illuminate\\Routing\\Route->runController()
#16 /home/alejandro/play-work/playgroup-admin---laravel/vendor/laravel/framework/src/Illuminate/Routing/Router.php(681): Illuminate\\Routing\\Route->run()
#17 /home/alejandro/play-work/playgroup-admin---laravel/vendor/laravel/framework/src/Illuminate/Pipeline/Pipeline.php(130): Illuminate\\Routing\\Router->Illuminate\\Routing\\{closure}()
#18 /home/alejandro/play-work/playgroup-admin---laravel/vendor/laravel/framework/src/Illuminate/Routing/Middleware/SubstituteBindings.php(41): Illuminate\\Pipeline\\Pipeline->Illuminate\\Pipeline\\{closure}()
#19 /home/alejandro/play-work/playgroup-admin---laravel/vendor/laravel/framework/src/Illuminate/Pipeline/Pipeline.php(171): Illuminate\\Routing\\Middleware\\SubstituteBindings->handle()
#20 /home/alejandro/play-work/playgroup-admin---laravel/vendor/laravel/framework/src/Illuminate/Pipeline/Pipeline.php(105): Illuminate\\Pipeline\\Pipeline->Illuminate\\Pipeline\\{closure}()
#21 /home/alejandro/play-work/playgroup-admin---laravel/vendor/laravel/framework/src/Illuminate/Routing/Router.php(683): Illuminate\\Pipeline\\Pipeline->then()
#22 /home/alejandro/play-work/playgroup-admin---laravel/vendor/laravel/framework/src/Illuminate/Routing/Router.php(658): Illuminate\\Routing\\Router->runRouteWithinStack()
#23 /home/alejandro/play-work/playgroup-admin---laravel/vendor/laravel/framework/src/Illuminate/Routing/Router.php(624): Illuminate\\Routing\\Router->runRoute()
#24 /home/alejandro/play-work/playgroup-admin---laravel/vendor/laravel/framework/src/Illuminate/Routing/Router.php(613): Illuminate\\Routing\\Router->dispatchToRoute()
#25 /home/alejandro/play-work/playgroup-admin---laravel/vendor/laravel/framework/src/Illuminate/Foundation/Http/Kernel.php(170): Illuminate\\Routing\\Router->dispatch()
#26 /home/alejandro/play-work/playgroup-admin---laravel/vendor/laravel/framework/src/Illuminate/Pipeline/Pipeline.php(130): Illuminate\\Foundation\\Http\\Kernel->Illuminate\\Foundation\\Http\\{closure}()
#27 /home/alejandro/play-work/playgroup-admin---laravel/vendor/laravel/framework/src/Illuminate/Foundation/Http/Middleware/TransformsRequest.php(21): Illuminate\\Pipeline\\Pipeline->Illuminate\\Pipeline\\{closure}()
#28 /home/alejandro/play-work/playgroup-admin---laravel/vendor/laravel/framework/src/Illuminate/Pipeline/Pipeline.php(171): Illuminate\\Foundation\\Http\\Middleware\\TransformsRequest->handle()
#29 /home/alejandro/play-work/playgroup-admin---laravel/vendor/laravel/framework/src/Illuminate/Foundation/Http/Middleware/TransformsRequest.php(21): Illuminate\\Pipeline\\Pipeline->Illuminate\\Pipeline\\{closure}()
#30 /home/alejandro/play-work/playgroup-admin---laravel/vendor/laravel/framework/src/Illuminate/Pipeline/Pipeline.php(171): Illuminate\\Foundation\\Http\\Middleware\\TransformsRequest->handle()
#31 /home/alejandro/play-work/playgroup-admin---laravel/vendor/laravel/framework/src/Illuminate/Foundation/Http/Middleware/ValidatePostSize.php(27): Illuminate\\Pipeline\\Pipeline->Illuminate\\Pipeline\\{closure}()
#32 /home/alejandro/play-work/playgroup-admin---laravel/vendor/laravel/framework/src/Illuminate/Pipeline/Pipeline.php(171): Illuminate\\Foundation\\Http\\Middleware\\ValidatePostSize->handle()
#33 /home/alejandro/play-work/playgroup-admin---laravel/vendor/laravel/framework/src/Illuminate/Foundation/Http/Middleware/CheckForMaintenanceMode.php(63): Illuminate\\Pipeline\\Pipeline->Illuminate\\Pipeline\\{closure}()
#34 /home/alejandro/play-work/playgroup-admin---laravel/vendor/laravel/framework/src/Illuminate/Pipeline/Pipeline.php(171): Illuminate\\Foundation\\Http\\Middleware\\CheckForMaintenanceMode->handle()
#35 /home/alejandro/play-work/playgroup-admin---laravel/vendor/fideloper/proxy/src/TrustProxies.php(57): Illuminate\\Pipeline\\Pipeline->Illuminate\\Pipeline\\{closure}()
#36 /home/alejandro/play-work/playgroup-admin---laravel/vendor/laravel/framework/src/Illuminate/Pipeline/Pipeline.php(171): Fideloper\\Proxy\\TrustProxies->handle()
#37 /home/alejandro/play-work/playgroup-admin---laravel/vendor/laravel/framework/src/Illuminate/Pipeline/Pipeline.php(105): Illuminate\\Pipeline\\Pipeline->Illuminate\\Pipeline\\{closure}()
#38 /home/alejandro/play-work/playgroup-admin---laravel/vendor/laravel/framework/src/Illuminate/Foundation/Http/Kernel.php(145): Illuminate\\Pipeline\\Pipeline->then()
#39 /home/alejandro/play-work/playgroup-admin---laravel/vendor/laravel/framework/src/Illuminate/Foundation/Http/Kernel.php(110): Illuminate\\Foundation\\Http\\Kernel->sendRequestThroughRouter()
#40 /home/alejandro/play-work/playgroup-admin---laravel/public/index.php(55): Illuminate\\Foundation\\Http\\Kernel->handle()
#41 /home/alejandro/play-work/playgroup-admin---laravel/server.php(21): require_once('/home/alejandro...')
#42 {main}

[previous exception] [object] (PDOException(code: 42S22): SQLSTATE[42S22]: Column not found: 1054 Unknown column 'position' in 'field list' at /home/alejandro/play-work/playgroup-admin---laravel/vendor/doctrine/dbal/lib/Doctrine/DBAL/Driver/PDOConnection.php:82)
[stacktrace]
#0 /home/alejandro/play-work/playgroup-admin---laravel/vendor/doctrine/dbal/lib/Doctrine/DBAL/Driver/PDOConnection.php(82): PDO->prepare()
#1 /home/alejandro/play-work/playgroup-admin---laravel/vendor/laravel/framework/src/Illuminate/Database/Connection.php(331): Doctrine\\DBAL\\Driver\\PDOConnection->prepare()
#2 /home/alejandro/play-work/playgroup-admin---laravel/vendor/laravel/framework/src/Illuminate/Database/Connection.php(662): Illuminate\\Database\\Connection->Illuminate\\Database\\{closure}()
#3 /home/alejandro/play-work/playgroup-admin---laravel/vendor/laravel/framework/src/Illuminate/Database/Connection.php(629): Illuminate\\Database\\Connection->runQueryCallback()
#4 /home/alejandro/play-work/playgroup-admin---laravel/vendor/laravel/framework/src/Illuminate/Database/Connection.php(338): Illuminate\\Database\\Connection->run()
#5 /home/alejandro/play-work/playgroup-admin---laravel/vendor/laravel/framework/src/Illuminate/Database/Query/Builder.php(2159): Illuminate\\Database\\Connection->select()
#6 /home/alejandro/play-work/playgroup-admin---laravel/vendor/laravel/framework/src/Illuminate/Database/Query/Builder.php(2147): Illuminate\\Database\\Query\\Builder->runSelect()
#7 /home/alejandro/play-work/playgroup-admin---laravel/vendor/laravel/framework/src/Illuminate/Database/Query/Builder.php(2619): Illuminate\\Database\\Query\\Builder->Illuminate\\Database\\Query\\{closure}()
#8 /home/alejandro/play-work/playgroup-admin---laravel/vendor/laravel/framework/src/Illuminate/Database/Query/Builder.php(2148): Illuminate\\Database\\Query\\Builder->onceWithColumns()
#9 /home/alejandro/play-work/playgroup-admin---laravel/vendor/laravel/framework/src/Illuminate/Database/Eloquent/Builder.php(546): Illuminate\\Database\\Query\\Builder->get()
#10 /home/alejandro/play-work/playgroup-admin---laravel/vendor/laravel/framework/src/Illuminate/Database/Eloquent/Builder.php(530): Illuminate\\Database\\Eloquent\\Builder->getModels()
#11 /home/alejandro/play-work/playgroup-admin---laravel/app/Http/Controllers/Api/PageController.php(78): Illuminate\\Database\\Eloquent\\Builder->get()
#12 /home/alejandro/play-work/playgroup-admin---laravel/vendor/laravel/framework/src/Illuminate/Routing/Controller.php(54): App\\Http\\Controllers\\Api\\PageController->home()
#13 /home/alejandro/play-work/playgroup-admin---laravel/vendor/laravel/framework/src/Illuminate/Routing/ControllerDispatcher.php(45): Illuminate\\Routing\\Controller->callAction()
#14 /home/alejandro/play-work/playgroup-admin---laravel/vendor/laravel/framework/src/Illuminate/Routing/Route.php(219): Illuminate\\Routing\\ControllerDispatcher->dispatch()
#15 /home/alejandro/play-work/playgroup-admin---laravel/vendor/laravel/framework/src/Illuminate/Routing/Route.php(176): Illuminate\\Routing\\Route->runController()
#16 /home/alejandro/play-work/playgroup-admin---laravel/vendor/laravel/framework/src/Illuminate/Routing/Router.php(681): Illuminate\\Routing\\Route->run()
#17 /home/alejandro/play-work/playgroup-admin---laravel/vendor/laravel/framework/src/Illuminate/Pipeline/Pipeline.php(130): Illuminate\\Routing\\Router->Illuminate\\Routing\\{closure}()
#18 /home/alejandro/play-work/playgroup-admin---laravel/vendor/laravel/framework/src/Illuminate/Routing/Middleware/SubstituteBindings.php(41): Illuminate\\Pipeline\\Pipeline->Illuminate\\Pipeline\\{closure}()
#19 /home/alejandro/play-work/playgroup-admin---laravel/vendor/laravel/framework/src/Illuminate/Pipeline/Pipeline.php(171): Illuminate\\Routing\\Middleware\\SubstituteBindings->handle()
#20 /home/alejandro/play-work/playgroup-admin---laravel/vendor/laravel/framework/src/Illuminate/Pipeline/Pipeline.php(105): Illuminate\\Pipeline\\Pipeline->Illuminate\\Pipeline\\{closure}()
#21 /home/alejandro/play-work/playgroup-admin---laravel/vendor/laravel/framework/src/Illuminate/Routing/Router.php(683): Illuminate\\Pipeline\\Pipeline->then()
#22 /home/alejandro/play-work/playgroup-admin---laravel/vendor/laravel/framework/src/Illuminate/Routing/Router.php(658): Illuminate\\Routing\\Router->runRouteWithinStack()
#23 /home/alejandro/play-work/playgroup-admin---laravel/vendor/laravel/framework/src/Illuminate/Routing/Router.php(624): Illuminate\\Routing\\Router->runRoute()
#24 /home/alejandro/play-work/playgroup-admin---laravel/vendor/laravel/framework/src/Illuminate/Routing/Router.php(613): Illuminate\\Routing\\Router->dispatchToRoute()
#25 /home/alejandro/play-work/playgroup-admin---laravel/vendor/laravel/framework/src/Illuminate/Foundation/Http/Kernel.php(170): Illuminate\\Routing\\Router->dispatch()
#26 /home/alejandro/play-work/playgroup-admin---laravel/vendor/laravel/framework/src/Illuminate/Pipeline/Pipeline.php(130): Illuminate\\Foundation\\Http\\Kernel->Illuminate\\Foundation\\Http\\{closure}()
#27 /home/alejandro/play-work/playgroup-admin---laravel/vendor/laravel/framework/src/Illuminate/Foundation/Http/Middleware/TransformsRequest.php(21): Illuminate\\Pipeline\\Pipeline->Illuminate\\Pipeline\\{closure}()
#28 /home/alejandro/play-work/playgroup-admin---laravel/vendor/laravel/framework/src/Illuminate/Pipeline/Pipeline.php(171): Illuminate\\Foundation\\Http\\Middleware\\TransformsRequest->handle()
#29 /home/alejandro/play-work/playgroup-admin---laravel/vendor/laravel/framework/src/Illuminate/Foundation/Http/Middleware/TransformsRequest.php(21): Illuminate\\Pipeline\\Pipeline->Illuminate\\Pipeline\\{closure}()
#30 /home/alejandro/play-work/playgroup-admin---laravel/vendor/laravel/framework/src/Illuminate/Pipeline/Pipeline.php(171): Illuminate\\Foundation\\Http\\Middleware\\TransformsRequest->handle()
#31 /home/alejandro/play-work/playgroup-admin---laravel/vendor/laravel/framework/src/Illuminate/Foundation/Http/Middleware/ValidatePostSize.php(27): Illuminate\\Pipeline\\Pipeline->Illuminate\\Pipeline\\{closure}()
#32 /home/alejandro/play-work/playgroup-admin---laravel/vendor/laravel/framework/src/Illuminate/Pipeline/Pipeline.php(171): Illuminate\\Foundation\\Http\\Middleware\\ValidatePostSize->handle()
#33 /home/alejandro/play-work/playgroup-admin---laravel/vendor/laravel/framework/src/Illuminate/Foundation/Http/Middleware/CheckForMaintenanceMode.php(63): Illuminate\\Pipeline\\Pipeline->Illuminate\\Pipeline\\{closure}()
#34 /home/alejandro/play-work/playgroup-admin---laravel/vendor/laravel/framework/src/Illuminate/Pipeline/Pipeline.php(171): Illuminate\\Foundation\\Http\\Middleware\\CheckForMaintenanceMode->handle()
#35 /home/alejandro/play-work/playgroup-admin---laravel/vendor/fideloper/proxy/src/TrustProxies.php(57): Illuminate\\Pipeline\\Pipeline->Illuminate\\Pipeline\\{closure}()
#36 /home/alejandro/play-work/playgroup-admin---laravel/vendor/laravel/framework/src/Illuminate/Pipeline/Pipeline.php(171): Fideloper\\Proxy\\TrustProxies->handle()
#37 /home/alejandro/play-work/playgroup-admin---laravel/vendor/laravel/framework/src/Illuminate/Pipeline/Pipeline.php(105): Illuminate\\Pipeline\\Pipeline->Illuminate\\Pipeline\\{closure}()
#38 /home/alejandro/play-work/playgroup-admin---laravel/vendor/laravel/framework/src/Illuminate/Foundation/Http/Kernel.php(145): Illuminate\\Pipeline\\Pipeline->then()
#39 /home/alejandro/play-work/playgroup-admin---laravel/vendor/laravel/framework/src/Illuminate/Foundation/Http/Kernel.php(110): Illuminate\\Foundation\\Http\\Kernel->sendRequestThroughRouter()
#40 /home/alejandro/play-work/playgroup-admin---laravel/public/index.php(55): Illuminate\\Foundation\\Http\\Kernel->handle()
#41 /home/alejandro/play-work/playgroup-admin---laravel/server.php(21): require_once('/home/alejandro...')
#42 {main}
"} 
[2025-05-20 15:16:46] local.ERROR: Call to a member function unsetRelation() on null {"exception":"[object] (Symfony\\Component\\Debug\\Exception\\FatalThrowableError(code: 0): Call to a member function unsetRelation() on null at /home/alejandro/play-work/playgroup-admin---laravel/app/Http/Controllers/Api/PageController.php:46)
[stacktrace]
#0 /home/alejandro/play-work/playgroup-admin---laravel/vendor/laravel/framework/src/Illuminate/Routing/Controller.php(54): App\\Http\\Controllers\\Api\\PageController->getPodcasts()
#1 /home/alejandro/play-work/playgroup-admin---laravel/vendor/laravel/framework/src/Illuminate/Routing/ControllerDispatcher.php(45): Illuminate\\Routing\\Controller->callAction()
#2 /home/alejandro/play-work/playgroup-admin---laravel/vendor/laravel/framework/src/Illuminate/Routing/Route.php(219): Illuminate\\Routing\\ControllerDispatcher->dispatch()
#3 /home/alejandro/play-work/playgroup-admin---laravel/vendor/laravel/framework/src/Illuminate/Routing/Route.php(176): Illuminate\\Routing\\Route->runController()
#4 /home/alejandro/play-work/playgroup-admin---laravel/vendor/laravel/framework/src/Illuminate/Routing/Router.php(681): Illuminate\\Routing\\Route->run()
#5 /home/alejandro/play-work/playgroup-admin---laravel/vendor/laravel/framework/src/Illuminate/Pipeline/Pipeline.php(130): Illuminate\\Routing\\Router->Illuminate\\Routing\\{closure}()
#6 /home/alejandro/play-work/playgroup-admin---laravel/vendor/laravel/framework/src/Illuminate/Routing/Middleware/SubstituteBindings.php(41): Illuminate\\Pipeline\\Pipeline->Illuminate\\Pipeline\\{closure}()
#7 /home/alejandro/play-work/playgroup-admin---laravel/vendor/laravel/framework/src/Illuminate/Pipeline/Pipeline.php(171): Illuminate\\Routing\\Middleware\\SubstituteBindings->handle()
#8 /home/alejandro/play-work/playgroup-admin---laravel/vendor/laravel/framework/src/Illuminate/Pipeline/Pipeline.php(105): Illuminate\\Pipeline\\Pipeline->Illuminate\\Pipeline\\{closure}()
#9 /home/alejandro/play-work/playgroup-admin---laravel/vendor/laravel/framework/src/Illuminate/Routing/Router.php(683): Illuminate\\Pipeline\\Pipeline->then()
#10 /home/alejandro/play-work/playgroup-admin---laravel/vendor/laravel/framework/src/Illuminate/Routing/Router.php(658): Illuminate\\Routing\\Router->runRouteWithinStack()
#11 /home/alejandro/play-work/playgroup-admin---laravel/vendor/laravel/framework/src/Illuminate/Routing/Router.php(624): Illuminate\\Routing\\Router->runRoute()
#12 /home/alejandro/play-work/playgroup-admin---laravel/vendor/laravel/framework/src/Illuminate/Routing/Router.php(613): Illuminate\\Routing\\Router->dispatchToRoute()
#13 /home/alejandro/play-work/playgroup-admin---laravel/vendor/laravel/framework/src/Illuminate/Foundation/Http/Kernel.php(170): Illuminate\\Routing\\Router->dispatch()
#14 /home/alejandro/play-work/playgroup-admin---laravel/vendor/laravel/framework/src/Illuminate/Pipeline/Pipeline.php(130): Illuminate\\Foundation\\Http\\Kernel->Illuminate\\Foundation\\Http\\{closure}()
#15 /home/alejandro/play-work/playgroup-admin---laravel/vendor/laravel/framework/src/Illuminate/Foundation/Http/Middleware/TransformsRequest.php(21): Illuminate\\Pipeline\\Pipeline->Illuminate\\Pipeline\\{closure}()
#16 /home/alejandro/play-work/playgroup-admin---laravel/vendor/laravel/framework/src/Illuminate/Pipeline/Pipeline.php(171): Illuminate\\Foundation\\Http\\Middleware\\TransformsRequest->handle()
#17 /home/alejandro/play-work/playgroup-admin---laravel/vendor/laravel/framework/src/Illuminate/Foundation/Http/Middleware/TransformsRequest.php(21): Illuminate\\Pipeline\\Pipeline->Illuminate\\Pipeline\\{closure}()
#18 /home/alejandro/play-work/playgroup-admin---laravel/vendor/laravel/framework/src/Illuminate/Pipeline/Pipeline.php(171): Illuminate\\Foundation\\Http\\Middleware\\TransformsRequest->handle()
#19 /home/alejandro/play-work/playgroup-admin---laravel/vendor/laravel/framework/src/Illuminate/Foundation/Http/Middleware/ValidatePostSize.php(27): Illuminate\\Pipeline\\Pipeline->Illuminate\\Pipeline\\{closure}()
#20 /home/alejandro/play-work/playgroup-admin---laravel/vendor/laravel/framework/src/Illuminate/Pipeline/Pipeline.php(171): Illuminate\\Foundation\\Http\\Middleware\\ValidatePostSize->handle()
#21 /home/alejandro/play-work/playgroup-admin---laravel/vendor/laravel/framework/src/Illuminate/Foundation/Http/Middleware/CheckForMaintenanceMode.php(63): Illuminate\\Pipeline\\Pipeline->Illuminate\\Pipeline\\{closure}()
#22 /home/alejandro/play-work/playgroup-admin---laravel/vendor/laravel/framework/src/Illuminate/Pipeline/Pipeline.php(171): Illuminate\\Foundation\\Http\\Middleware\\CheckForMaintenanceMode->handle()
#23 /home/alejandro/play-work/playgroup-admin---laravel/vendor/fideloper/proxy/src/TrustProxies.php(57): Illuminate\\Pipeline\\Pipeline->Illuminate\\Pipeline\\{closure}()
#24 /home/alejandro/play-work/playgroup-admin---laravel/vendor/laravel/framework/src/Illuminate/Pipeline/Pipeline.php(171): Fideloper\\Proxy\\TrustProxies->handle()
#25 /home/alejandro/play-work/playgroup-admin---laravel/vendor/laravel/framework/src/Illuminate/Pipeline/Pipeline.php(105): Illuminate\\Pipeline\\Pipeline->Illuminate\\Pipeline\\{closure}()
#26 /home/alejandro/play-work/playgroup-admin---laravel/vendor/laravel/framework/src/Illuminate/Foundation/Http/Kernel.php(145): Illuminate\\Pipeline\\Pipeline->then()
#27 /home/alejandro/play-work/playgroup-admin---laravel/vendor/laravel/framework/src/Illuminate/Foundation/Http/Kernel.php(110): Illuminate\\Foundation\\Http\\Kernel->sendRequestThroughRouter()
#28 /home/alejandro/play-work/playgroup-admin---laravel/public/index.php(55): Illuminate\\Foundation\\Http\\Kernel->handle()
#29 /home/alejandro/play-work/playgroup-admin---laravel/server.php(21): require_once('/home/alejandro...')
#30 {main}
"} 
[2025-05-20 15:16:46] local.ERROR: Call to a member function unsetRelation() on null {"exception":"[object] (Symfony\\Component\\Debug\\Exception\\FatalThrowableError(code: 0): Call to a member function unsetRelation() on null at /home/alejandro/play-work/playgroup-admin---laravel/app/Http/Controllers/Api/PageController.php:46)
[stacktrace]
#0 /home/alejandro/play-work/playgroup-admin---laravel/vendor/laravel/framework/src/Illuminate/Routing/Controller.php(54): App\\Http\\Controllers\\Api\\PageController->getPodcasts()
#1 /home/alejandro/play-work/playgroup-admin---laravel/vendor/laravel/framework/src/Illuminate/Routing/ControllerDispatcher.php(45): Illuminate\\Routing\\Controller->callAction()
#2 /home/alejandro/play-work/playgroup-admin---laravel/vendor/laravel/framework/src/Illuminate/Routing/Route.php(219): Illuminate\\Routing\\ControllerDispatcher->dispatch()
#3 /home/alejandro/play-work/playgroup-admin---laravel/vendor/laravel/framework/src/Illuminate/Routing/Route.php(176): Illuminate\\Routing\\Route->runController()
#4 /home/alejandro/play-work/playgroup-admin---laravel/vendor/laravel/framework/src/Illuminate/Routing/Router.php(681): Illuminate\\Routing\\Route->run()
#5 /home/alejandro/play-work/playgroup-admin---laravel/vendor/laravel/framework/src/Illuminate/Pipeline/Pipeline.php(130): Illuminate\\Routing\\Router->Illuminate\\Routing\\{closure}()
#6 /home/alejandro/play-work/playgroup-admin---laravel/vendor/laravel/framework/src/Illuminate/Routing/Middleware/SubstituteBindings.php(41): Illuminate\\Pipeline\\Pipeline->Illuminate\\Pipeline\\{closure}()
#7 /home/alejandro/play-work/playgroup-admin---laravel/vendor/laravel/framework/src/Illuminate/Pipeline/Pipeline.php(171): Illuminate\\Routing\\Middleware\\SubstituteBindings->handle()
#8 /home/alejandro/play-work/playgroup-admin---laravel/vendor/laravel/framework/src/Illuminate/Pipeline/Pipeline.php(105): Illuminate\\Pipeline\\Pipeline->Illuminate\\Pipeline\\{closure}()
#9 /home/alejandro/play-work/playgroup-admin---laravel/vendor/laravel/framework/src/Illuminate/Routing/Router.php(683): Illuminate\\Pipeline\\Pipeline->then()
#10 /home/alejandro/play-work/playgroup-admin---laravel/vendor/laravel/framework/src/Illuminate/Routing/Router.php(658): Illuminate\\Routing\\Router->runRouteWithinStack()
#11 /home/alejandro/play-work/playgroup-admin---laravel/vendor/laravel/framework/src/Illuminate/Routing/Router.php(624): Illuminate\\Routing\\Router->runRoute()
#12 /home/alejandro/play-work/playgroup-admin---laravel/vendor/laravel/framework/src/Illuminate/Routing/Router.php(613): Illuminate\\Routing\\Router->dispatchToRoute()
#13 /home/alejandro/play-work/playgroup-admin---laravel/vendor/laravel/framework/src/Illuminate/Foundation/Http/Kernel.php(170): Illuminate\\Routing\\Router->dispatch()
#14 /home/alejandro/play-work/playgroup-admin---laravel/vendor/laravel/framework/src/Illuminate/Pipeline/Pipeline.php(130): Illuminate\\Foundation\\Http\\Kernel->Illuminate\\Foundation\\Http\\{closure}()
#15 /home/alejandro/play-work/playgroup-admin---laravel/vendor/laravel/framework/src/Illuminate/Foundation/Http/Middleware/TransformsRequest.php(21): Illuminate\\Pipeline\\Pipeline->Illuminate\\Pipeline\\{closure}()
#16 /home/alejandro/play-work/playgroup-admin---laravel/vendor/laravel/framework/src/Illuminate/Pipeline/Pipeline.php(171): Illuminate\\Foundation\\Http\\Middleware\\TransformsRequest->handle()
#17 /home/alejandro/play-work/playgroup-admin---laravel/vendor/laravel/framework/src/Illuminate/Foundation/Http/Middleware/TransformsRequest.php(21): Illuminate\\Pipeline\\Pipeline->Illuminate\\Pipeline\\{closure}()
#18 /home/alejandro/play-work/playgroup-admin---laravel/vendor/laravel/framework/src/Illuminate/Pipeline/Pipeline.php(171): Illuminate\\Foundation\\Http\\Middleware\\TransformsRequest->handle()
#19 /home/alejandro/play-work/playgroup-admin---laravel/vendor/laravel/framework/src/Illuminate/Foundation/Http/Middleware/ValidatePostSize.php(27): Illuminate\\Pipeline\\Pipeline->Illuminate\\Pipeline\\{closure}()
#20 /home/alejandro/play-work/playgroup-admin---laravel/vendor/laravel/framework/src/Illuminate/Pipeline/Pipeline.php(171): Illuminate\\Foundation\\Http\\Middleware\\ValidatePostSize->handle()
#21 /home/alejandro/play-work/playgroup-admin---laravel/vendor/laravel/framework/src/Illuminate/Foundation/Http/Middleware/CheckForMaintenanceMode.php(63): Illuminate\\Pipeline\\Pipeline->Illuminate\\Pipeline\\{closure}()
#22 /home/alejandro/play-work/playgroup-admin---laravel/vendor/laravel/framework/src/Illuminate/Pipeline/Pipeline.php(171): Illuminate\\Foundation\\Http\\Middleware\\CheckForMaintenanceMode->handle()
#23 /home/alejandro/play-work/playgroup-admin---laravel/vendor/fideloper/proxy/src/TrustProxies.php(57): Illuminate\\Pipeline\\Pipeline->Illuminate\\Pipeline\\{closure}()
#24 /home/alejandro/play-work/playgroup-admin---laravel/vendor/laravel/framework/src/Illuminate/Pipeline/Pipeline.php(171): Fideloper\\Proxy\\TrustProxies->handle()
#25 /home/alejandro/play-work/playgroup-admin---laravel/vendor/laravel/framework/src/Illuminate/Pipeline/Pipeline.php(105): Illuminate\\Pipeline\\Pipeline->Illuminate\\Pipeline\\{closure}()
#26 /home/alejandro/play-work/playgroup-admin---laravel/vendor/laravel/framework/src/Illuminate/Foundation/Http/Kernel.php(145): Illuminate\\Pipeline\\Pipeline->then()
#27 /home/alejandro/play-work/playgroup-admin---laravel/vendor/laravel/framework/src/Illuminate/Foundation/Http/Kernel.php(110): Illuminate\\Foundation\\Http\\Kernel->sendRequestThroughRouter()
#28 /home/alejandro/play-work/playgroup-admin---laravel/public/index.php(55): Illuminate\\Foundation\\Http\\Kernel->handle()
#29 /home/alejandro/play-work/playgroup-admin---laravel/server.php(21): require_once('/home/alejandro...')
#30 {main}
"} 
[2025-05-20 15:17:05] local.ERROR: Call to a member function unsetRelation() on null {"exception":"[object] (Symfony\\Component\\Debug\\Exception\\FatalThrowableError(code: 0): Call to a member function unsetRelation() on null at /home/alejandro/play-work/playgroup-admin---laravel/app/Http/Controllers/Api/PageController.php:46)
[stacktrace]
#0 /home/alejandro/play-work/playgroup-admin---laravel/vendor/laravel/framework/src/Illuminate/Routing/Controller.php(54): App\\Http\\Controllers\\Api\\PageController->getPodcasts()
#1 /home/alejandro/play-work/playgroup-admin---laravel/vendor/laravel/framework/src/Illuminate/Routing/ControllerDispatcher.php(45): Illuminate\\Routing\\Controller->callAction()
#2 /home/alejandro/play-work/playgroup-admin---laravel/vendor/laravel/framework/src/Illuminate/Routing/Route.php(219): Illuminate\\Routing\\ControllerDispatcher->dispatch()
#3 /home/alejandro/play-work/playgroup-admin---laravel/vendor/laravel/framework/src/Illuminate/Routing/Route.php(176): Illuminate\\Routing\\Route->runController()
#4 /home/alejandro/play-work/playgroup-admin---laravel/vendor/laravel/framework/src/Illuminate/Routing/Router.php(681): Illuminate\\Routing\\Route->run()
#5 /home/alejandro/play-work/playgroup-admin---laravel/vendor/laravel/framework/src/Illuminate/Pipeline/Pipeline.php(130): Illuminate\\Routing\\Router->Illuminate\\Routing\\{closure}()
#6 /home/alejandro/play-work/playgroup-admin---laravel/vendor/laravel/framework/src/Illuminate/Routing/Middleware/SubstituteBindings.php(41): Illuminate\\Pipeline\\Pipeline->Illuminate\\Pipeline\\{closure}()
#7 /home/alejandro/play-work/playgroup-admin---laravel/vendor/laravel/framework/src/Illuminate/Pipeline/Pipeline.php(171): Illuminate\\Routing\\Middleware\\SubstituteBindings->handle()
#8 /home/alejandro/play-work/playgroup-admin---laravel/vendor/laravel/framework/src/Illuminate/Pipeline/Pipeline.php(105): Illuminate\\Pipeline\\Pipeline->Illuminate\\Pipeline\\{closure}()
#9 /home/alejandro/play-work/playgroup-admin---laravel/vendor/laravel/framework/src/Illuminate/Routing/Router.php(683): Illuminate\\Pipeline\\Pipeline->then()
#10 /home/alejandro/play-work/playgroup-admin---laravel/vendor/laravel/framework/src/Illuminate/Routing/Router.php(658): Illuminate\\Routing\\Router->runRouteWithinStack()
#11 /home/alejandro/play-work/playgroup-admin---laravel/vendor/laravel/framework/src/Illuminate/Routing/Router.php(624): Illuminate\\Routing\\Router->runRoute()
#12 /home/alejandro/play-work/playgroup-admin---laravel/vendor/laravel/framework/src/Illuminate/Routing/Router.php(613): Illuminate\\Routing\\Router->dispatchToRoute()
#13 /home/alejandro/play-work/playgroup-admin---laravel/vendor/laravel/framework/src/Illuminate/Foundation/Http/Kernel.php(170): Illuminate\\Routing\\Router->dispatch()
#14 /home/alejandro/play-work/playgroup-admin---laravel/vendor/laravel/framework/src/Illuminate/Pipeline/Pipeline.php(130): Illuminate\\Foundation\\Http\\Kernel->Illuminate\\Foundation\\Http\\{closure}()
#15 /home/alejandro/play-work/playgroup-admin---laravel/vendor/laravel/framework/src/Illuminate/Foundation/Http/Middleware/TransformsRequest.php(21): Illuminate\\Pipeline\\Pipeline->Illuminate\\Pipeline\\{closure}()
#16 /home/alejandro/play-work/playgroup-admin---laravel/vendor/laravel/framework/src/Illuminate/Pipeline/Pipeline.php(171): Illuminate\\Foundation\\Http\\Middleware\\TransformsRequest->handle()
#17 /home/alejandro/play-work/playgroup-admin---laravel/vendor/laravel/framework/src/Illuminate/Foundation/Http/Middleware/TransformsRequest.php(21): Illuminate\\Pipeline\\Pipeline->Illuminate\\Pipeline\\{closure}()
#18 /home/alejandro/play-work/playgroup-admin---laravel/vendor/laravel/framework/src/Illuminate/Pipeline/Pipeline.php(171): Illuminate\\Foundation\\Http\\Middleware\\TransformsRequest->handle()
#19 /home/alejandro/play-work/playgroup-admin---laravel/vendor/laravel/framework/src/Illuminate/Foundation/Http/Middleware/ValidatePostSize.php(27): Illuminate\\Pipeline\\Pipeline->Illuminate\\Pipeline\\{closure}()
#20 /home/alejandro/play-work/playgroup-admin---laravel/vendor/laravel/framework/src/Illuminate/Pipeline/Pipeline.php(171): Illuminate\\Foundation\\Http\\Middleware\\ValidatePostSize->handle()
#21 /home/alejandro/play-work/playgroup-admin---laravel/vendor/laravel/framework/src/Illuminate/Foundation/Http/Middleware/CheckForMaintenanceMode.php(63): Illuminate\\Pipeline\\Pipeline->Illuminate\\Pipeline\\{closure}()
#22 /home/alejandro/play-work/playgroup-admin---laravel/vendor/laravel/framework/src/Illuminate/Pipeline/Pipeline.php(171): Illuminate\\Foundation\\Http\\Middleware\\CheckForMaintenanceMode->handle()
#23 /home/alejandro/play-work/playgroup-admin---laravel/vendor/fideloper/proxy/src/TrustProxies.php(57): Illuminate\\Pipeline\\Pipeline->Illuminate\\Pipeline\\{closure}()
#24 /home/alejandro/play-work/playgroup-admin---laravel/vendor/laravel/framework/src/Illuminate/Pipeline/Pipeline.php(171): Fideloper\\Proxy\\TrustProxies->handle()
#25 /home/alejandro/play-work/playgroup-admin---laravel/vendor/laravel/framework/src/Illuminate/Pipeline/Pipeline.php(105): Illuminate\\Pipeline\\Pipeline->Illuminate\\Pipeline\\{closure}()
#26 /home/alejandro/play-work/playgroup-admin---laravel/vendor/laravel/framework/src/Illuminate/Foundation/Http/Kernel.php(145): Illuminate\\Pipeline\\Pipeline->then()
#27 /home/alejandro/play-work/playgroup-admin---laravel/vendor/laravel/framework/src/Illuminate/Foundation/Http/Kernel.php(110): Illuminate\\Foundation\\Http\\Kernel->sendRequestThroughRouter()
#28 /home/alejandro/play-work/playgroup-admin---laravel/public/index.php(55): Illuminate\\Foundation\\Http\\Kernel->handle()
#29 /home/alejandro/play-work/playgroup-admin---laravel/server.php(21): require_once('/home/alejandro...')
#30 {main}
"} 
[2025-05-20 15:17:05] local.ERROR: Call to a member function unsetRelation() on null {"exception":"[object] (Symfony\\Component\\Debug\\Exception\\FatalThrowableError(code: 0): Call to a member function unsetRelation() on null at /home/alejandro/play-work/playgroup-admin---laravel/app/Http/Controllers/Api/PageController.php:46)
[stacktrace]
#0 /home/alejandro/play-work/playgroup-admin---laravel/vendor/laravel/framework/src/Illuminate/Routing/Controller.php(54): App\\Http\\Controllers\\Api\\PageController->getPodcasts()
#1 /home/alejandro/play-work/playgroup-admin---laravel/vendor/laravel/framework/src/Illuminate/Routing/ControllerDispatcher.php(45): Illuminate\\Routing\\Controller->callAction()
#2 /home/alejandro/play-work/playgroup-admin---laravel/vendor/laravel/framework/src/Illuminate/Routing/Route.php(219): Illuminate\\Routing\\ControllerDispatcher->dispatch()
#3 /home/alejandro/play-work/playgroup-admin---laravel/vendor/laravel/framework/src/Illuminate/Routing/Route.php(176): Illuminate\\Routing\\Route->runController()
#4 /home/alejandro/play-work/playgroup-admin---laravel/vendor/laravel/framework/src/Illuminate/Routing/Router.php(681): Illuminate\\Routing\\Route->run()
#5 /home/alejandro/play-work/playgroup-admin---laravel/vendor/laravel/framework/src/Illuminate/Pipeline/Pipeline.php(130): Illuminate\\Routing\\Router->Illuminate\\Routing\\{closure}()
#6 /home/alejandro/play-work/playgroup-admin---laravel/vendor/laravel/framework/src/Illuminate/Routing/Middleware/SubstituteBindings.php(41): Illuminate\\Pipeline\\Pipeline->Illuminate\\Pipeline\\{closure}()
#7 /home/alejandro/play-work/playgroup-admin---laravel/vendor/laravel/framework/src/Illuminate/Pipeline/Pipeline.php(171): Illuminate\\Routing\\Middleware\\SubstituteBindings->handle()
#8 /home/alejandro/play-work/playgroup-admin---laravel/vendor/laravel/framework/src/Illuminate/Pipeline/Pipeline.php(105): Illuminate\\Pipeline\\Pipeline->Illuminate\\Pipeline\\{closure}()
#9 /home/alejandro/play-work/playgroup-admin---laravel/vendor/laravel/framework/src/Illuminate/Routing/Router.php(683): Illuminate\\Pipeline\\Pipeline->then()
#10 /home/alejandro/play-work/playgroup-admin---laravel/vendor/laravel/framework/src/Illuminate/Routing/Router.php(658): Illuminate\\Routing\\Router->runRouteWithinStack()
#11 /home/alejandro/play-work/playgroup-admin---laravel/vendor/laravel/framework/src/Illuminate/Routing/Router.php(624): Illuminate\\Routing\\Router->runRoute()
#12 /home/alejandro/play-work/playgroup-admin---laravel/vendor/laravel/framework/src/Illuminate/Routing/Router.php(613): Illuminate\\Routing\\Router->dispatchToRoute()
#13 /home/alejandro/play-work/playgroup-admin---laravel/vendor/laravel/framework/src/Illuminate/Foundation/Http/Kernel.php(170): Illuminate\\Routing\\Router->dispatch()
#14 /home/alejandro/play-work/playgroup-admin---laravel/vendor/laravel/framework/src/Illuminate/Pipeline/Pipeline.php(130): Illuminate\\Foundation\\Http\\Kernel->Illuminate\\Foundation\\Http\\{closure}()
#15 /home/alejandro/play-work/playgroup-admin---laravel/vendor/laravel/framework/src/Illuminate/Foundation/Http/Middleware/TransformsRequest.php(21): Illuminate\\Pipeline\\Pipeline->Illuminate\\Pipeline\\{closure}()
#16 /home/alejandro/play-work/playgroup-admin---laravel/vendor/laravel/framework/src/Illuminate/Pipeline/Pipeline.php(171): Illuminate\\Foundation\\Http\\Middleware\\TransformsRequest->handle()
#17 /home/alejandro/play-work/playgroup-admin---laravel/vendor/laravel/framework/src/Illuminate/Foundation/Http/Middleware/TransformsRequest.php(21): Illuminate\\Pipeline\\Pipeline->Illuminate\\Pipeline\\{closure}()
#18 /home/alejandro/play-work/playgroup-admin---laravel/vendor/laravel/framework/src/Illuminate/Pipeline/Pipeline.php(171): Illuminate\\Foundation\\Http\\Middleware\\TransformsRequest->handle()
#19 /home/alejandro/play-work/playgroup-admin---laravel/vendor/laravel/framework/src/Illuminate/Foundation/Http/Middleware/ValidatePostSize.php(27): Illuminate\\Pipeline\\Pipeline->Illuminate\\Pipeline\\{closure}()
#20 /home/alejandro/play-work/playgroup-admin---laravel/vendor/laravel/framework/src/Illuminate/Pipeline/Pipeline.php(171): Illuminate\\Foundation\\Http\\Middleware\\ValidatePostSize->handle()
#21 /home/alejandro/play-work/playgroup-admin---laravel/vendor/laravel/framework/src/Illuminate/Foundation/Http/Middleware/CheckForMaintenanceMode.php(63): Illuminate\\Pipeline\\Pipeline->Illuminate\\Pipeline\\{closure}()
#22 /home/alejandro/play-work/playgroup-admin---laravel/vendor/laravel/framework/src/Illuminate/Pipeline/Pipeline.php(171): Illuminate\\Foundation\\Http\\Middleware\\CheckForMaintenanceMode->handle()
#23 /home/alejandro/play-work/playgroup-admin---laravel/vendor/fideloper/proxy/src/TrustProxies.php(57): Illuminate\\Pipeline\\Pipeline->Illuminate\\Pipeline\\{closure}()
#24 /home/alejandro/play-work/playgroup-admin---laravel/vendor/laravel/framework/src/Illuminate/Pipeline/Pipeline.php(171): Fideloper\\Proxy\\TrustProxies->handle()
#25 /home/alejandro/play-work/playgroup-admin---laravel/vendor/laravel/framework/src/Illuminate/Pipeline/Pipeline.php(105): Illuminate\\Pipeline\\Pipeline->Illuminate\\Pipeline\\{closure}()
#26 /home/alejandro/play-work/playgroup-admin---laravel/vendor/laravel/framework/src/Illuminate/Foundation/Http/Kernel.php(145): Illuminate\\Pipeline\\Pipeline->then()
#27 /home/alejandro/play-work/playgroup-admin---laravel/vendor/laravel/framework/src/Illuminate/Foundation/Http/Kernel.php(110): Illuminate\\Foundation\\Http\\Kernel->sendRequestThroughRouter()
#28 /home/alejandro/play-work/playgroup-admin---laravel/public/index.php(55): Illuminate\\Foundation\\Http\\Kernel->handle()
#29 /home/alejandro/play-work/playgroup-admin---laravel/server.php(21): require_once('/home/alejandro...')
#30 {main}
"} 
[2025-05-20 15:17:06] local.ERROR: Call to a member function unsetRelation() on null {"exception":"[object] (Symfony\\Component\\Debug\\Exception\\FatalThrowableError(code: 0): Call to a member function unsetRelation() on null at /home/alejandro/play-work/playgroup-admin---laravel/app/Http/Controllers/Api/PageController.php:46)
[stacktrace]
#0 /home/alejandro/play-work/playgroup-admin---laravel/vendor/laravel/framework/src/Illuminate/Routing/Controller.php(54): App\\Http\\Controllers\\Api\\PageController->getPodcasts()
#1 /home/alejandro/play-work/playgroup-admin---laravel/vendor/laravel/framework/src/Illuminate/Routing/ControllerDispatcher.php(45): Illuminate\\Routing\\Controller->callAction()
#2 /home/alejandro/play-work/playgroup-admin---laravel/vendor/laravel/framework/src/Illuminate/Routing/Route.php(219): Illuminate\\Routing\\ControllerDispatcher->dispatch()
#3 /home/alejandro/play-work/playgroup-admin---laravel/vendor/laravel/framework/src/Illuminate/Routing/Route.php(176): Illuminate\\Routing\\Route->runController()
#4 /home/alejandro/play-work/playgroup-admin---laravel/vendor/laravel/framework/src/Illuminate/Routing/Router.php(681): Illuminate\\Routing\\Route->run()
#5 /home/alejandro/play-work/playgroup-admin---laravel/vendor/laravel/framework/src/Illuminate/Pipeline/Pipeline.php(130): Illuminate\\Routing\\Router->Illuminate\\Routing\\{closure}()
#6 /home/alejandro/play-work/playgroup-admin---laravel/vendor/laravel/framework/src/Illuminate/Routing/Middleware/SubstituteBindings.php(41): Illuminate\\Pipeline\\Pipeline->Illuminate\\Pipeline\\{closure}()
#7 /home/alejandro/play-work/playgroup-admin---laravel/vendor/laravel/framework/src/Illuminate/Pipeline/Pipeline.php(171): Illuminate\\Routing\\Middleware\\SubstituteBindings->handle()
#8 /home/alejandro/play-work/playgroup-admin---laravel/vendor/laravel/framework/src/Illuminate/Pipeline/Pipeline.php(105): Illuminate\\Pipeline\\Pipeline->Illuminate\\Pipeline\\{closure}()
#9 /home/alejandro/play-work/playgroup-admin---laravel/vendor/laravel/framework/src/Illuminate/Routing/Router.php(683): Illuminate\\Pipeline\\Pipeline->then()
#10 /home/alejandro/play-work/playgroup-admin---laravel/vendor/laravel/framework/src/Illuminate/Routing/Router.php(658): Illuminate\\Routing\\Router->runRouteWithinStack()
#11 /home/alejandro/play-work/playgroup-admin---laravel/vendor/laravel/framework/src/Illuminate/Routing/Router.php(624): Illuminate\\Routing\\Router->runRoute()
#12 /home/alejandro/play-work/playgroup-admin---laravel/vendor/laravel/framework/src/Illuminate/Routing/Router.php(613): Illuminate\\Routing\\Router->dispatchToRoute()
#13 /home/alejandro/play-work/playgroup-admin---laravel/vendor/laravel/framework/src/Illuminate/Foundation/Http/Kernel.php(170): Illuminate\\Routing\\Router->dispatch()
#14 /home/alejandro/play-work/playgroup-admin---laravel/vendor/laravel/framework/src/Illuminate/Pipeline/Pipeline.php(130): Illuminate\\Foundation\\Http\\Kernel->Illuminate\\Foundation\\Http\\{closure}()
#15 /home/alejandro/play-work/playgroup-admin---laravel/vendor/laravel/framework/src/Illuminate/Foundation/Http/Middleware/TransformsRequest.php(21): Illuminate\\Pipeline\\Pipeline->Illuminate\\Pipeline\\{closure}()
#16 /home/alejandro/play-work/playgroup-admin---laravel/vendor/laravel/framework/src/Illuminate/Pipeline/Pipeline.php(171): Illuminate\\Foundation\\Http\\Middleware\\TransformsRequest->handle()
#17 /home/alejandro/play-work/playgroup-admin---laravel/vendor/laravel/framework/src/Illuminate/Foundation/Http/Middleware/TransformsRequest.php(21): Illuminate\\Pipeline\\Pipeline->Illuminate\\Pipeline\\{closure}()
#18 /home/alejandro/play-work/playgroup-admin---laravel/vendor/laravel/framework/src/Illuminate/Pipeline/Pipeline.php(171): Illuminate\\Foundation\\Http\\Middleware\\TransformsRequest->handle()
#19 /home/alejandro/play-work/playgroup-admin---laravel/vendor/laravel/framework/src/Illuminate/Foundation/Http/Middleware/ValidatePostSize.php(27): Illuminate\\Pipeline\\Pipeline->Illuminate\\Pipeline\\{closure}()
#20 /home/alejandro/play-work/playgroup-admin---laravel/vendor/laravel/framework/src/Illuminate/Pipeline/Pipeline.php(171): Illuminate\\Foundation\\Http\\Middleware\\ValidatePostSize->handle()
#21 /home/alejandro/play-work/playgroup-admin---laravel/vendor/laravel/framework/src/Illuminate/Foundation/Http/Middleware/CheckForMaintenanceMode.php(63): Illuminate\\Pipeline\\Pipeline->Illuminate\\Pipeline\\{closure}()
#22 /home/alejandro/play-work/playgroup-admin---laravel/vendor/laravel/framework/src/Illuminate/Pipeline/Pipeline.php(171): Illuminate\\Foundation\\Http\\Middleware\\CheckForMaintenanceMode->handle()
#23 /home/alejandro/play-work/playgroup-admin---laravel/vendor/fideloper/proxy/src/TrustProxies.php(57): Illuminate\\Pipeline\\Pipeline->Illuminate\\Pipeline\\{closure}()
#24 /home/alejandro/play-work/playgroup-admin---laravel/vendor/laravel/framework/src/Illuminate/Pipeline/Pipeline.php(171): Fideloper\\Proxy\\TrustProxies->handle()
#25 /home/alejandro/play-work/playgroup-admin---laravel/vendor/laravel/framework/src/Illuminate/Pipeline/Pipeline.php(105): Illuminate\\Pipeline\\Pipeline->Illuminate\\Pipeline\\{closure}()
#26 /home/alejandro/play-work/playgroup-admin---laravel/vendor/laravel/framework/src/Illuminate/Foundation/Http/Kernel.php(145): Illuminate\\Pipeline\\Pipeline->then()
#27 /home/alejandro/play-work/playgroup-admin---laravel/vendor/laravel/framework/src/Illuminate/Foundation/Http/Kernel.php(110): Illuminate\\Foundation\\Http\\Kernel->sendRequestThroughRouter()
#28 /home/alejandro/play-work/playgroup-admin---laravel/public/index.php(55): Illuminate\\Foundation\\Http\\Kernel->handle()
#29 /home/alejandro/play-work/playgroup-admin---laravel/server.php(21): require_once('/home/alejandro...')
#30 {main}
"} 
[2025-05-20 15:17:06] local.ERROR: Call to a member function unsetRelation() on null {"exception":"[object] (Symfony\\Component\\Debug\\Exception\\FatalThrowableError(code: 0): Call to a member function unsetRelation() on null at /home/alejandro/play-work/playgroup-admin---laravel/app/Http/Controllers/Api/PageController.php:46)
[stacktrace]
#0 /home/alejandro/play-work/playgroup-admin---laravel/vendor/laravel/framework/src/Illuminate/Routing/Controller.php(54): App\\Http\\Controllers\\Api\\PageController->getPodcasts()
#1 /home/alejandro/play-work/playgroup-admin---laravel/vendor/laravel/framework/src/Illuminate/Routing/ControllerDispatcher.php(45): Illuminate\\Routing\\Controller->callAction()
#2 /home/alejandro/play-work/playgroup-admin---laravel/vendor/laravel/framework/src/Illuminate/Routing/Route.php(219): Illuminate\\Routing\\ControllerDispatcher->dispatch()
#3 /home/alejandro/play-work/playgroup-admin---laravel/vendor/laravel/framework/src/Illuminate/Routing/Route.php(176): Illuminate\\Routing\\Route->runController()
#4 /home/alejandro/play-work/playgroup-admin---laravel/vendor/laravel/framework/src/Illuminate/Routing/Router.php(681): Illuminate\\Routing\\Route->run()
#5 /home/alejandro/play-work/playgroup-admin---laravel/vendor/laravel/framework/src/Illuminate/Pipeline/Pipeline.php(130): Illuminate\\Routing\\Router->Illuminate\\Routing\\{closure}()
#6 /home/alejandro/play-work/playgroup-admin---laravel/vendor/laravel/framework/src/Illuminate/Routing/Middleware/SubstituteBindings.php(41): Illuminate\\Pipeline\\Pipeline->Illuminate\\Pipeline\\{closure}()
#7 /home/alejandro/play-work/playgroup-admin---laravel/vendor/laravel/framework/src/Illuminate/Pipeline/Pipeline.php(171): Illuminate\\Routing\\Middleware\\SubstituteBindings->handle()
#8 /home/alejandro/play-work/playgroup-admin---laravel/vendor/laravel/framework/src/Illuminate/Pipeline/Pipeline.php(105): Illuminate\\Pipeline\\Pipeline->Illuminate\\Pipeline\\{closure}()
#9 /home/alejandro/play-work/playgroup-admin---laravel/vendor/laravel/framework/src/Illuminate/Routing/Router.php(683): Illuminate\\Pipeline\\Pipeline->then()
#10 /home/alejandro/play-work/playgroup-admin---laravel/vendor/laravel/framework/src/Illuminate/Routing/Router.php(658): Illuminate\\Routing\\Router->runRouteWithinStack()
#11 /home/alejandro/play-work/playgroup-admin---laravel/vendor/laravel/framework/src/Illuminate/Routing/Router.php(624): Illuminate\\Routing\\Router->runRoute()
#12 /home/alejandro/play-work/playgroup-admin---laravel/vendor/laravel/framework/src/Illuminate/Routing/Router.php(613): Illuminate\\Routing\\Router->dispatchToRoute()
#13 /home/alejandro/play-work/playgroup-admin---laravel/vendor/laravel/framework/src/Illuminate/Foundation/Http/Kernel.php(170): Illuminate\\Routing\\Router->dispatch()
#14 /home/alejandro/play-work/playgroup-admin---laravel/vendor/laravel/framework/src/Illuminate/Pipeline/Pipeline.php(130): Illuminate\\Foundation\\Http\\Kernel->Illuminate\\Foundation\\Http\\{closure}()
#15 /home/alejandro/play-work/playgroup-admin---laravel/vendor/laravel/framework/src/Illuminate/Foundation/Http/Middleware/TransformsRequest.php(21): Illuminate\\Pipeline\\Pipeline->Illuminate\\Pipeline\\{closure}()
#16 /home/alejandro/play-work/playgroup-admin---laravel/vendor/laravel/framework/src/Illuminate/Pipeline/Pipeline.php(171): Illuminate\\Foundation\\Http\\Middleware\\TransformsRequest->handle()
#17 /home/alejandro/play-work/playgroup-admin---laravel/vendor/laravel/framework/src/Illuminate/Foundation/Http/Middleware/TransformsRequest.php(21): Illuminate\\Pipeline\\Pipeline->Illuminate\\Pipeline\\{closure}()
#18 /home/alejandro/play-work/playgroup-admin---laravel/vendor/laravel/framework/src/Illuminate/Pipeline/Pipeline.php(171): Illuminate\\Foundation\\Http\\Middleware\\TransformsRequest->handle()
#19 /home/alejandro/play-work/playgroup-admin---laravel/vendor/laravel/framework/src/Illuminate/Foundation/Http/Middleware/ValidatePostSize.php(27): Illuminate\\Pipeline\\Pipeline->Illuminate\\Pipeline\\{closure}()
#20 /home/alejandro/play-work/playgroup-admin---laravel/vendor/laravel/framework/src/Illuminate/Pipeline/Pipeline.php(171): Illuminate\\Foundation\\Http\\Middleware\\ValidatePostSize->handle()
#21 /home/alejandro/play-work/playgroup-admin---laravel/vendor/laravel/framework/src/Illuminate/Foundation/Http/Middleware/CheckForMaintenanceMode.php(63): Illuminate\\Pipeline\\Pipeline->Illuminate\\Pipeline\\{closure}()
#22 /home/alejandro/play-work/playgroup-admin---laravel/vendor/laravel/framework/src/Illuminate/Pipeline/Pipeline.php(171): Illuminate\\Foundation\\Http\\Middleware\\CheckForMaintenanceMode->handle()
#23 /home/alejandro/play-work/playgroup-admin---laravel/vendor/fideloper/proxy/src/TrustProxies.php(57): Illuminate\\Pipeline\\Pipeline->Illuminate\\Pipeline\\{closure}()
#24 /home/alejandro/play-work/playgroup-admin---laravel/vendor/laravel/framework/src/Illuminate/Pipeline/Pipeline.php(171): Fideloper\\Proxy\\TrustProxies->handle()
#25 /home/alejandro/play-work/playgroup-admin---laravel/vendor/laravel/framework/src/Illuminate/Pipeline/Pipeline.php(105): Illuminate\\Pipeline\\Pipeline->Illuminate\\Pipeline\\{closure}()
#26 /home/alejandro/play-work/playgroup-admin---laravel/vendor/laravel/framework/src/Illuminate/Foundation/Http/Kernel.php(145): Illuminate\\Pipeline\\Pipeline->then()
#27 /home/alejandro/play-work/playgroup-admin---laravel/vendor/laravel/framework/src/Illuminate/Foundation/Http/Kernel.php(110): Illuminate\\Foundation\\Http\\Kernel->sendRequestThroughRouter()
#28 /home/alejandro/play-work/playgroup-admin---laravel/public/index.php(55): Illuminate\\Foundation\\Http\\Kernel->handle()
#29 /home/alejandro/play-work/playgroup-admin---laravel/server.php(21): require_once('/home/alejandro...')
#30 {main}
"} 
[2025-05-20 15:17:07] local.ERROR: Call to a member function unsetRelation() on null {"exception":"[object] (Symfony\\Component\\Debug\\Exception\\FatalThrowableError(code: 0): Call to a member function unsetRelation() on null at /home/alejandro/play-work/playgroup-admin---laravel/app/Http/Controllers/Api/PageController.php:46)
[stacktrace]
#0 /home/alejandro/play-work/playgroup-admin---laravel/vendor/laravel/framework/src/Illuminate/Routing/Controller.php(54): App\\Http\\Controllers\\Api\\PageController->getPodcasts()
#1 /home/alejandro/play-work/playgroup-admin---laravel/vendor/laravel/framework/src/Illuminate/Routing/ControllerDispatcher.php(45): Illuminate\\Routing\\Controller->callAction()
#2 /home/alejandro/play-work/playgroup-admin---laravel/vendor/laravel/framework/src/Illuminate/Routing/Route.php(219): Illuminate\\Routing\\ControllerDispatcher->dispatch()
#3 /home/alejandro/play-work/playgroup-admin---laravel/vendor/laravel/framework/src/Illuminate/Routing/Route.php(176): Illuminate\\Routing\\Route->runController()
#4 /home/alejandro/play-work/playgroup-admin---laravel/vendor/laravel/framework/src/Illuminate/Routing/Router.php(681): Illuminate\\Routing\\Route->run()
#5 /home/alejandro/play-work/playgroup-admin---laravel/vendor/laravel/framework/src/Illuminate/Pipeline/Pipeline.php(130): Illuminate\\Routing\\Router->Illuminate\\Routing\\{closure}()
#6 /home/alejandro/play-work/playgroup-admin---laravel/vendor/laravel/framework/src/Illuminate/Routing/Middleware/SubstituteBindings.php(41): Illuminate\\Pipeline\\Pipeline->Illuminate\\Pipeline\\{closure}()
#7 /home/alejandro/play-work/playgroup-admin---laravel/vendor/laravel/framework/src/Illuminate/Pipeline/Pipeline.php(171): Illuminate\\Routing\\Middleware\\SubstituteBindings->handle()
#8 /home/alejandro/play-work/playgroup-admin---laravel/vendor/laravel/framework/src/Illuminate/Pipeline/Pipeline.php(105): Illuminate\\Pipeline\\Pipeline->Illuminate\\Pipeline\\{closure}()
#9 /home/alejandro/play-work/playgroup-admin---laravel/vendor/laravel/framework/src/Illuminate/Routing/Router.php(683): Illuminate\\Pipeline\\Pipeline->then()
#10 /home/alejandro/play-work/playgroup-admin---laravel/vendor/laravel/framework/src/Illuminate/Routing/Router.php(658): Illuminate\\Routing\\Router->runRouteWithinStack()
#11 /home/alejandro/play-work/playgroup-admin---laravel/vendor/laravel/framework/src/Illuminate/Routing/Router.php(624): Illuminate\\Routing\\Router->runRoute()
#12 /home/alejandro/play-work/playgroup-admin---laravel/vendor/laravel/framework/src/Illuminate/Routing/Router.php(613): Illuminate\\Routing\\Router->dispatchToRoute()
#13 /home/alejandro/play-work/playgroup-admin---laravel/vendor/laravel/framework/src/Illuminate/Foundation/Http/Kernel.php(170): Illuminate\\Routing\\Router->dispatch()
#14 /home/alejandro/play-work/playgroup-admin---laravel/vendor/laravel/framework/src/Illuminate/Pipeline/Pipeline.php(130): Illuminate\\Foundation\\Http\\Kernel->Illuminate\\Foundation\\Http\\{closure}()
#15 /home/alejandro/play-work/playgroup-admin---laravel/vendor/laravel/framework/src/Illuminate/Foundation/Http/Middleware/TransformsRequest.php(21): Illuminate\\Pipeline\\Pipeline->Illuminate\\Pipeline\\{closure}()
#16 /home/alejandro/play-work/playgroup-admin---laravel/vendor/laravel/framework/src/Illuminate/Pipeline/Pipeline.php(171): Illuminate\\Foundation\\Http\\Middleware\\TransformsRequest->handle()
#17 /home/alejandro/play-work/playgroup-admin---laravel/vendor/laravel/framework/src/Illuminate/Foundation/Http/Middleware/TransformsRequest.php(21): Illuminate\\Pipeline\\Pipeline->Illuminate\\Pipeline\\{closure}()
#18 /home/alejandro/play-work/playgroup-admin---laravel/vendor/laravel/framework/src/Illuminate/Pipeline/Pipeline.php(171): Illuminate\\Foundation\\Http\\Middleware\\TransformsRequest->handle()
#19 /home/alejandro/play-work/playgroup-admin---laravel/vendor/laravel/framework/src/Illuminate/Foundation/Http/Middleware/ValidatePostSize.php(27): Illuminate\\Pipeline\\Pipeline->Illuminate\\Pipeline\\{closure}()
#20 /home/alejandro/play-work/playgroup-admin---laravel/vendor/laravel/framework/src/Illuminate/Pipeline/Pipeline.php(171): Illuminate\\Foundation\\Http\\Middleware\\ValidatePostSize->handle()
#21 /home/alejandro/play-work/playgroup-admin---laravel/vendor/laravel/framework/src/Illuminate/Foundation/Http/Middleware/CheckForMaintenanceMode.php(63): Illuminate\\Pipeline\\Pipeline->Illuminate\\Pipeline\\{closure}()
#22 /home/alejandro/play-work/playgroup-admin---laravel/vendor/laravel/framework/src/Illuminate/Pipeline/Pipeline.php(171): Illuminate\\Foundation\\Http\\Middleware\\CheckForMaintenanceMode->handle()
#23 /home/alejandro/play-work/playgroup-admin---laravel/vendor/fideloper/proxy/src/TrustProxies.php(57): Illuminate\\Pipeline\\Pipeline->Illuminate\\Pipeline\\{closure}()
#24 /home/alejandro/play-work/playgroup-admin---laravel/vendor/laravel/framework/src/Illuminate/Pipeline/Pipeline.php(171): Fideloper\\Proxy\\TrustProxies->handle()
#25 /home/alejandro/play-work/playgroup-admin---laravel/vendor/laravel/framework/src/Illuminate/Pipeline/Pipeline.php(105): Illuminate\\Pipeline\\Pipeline->Illuminate\\Pipeline\\{closure}()
#26 /home/alejandro/play-work/playgroup-admin---laravel/vendor/laravel/framework/src/Illuminate/Foundation/Http/Kernel.php(145): Illuminate\\Pipeline\\Pipeline->then()
#27 /home/alejandro/play-work/playgroup-admin---laravel/vendor/laravel/framework/src/Illuminate/Foundation/Http/Kernel.php(110): Illuminate\\Foundation\\Http\\Kernel->sendRequestThroughRouter()
#28 /home/alejandro/play-work/playgroup-admin---laravel/public/index.php(55): Illuminate\\Foundation\\Http\\Kernel->handle()
#29 /home/alejandro/play-work/playgroup-admin---laravel/server.php(21): require_once('/home/alejandro...')
#30 {main}
"} 
[2025-05-20 15:17:08] local.ERROR: Call to a member function unsetRelation() on null {"exception":"[object] (Symfony\\Component\\Debug\\Exception\\FatalThrowableError(code: 0): Call to a member function unsetRelation() on null at /home/alejandro/play-work/playgroup-admin---laravel/app/Http/Controllers/Api/PageController.php:46)
[stacktrace]
#0 /home/alejandro/play-work/playgroup-admin---laravel/vendor/laravel/framework/src/Illuminate/Routing/Controller.php(54): App\\Http\\Controllers\\Api\\PageController->getPodcasts()
#1 /home/alejandro/play-work/playgroup-admin---laravel/vendor/laravel/framework/src/Illuminate/Routing/ControllerDispatcher.php(45): Illuminate\\Routing\\Controller->callAction()
#2 /home/alejandro/play-work/playgroup-admin---laravel/vendor/laravel/framework/src/Illuminate/Routing/Route.php(219): Illuminate\\Routing\\ControllerDispatcher->dispatch()
#3 /home/alejandro/play-work/playgroup-admin---laravel/vendor/laravel/framework/src/Illuminate/Routing/Route.php(176): Illuminate\\Routing\\Route->runController()
#4 /home/alejandro/play-work/playgroup-admin---laravel/vendor/laravel/framework/src/Illuminate/Routing/Router.php(681): Illuminate\\Routing\\Route->run()
#5 /home/alejandro/play-work/playgroup-admin---laravel/vendor/laravel/framework/src/Illuminate/Pipeline/Pipeline.php(130): Illuminate\\Routing\\Router->Illuminate\\Routing\\{closure}()
#6 /home/alejandro/play-work/playgroup-admin---laravel/vendor/laravel/framework/src/Illuminate/Routing/Middleware/SubstituteBindings.php(41): Illuminate\\Pipeline\\Pipeline->Illuminate\\Pipeline\\{closure}()
#7 /home/alejandro/play-work/playgroup-admin---laravel/vendor/laravel/framework/src/Illuminate/Pipeline/Pipeline.php(171): Illuminate\\Routing\\Middleware\\SubstituteBindings->handle()
#8 /home/alejandro/play-work/playgroup-admin---laravel/vendor/laravel/framework/src/Illuminate/Pipeline/Pipeline.php(105): Illuminate\\Pipeline\\Pipeline->Illuminate\\Pipeline\\{closure}()
#9 /home/alejandro/play-work/playgroup-admin---laravel/vendor/laravel/framework/src/Illuminate/Routing/Router.php(683): Illuminate\\Pipeline\\Pipeline->then()
#10 /home/alejandro/play-work/playgroup-admin---laravel/vendor/laravel/framework/src/Illuminate/Routing/Router.php(658): Illuminate\\Routing\\Router->runRouteWithinStack()
#11 /home/alejandro/play-work/playgroup-admin---laravel/vendor/laravel/framework/src/Illuminate/Routing/Router.php(624): Illuminate\\Routing\\Router->runRoute()
#12 /home/alejandro/play-work/playgroup-admin---laravel/vendor/laravel/framework/src/Illuminate/Routing/Router.php(613): Illuminate\\Routing\\Router->dispatchToRoute()
#13 /home/alejandro/play-work/playgroup-admin---laravel/vendor/laravel/framework/src/Illuminate/Foundation/Http/Kernel.php(170): Illuminate\\Routing\\Router->dispatch()
#14 /home/alejandro/play-work/playgroup-admin---laravel/vendor/laravel/framework/src/Illuminate/Pipeline/Pipeline.php(130): Illuminate\\Foundation\\Http\\Kernel->Illuminate\\Foundation\\Http\\{closure}()
#15 /home/alejandro/play-work/playgroup-admin---laravel/vendor/laravel/framework/src/Illuminate/Foundation/Http/Middleware/TransformsRequest.php(21): Illuminate\\Pipeline\\Pipeline->Illuminate\\Pipeline\\{closure}()
#16 /home/alejandro/play-work/playgroup-admin---laravel/vendor/laravel/framework/src/Illuminate/Pipeline/Pipeline.php(171): Illuminate\\Foundation\\Http\\Middleware\\TransformsRequest->handle()
#17 /home/alejandro/play-work/playgroup-admin---laravel/vendor/laravel/framework/src/Illuminate/Foundation/Http/Middleware/TransformsRequest.php(21): Illuminate\\Pipeline\\Pipeline->Illuminate\\Pipeline\\{closure}()
#18 /home/alejandro/play-work/playgroup-admin---laravel/vendor/laravel/framework/src/Illuminate/Pipeline/Pipeline.php(171): Illuminate\\Foundation\\Http\\Middleware\\TransformsRequest->handle()
#19 /home/alejandro/play-work/playgroup-admin---laravel/vendor/laravel/framework/src/Illuminate/Foundation/Http/Middleware/ValidatePostSize.php(27): Illuminate\\Pipeline\\Pipeline->Illuminate\\Pipeline\\{closure}()
#20 /home/alejandro/play-work/playgroup-admin---laravel/vendor/laravel/framework/src/Illuminate/Pipeline/Pipeline.php(171): Illuminate\\Foundation\\Http\\Middleware\\ValidatePostSize->handle()
#21 /home/alejandro/play-work/playgroup-admin---laravel/vendor/laravel/framework/src/Illuminate/Foundation/Http/Middleware/CheckForMaintenanceMode.php(63): Illuminate\\Pipeline\\Pipeline->Illuminate\\Pipeline\\{closure}()
#22 /home/alejandro/play-work/playgroup-admin---laravel/vendor/laravel/framework/src/Illuminate/Pipeline/Pipeline.php(171): Illuminate\\Foundation\\Http\\Middleware\\CheckForMaintenanceMode->handle()
#23 /home/alejandro/play-work/playgroup-admin---laravel/vendor/fideloper/proxy/src/TrustProxies.php(57): Illuminate\\Pipeline\\Pipeline->Illuminate\\Pipeline\\{closure}()
#24 /home/alejandro/play-work/playgroup-admin---laravel/vendor/laravel/framework/src/Illuminate/Pipeline/Pipeline.php(171): Fideloper\\Proxy\\TrustProxies->handle()
#25 /home/alejandro/play-work/playgroup-admin---laravel/vendor/laravel/framework/src/Illuminate/Pipeline/Pipeline.php(105): Illuminate\\Pipeline\\Pipeline->Illuminate\\Pipeline\\{closure}()
#26 /home/alejandro/play-work/playgroup-admin---laravel/vendor/laravel/framework/src/Illuminate/Foundation/Http/Kernel.php(145): Illuminate\\Pipeline\\Pipeline->then()
#27 /home/alejandro/play-work/playgroup-admin---laravel/vendor/laravel/framework/src/Illuminate/Foundation/Http/Kernel.php(110): Illuminate\\Foundation\\Http\\Kernel->sendRequestThroughRouter()
#28 /home/alejandro/play-work/playgroup-admin---laravel/public/index.php(55): Illuminate\\Foundation\\Http\\Kernel->handle()
#29 /home/alejandro/play-work/playgroup-admin---laravel/server.php(21): require_once('/home/alejandro...')
#30 {main}
"} 
[2025-05-20 15:52:53] local.ERROR: SQLSTATE[42S22]: Column not found: 1054 Unknown column 'position' in 'field list' (SQL: select `name`, `image`, `position`, `category` from `awards` order by `index` asc) {"exception":"[object] (Illuminate\\Database\\QueryException(code: 42S22): SQLSTATE[42S22]: Column not found: 1054 Unknown column 'position' in 'field list' (SQL: select `name`, `image`, `position`, `category` from `awards` order by `index` asc) at /home/alejandro/play-work/playgroup-admin---laravel/vendor/laravel/framework/src/Illuminate/Database/Connection.php:669)
[stacktrace]
#0 /home/alejandro/play-work/playgroup-admin---laravel/vendor/laravel/framework/src/Illuminate/Database/Connection.php(629): Illuminate\\Database\\Connection->runQueryCallback()
#1 /home/alejandro/play-work/playgroup-admin---laravel/vendor/laravel/framework/src/Illuminate/Database/Connection.php(338): Illuminate\\Database\\Connection->run()
#2 /home/alejandro/play-work/playgroup-admin---laravel/vendor/laravel/framework/src/Illuminate/Database/Query/Builder.php(2159): Illuminate\\Database\\Connection->select()
#3 /home/alejandro/play-work/playgroup-admin---laravel/vendor/laravel/framework/src/Illuminate/Database/Query/Builder.php(2147): Illuminate\\Database\\Query\\Builder->runSelect()
#4 /home/alejandro/play-work/playgroup-admin---laravel/vendor/laravel/framework/src/Illuminate/Database/Query/Builder.php(2619): Illuminate\\Database\\Query\\Builder->Illuminate\\Database\\Query\\{closure}()
#5 /home/alejandro/play-work/playgroup-admin---laravel/vendor/laravel/framework/src/Illuminate/Database/Query/Builder.php(2148): Illuminate\\Database\\Query\\Builder->onceWithColumns()
#6 /home/alejandro/play-work/playgroup-admin---laravel/vendor/laravel/framework/src/Illuminate/Database/Eloquent/Builder.php(546): Illuminate\\Database\\Query\\Builder->get()
#7 /home/alejandro/play-work/playgroup-admin---laravel/vendor/laravel/framework/src/Illuminate/Database/Eloquent/Builder.php(530): Illuminate\\Database\\Eloquent\\Builder->getModels()
#8 /home/alejandro/play-work/playgroup-admin---laravel/app/Http/Controllers/Api/PageController.php(78): Illuminate\\Database\\Eloquent\\Builder->get()
#9 /home/alejandro/play-work/playgroup-admin---laravel/vendor/laravel/framework/src/Illuminate/Routing/Controller.php(54): App\\Http\\Controllers\\Api\\PageController->home()
#10 /home/alejandro/play-work/playgroup-admin---laravel/vendor/laravel/framework/src/Illuminate/Routing/ControllerDispatcher.php(45): Illuminate\\Routing\\Controller->callAction()
#11 /home/alejandro/play-work/playgroup-admin---laravel/vendor/laravel/framework/src/Illuminate/Routing/Route.php(219): Illuminate\\Routing\\ControllerDispatcher->dispatch()
#12 /home/alejandro/play-work/playgroup-admin---laravel/vendor/laravel/framework/src/Illuminate/Routing/Route.php(176): Illuminate\\Routing\\Route->runController()
#13 /home/alejandro/play-work/playgroup-admin---laravel/vendor/laravel/framework/src/Illuminate/Routing/Router.php(681): Illuminate\\Routing\\Route->run()
#14 /home/alejandro/play-work/playgroup-admin---laravel/vendor/laravel/framework/src/Illuminate/Pipeline/Pipeline.php(130): Illuminate\\Routing\\Router->Illuminate\\Routing\\{closure}()
#15 /home/alejandro/play-work/playgroup-admin---laravel/vendor/laravel/framework/src/Illuminate/Routing/Middleware/SubstituteBindings.php(41): Illuminate\\Pipeline\\Pipeline->Illuminate\\Pipeline\\{closure}()
#16 /home/alejandro/play-work/playgroup-admin---laravel/vendor/laravel/framework/src/Illuminate/Pipeline/Pipeline.php(171): Illuminate\\Routing\\Middleware\\SubstituteBindings->handle()
#17 /home/alejandro/play-work/playgroup-admin---laravel/vendor/laravel/framework/src/Illuminate/Pipeline/Pipeline.php(105): Illuminate\\Pipeline\\Pipeline->Illuminate\\Pipeline\\{closure}()
#18 /home/alejandro/play-work/playgroup-admin---laravel/vendor/laravel/framework/src/Illuminate/Routing/Router.php(683): Illuminate\\Pipeline\\Pipeline->then()
#19 /home/alejandro/play-work/playgroup-admin---laravel/vendor/laravel/framework/src/Illuminate/Routing/Router.php(658): Illuminate\\Routing\\Router->runRouteWithinStack()
#20 /home/alejandro/play-work/playgroup-admin---laravel/vendor/laravel/framework/src/Illuminate/Routing/Router.php(624): Illuminate\\Routing\\Router->runRoute()
#21 /home/alejandro/play-work/playgroup-admin---laravel/vendor/laravel/framework/src/Illuminate/Routing/Router.php(613): Illuminate\\Routing\\Router->dispatchToRoute()
#22 /home/alejandro/play-work/playgroup-admin---laravel/vendor/laravel/framework/src/Illuminate/Foundation/Http/Kernel.php(170): Illuminate\\Routing\\Router->dispatch()
#23 /home/alejandro/play-work/playgroup-admin---laravel/vendor/laravel/framework/src/Illuminate/Pipeline/Pipeline.php(130): Illuminate\\Foundation\\Http\\Kernel->Illuminate\\Foundation\\Http\\{closure}()
#24 /home/alejandro/play-work/playgroup-admin---laravel/vendor/laravel/framework/src/Illuminate/Foundation/Http/Middleware/TransformsRequest.php(21): Illuminate\\Pipeline\\Pipeline->Illuminate\\Pipeline\\{closure}()
#25 /home/alejandro/play-work/playgroup-admin---laravel/vendor/laravel/framework/src/Illuminate/Pipeline/Pipeline.php(171): Illuminate\\Foundation\\Http\\Middleware\\TransformsRequest->handle()
#26 /home/alejandro/play-work/playgroup-admin---laravel/vendor/laravel/framework/src/Illuminate/Foundation/Http/Middleware/TransformsRequest.php(21): Illuminate\\Pipeline\\Pipeline->Illuminate\\Pipeline\\{closure}()
#27 /home/alejandro/play-work/playgroup-admin---laravel/vendor/laravel/framework/src/Illuminate/Pipeline/Pipeline.php(171): Illuminate\\Foundation\\Http\\Middleware\\TransformsRequest->handle()
#28 /home/alejandro/play-work/playgroup-admin---laravel/vendor/laravel/framework/src/Illuminate/Foundation/Http/Middleware/ValidatePostSize.php(27): Illuminate\\Pipeline\\Pipeline->Illuminate\\Pipeline\\{closure}()
#29 /home/alejandro/play-work/playgroup-admin---laravel/vendor/laravel/framework/src/Illuminate/Pipeline/Pipeline.php(171): Illuminate\\Foundation\\Http\\Middleware\\ValidatePostSize->handle()
#30 /home/alejandro/play-work/playgroup-admin---laravel/vendor/laravel/framework/src/Illuminate/Foundation/Http/Middleware/CheckForMaintenanceMode.php(63): Illuminate\\Pipeline\\Pipeline->Illuminate\\Pipeline\\{closure}()
#31 /home/alejandro/play-work/playgroup-admin---laravel/vendor/laravel/framework/src/Illuminate/Pipeline/Pipeline.php(171): Illuminate\\Foundation\\Http\\Middleware\\CheckForMaintenanceMode->handle()
#32 /home/alejandro/play-work/playgroup-admin---laravel/vendor/fideloper/proxy/src/TrustProxies.php(57): Illuminate\\Pipeline\\Pipeline->Illuminate\\Pipeline\\{closure}()
#33 /home/alejandro/play-work/playgroup-admin---laravel/vendor/laravel/framework/src/Illuminate/Pipeline/Pipeline.php(171): Fideloper\\Proxy\\TrustProxies->handle()
#34 /home/alejandro/play-work/playgroup-admin---laravel/vendor/laravel/framework/src/Illuminate/Pipeline/Pipeline.php(105): Illuminate\\Pipeline\\Pipeline->Illuminate\\Pipeline\\{closure}()
#35 /home/alejandro/play-work/playgroup-admin---laravel/vendor/laravel/framework/src/Illuminate/Foundation/Http/Kernel.php(145): Illuminate\\Pipeline\\Pipeline->then()
#36 /home/alejandro/play-work/playgroup-admin---laravel/vendor/laravel/framework/src/Illuminate/Foundation/Http/Kernel.php(110): Illuminate\\Foundation\\Http\\Kernel->sendRequestThroughRouter()
#37 /home/alejandro/play-work/playgroup-admin---laravel/public/index.php(55): Illuminate\\Foundation\\Http\\Kernel->handle()
#38 /home/alejandro/play-work/playgroup-admin---laravel/server.php(21): require_once('/home/alejandro...')
#39 {main}

[previous exception] [object] (Doctrine\\DBAL\\Driver\\PDO\\Exception(code: 42S22): SQLSTATE[42S22]: Column not found: 1054 Unknown column 'position' in 'field list' at /home/alejandro/play-work/playgroup-admin---laravel/vendor/doctrine/dbal/lib/Doctrine/DBAL/Driver/PDO/Exception.php:18)
[stacktrace]
#0 /home/alejandro/play-work/playgroup-admin---laravel/vendor/doctrine/dbal/lib/Doctrine/DBAL/Driver/PDOConnection.php(87): Doctrine\\DBAL\\Driver\\PDO\\Exception::new()
#1 /home/alejandro/play-work/playgroup-admin---laravel/vendor/laravel/framework/src/Illuminate/Database/Connection.php(331): Doctrine\\DBAL\\Driver\\PDOConnection->prepare()
#2 /home/alejandro/play-work/playgroup-admin---laravel/vendor/laravel/framework/src/Illuminate/Database/Connection.php(662): Illuminate\\Database\\Connection->Illuminate\\Database\\{closure}()
#3 /home/alejandro/play-work/playgroup-admin---laravel/vendor/laravel/framework/src/Illuminate/Database/Connection.php(629): Illuminate\\Database\\Connection->runQueryCallback()
#4 /home/alejandro/play-work/playgroup-admin---laravel/vendor/laravel/framework/src/Illuminate/Database/Connection.php(338): Illuminate\\Database\\Connection->run()
#5 /home/alejandro/play-work/playgroup-admin---laravel/vendor/laravel/framework/src/Illuminate/Database/Query/Builder.php(2159): Illuminate\\Database\\Connection->select()
#6 /home/alejandro/play-work/playgroup-admin---laravel/vendor/laravel/framework/src/Illuminate/Database/Query/Builder.php(2147): Illuminate\\Database\\Query\\Builder->runSelect()
#7 /home/alejandro/play-work/playgroup-admin---laravel/vendor/laravel/framework/src/Illuminate/Database/Query/Builder.php(2619): Illuminate\\Database\\Query\\Builder->Illuminate\\Database\\Query\\{closure}()
#8 /home/alejandro/play-work/playgroup-admin---laravel/vendor/laravel/framework/src/Illuminate/Database/Query/Builder.php(2148): Illuminate\\Database\\Query\\Builder->onceWithColumns()
#9 /home/alejandro/play-work/playgroup-admin---laravel/vendor/laravel/framework/src/Illuminate/Database/Eloquent/Builder.php(546): Illuminate\\Database\\Query\\Builder->get()
#10 /home/alejandro/play-work/playgroup-admin---laravel/vendor/laravel/framework/src/Illuminate/Database/Eloquent/Builder.php(530): Illuminate\\Database\\Eloquent\\Builder->getModels()
#11 /home/alejandro/play-work/playgroup-admin---laravel/app/Http/Controllers/Api/PageController.php(78): Illuminate\\Database\\Eloquent\\Builder->get()
#12 /home/alejandro/play-work/playgroup-admin---laravel/vendor/laravel/framework/src/Illuminate/Routing/Controller.php(54): App\\Http\\Controllers\\Api\\PageController->home()
#13 /home/alejandro/play-work/playgroup-admin---laravel/vendor/laravel/framework/src/Illuminate/Routing/ControllerDispatcher.php(45): Illuminate\\Routing\\Controller->callAction()
#14 /home/alejandro/play-work/playgroup-admin---laravel/vendor/laravel/framework/src/Illuminate/Routing/Route.php(219): Illuminate\\Routing\\ControllerDispatcher->dispatch()
#15 /home/alejandro/play-work/playgroup-admin---laravel/vendor/laravel/framework/src/Illuminate/Routing/Route.php(176): Illuminate\\Routing\\Route->runController()
#16 /home/alejandro/play-work/playgroup-admin---laravel/vendor/laravel/framework/src/Illuminate/Routing/Router.php(681): Illuminate\\Routing\\Route->run()
#17 /home/alejandro/play-work/playgroup-admin---laravel/vendor/laravel/framework/src/Illuminate/Pipeline/Pipeline.php(130): Illuminate\\Routing\\Router->Illuminate\\Routing\\{closure}()
#18 /home/alejandro/play-work/playgroup-admin---laravel/vendor/laravel/framework/src/Illuminate/Routing/Middleware/SubstituteBindings.php(41): Illuminate\\Pipeline\\Pipeline->Illuminate\\Pipeline\\{closure}()
#19 /home/alejandro/play-work/playgroup-admin---laravel/vendor/laravel/framework/src/Illuminate/Pipeline/Pipeline.php(171): Illuminate\\Routing\\Middleware\\SubstituteBindings->handle()
#20 /home/alejandro/play-work/playgroup-admin---laravel/vendor/laravel/framework/src/Illuminate/Pipeline/Pipeline.php(105): Illuminate\\Pipeline\\Pipeline->Illuminate\\Pipeline\\{closure}()
#21 /home/alejandro/play-work/playgroup-admin---laravel/vendor/laravel/framework/src/Illuminate/Routing/Router.php(683): Illuminate\\Pipeline\\Pipeline->then()
#22 /home/alejandro/play-work/playgroup-admin---laravel/vendor/laravel/framework/src/Illuminate/Routing/Router.php(658): Illuminate\\Routing\\Router->runRouteWithinStack()
#23 /home/alejandro/play-work/playgroup-admin---laravel/vendor/laravel/framework/src/Illuminate/Routing/Router.php(624): Illuminate\\Routing\\Router->runRoute()
#24 /home/alejandro/play-work/playgroup-admin---laravel/vendor/laravel/framework/src/Illuminate/Routing/Router.php(613): Illuminate\\Routing\\Router->dispatchToRoute()
#25 /home/alejandro/play-work/playgroup-admin---laravel/vendor/laravel/framework/src/Illuminate/Foundation/Http/Kernel.php(170): Illuminate\\Routing\\Router->dispatch()
#26 /home/alejandro/play-work/playgroup-admin---laravel/vendor/laravel/framework/src/Illuminate/Pipeline/Pipeline.php(130): Illuminate\\Foundation\\Http\\Kernel->Illuminate\\Foundation\\Http\\{closure}()
#27 /home/alejandro/play-work/playgroup-admin---laravel/vendor/laravel/framework/src/Illuminate/Foundation/Http/Middleware/TransformsRequest.php(21): Illuminate\\Pipeline\\Pipeline->Illuminate\\Pipeline\\{closure}()
#28 /home/alejandro/play-work/playgroup-admin---laravel/vendor/laravel/framework/src/Illuminate/Pipeline/Pipeline.php(171): Illuminate\\Foundation\\Http\\Middleware\\TransformsRequest->handle()
#29 /home/alejandro/play-work/playgroup-admin---laravel/vendor/laravel/framework/src/Illuminate/Foundation/Http/Middleware/TransformsRequest.php(21): Illuminate\\Pipeline\\Pipeline->Illuminate\\Pipeline\\{closure}()
#30 /home/alejandro/play-work/playgroup-admin---laravel/vendor/laravel/framework/src/Illuminate/Pipeline/Pipeline.php(171): Illuminate\\Foundation\\Http\\Middleware\\TransformsRequest->handle()
#31 /home/alejandro/play-work/playgroup-admin---laravel/vendor/laravel/framework/src/Illuminate/Foundation/Http/Middleware/ValidatePostSize.php(27): Illuminate\\Pipeline\\Pipeline->Illuminate\\Pipeline\\{closure}()
#32 /home/alejandro/play-work/playgroup-admin---laravel/vendor/laravel/framework/src/Illuminate/Pipeline/Pipeline.php(171): Illuminate\\Foundation\\Http\\Middleware\\ValidatePostSize->handle()
#33 /home/alejandro/play-work/playgroup-admin---laravel/vendor/laravel/framework/src/Illuminate/Foundation/Http/Middleware/CheckForMaintenanceMode.php(63): Illuminate\\Pipeline\\Pipeline->Illuminate\\Pipeline\\{closure}()
#34 /home/alejandro/play-work/playgroup-admin---laravel/vendor/laravel/framework/src/Illuminate/Pipeline/Pipeline.php(171): Illuminate\\Foundation\\Http\\Middleware\\CheckForMaintenanceMode->handle()
#35 /home/alejandro/play-work/playgroup-admin---laravel/vendor/fideloper/proxy/src/TrustProxies.php(57): Illuminate\\Pipeline\\Pipeline->Illuminate\\Pipeline\\{closure}()
#36 /home/alejandro/play-work/playgroup-admin---laravel/vendor/laravel/framework/src/Illuminate/Pipeline/Pipeline.php(171): Fideloper\\Proxy\\TrustProxies->handle()
#37 /home/alejandro/play-work/playgroup-admin---laravel/vendor/laravel/framework/src/Illuminate/Pipeline/Pipeline.php(105): Illuminate\\Pipeline\\Pipeline->Illuminate\\Pipeline\\{closure}()
#38 /home/alejandro/play-work/playgroup-admin---laravel/vendor/laravel/framework/src/Illuminate/Foundation/Http/Kernel.php(145): Illuminate\\Pipeline\\Pipeline->then()
#39 /home/alejandro/play-work/playgroup-admin---laravel/vendor/laravel/framework/src/Illuminate/Foundation/Http/Kernel.php(110): Illuminate\\Foundation\\Http\\Kernel->sendRequestThroughRouter()
#40 /home/alejandro/play-work/playgroup-admin---laravel/public/index.php(55): Illuminate\\Foundation\\Http\\Kernel->handle()
#41 /home/alejandro/play-work/playgroup-admin---laravel/server.php(21): require_once('/home/alejandro...')
#42 {main}

[previous exception] [object] (PDOException(code: 42S22): SQLSTATE[42S22]: Column not found: 1054 Unknown column 'position' in 'field list' at /home/alejandro/play-work/playgroup-admin---laravel/vendor/doctrine/dbal/lib/Doctrine/DBAL/Driver/PDOConnection.php:82)
[stacktrace]
#0 /home/alejandro/play-work/playgroup-admin---laravel/vendor/doctrine/dbal/lib/Doctrine/DBAL/Driver/PDOConnection.php(82): PDO->prepare()
#1 /home/alejandro/play-work/playgroup-admin---laravel/vendor/laravel/framework/src/Illuminate/Database/Connection.php(331): Doctrine\\DBAL\\Driver\\PDOConnection->prepare()
#2 /home/alejandro/play-work/playgroup-admin---laravel/vendor/laravel/framework/src/Illuminate/Database/Connection.php(662): Illuminate\\Database\\Connection->Illuminate\\Database\\{closure}()
#3 /home/alejandro/play-work/playgroup-admin---laravel/vendor/laravel/framework/src/Illuminate/Database/Connection.php(629): Illuminate\\Database\\Connection->runQueryCallback()
#4 /home/alejandro/play-work/playgroup-admin---laravel/vendor/laravel/framework/src/Illuminate/Database/Connection.php(338): Illuminate\\Database\\Connection->run()
#5 /home/alejandro/play-work/playgroup-admin---laravel/vendor/laravel/framework/src/Illuminate/Database/Query/Builder.php(2159): Illuminate\\Database\\Connection->select()
#6 /home/alejandro/play-work/playgroup-admin---laravel/vendor/laravel/framework/src/Illuminate/Database/Query/Builder.php(2147): Illuminate\\Database\\Query\\Builder->runSelect()
#7 /home/alejandro/play-work/playgroup-admin---laravel/vendor/laravel/framework/src/Illuminate/Database/Query/Builder.php(2619): Illuminate\\Database\\Query\\Builder->Illuminate\\Database\\Query\\{closure}()
#8 /home/alejandro/play-work/playgroup-admin---laravel/vendor/laravel/framework/src/Illuminate/Database/Query/Builder.php(2148): Illuminate\\Database\\Query\\Builder->onceWithColumns()
#9 /home/alejandro/play-work/playgroup-admin---laravel/vendor/laravel/framework/src/Illuminate/Database/Eloquent/Builder.php(546): Illuminate\\Database\\Query\\Builder->get()
#10 /home/alejandro/play-work/playgroup-admin---laravel/vendor/laravel/framework/src/Illuminate/Database/Eloquent/Builder.php(530): Illuminate\\Database\\Eloquent\\Builder->getModels()
#11 /home/alejandro/play-work/playgroup-admin---laravel/app/Http/Controllers/Api/PageController.php(78): Illuminate\\Database\\Eloquent\\Builder->get()
#12 /home/alejandro/play-work/playgroup-admin---laravel/vendor/laravel/framework/src/Illuminate/Routing/Controller.php(54): App\\Http\\Controllers\\Api\\PageController->home()
#13 /home/alejandro/play-work/playgroup-admin---laravel/vendor/laravel/framework/src/Illuminate/Routing/ControllerDispatcher.php(45): Illuminate\\Routing\\Controller->callAction()
#14 /home/alejandro/play-work/playgroup-admin---laravel/vendor/laravel/framework/src/Illuminate/Routing/Route.php(219): Illuminate\\Routing\\ControllerDispatcher->dispatch()
#15 /home/alejandro/play-work/playgroup-admin---laravel/vendor/laravel/framework/src/Illuminate/Routing/Route.php(176): Illuminate\\Routing\\Route->runController()
#16 /home/alejandro/play-work/playgroup-admin---laravel/vendor/laravel/framework/src/Illuminate/Routing/Router.php(681): Illuminate\\Routing\\Route->run()
#17 /home/alejandro/play-work/playgroup-admin---laravel/vendor/laravel/framework/src/Illuminate/Pipeline/Pipeline.php(130): Illuminate\\Routing\\Router->Illuminate\\Routing\\{closure}()
#18 /home/alejandro/play-work/playgroup-admin---laravel/vendor/laravel/framework/src/Illuminate/Routing/Middleware/SubstituteBindings.php(41): Illuminate\\Pipeline\\Pipeline->Illuminate\\Pipeline\\{closure}()
#19 /home/alejandro/play-work/playgroup-admin---laravel/vendor/laravel/framework/src/Illuminate/Pipeline/Pipeline.php(171): Illuminate\\Routing\\Middleware\\SubstituteBindings->handle()
#20 /home/alejandro/play-work/playgroup-admin---laravel/vendor/laravel/framework/src/Illuminate/Pipeline/Pipeline.php(105): Illuminate\\Pipeline\\Pipeline->Illuminate\\Pipeline\\{closure}()
#21 /home/alejandro/play-work/playgroup-admin---laravel/vendor/laravel/framework/src/Illuminate/Routing/Router.php(683): Illuminate\\Pipeline\\Pipeline->then()
#22 /home/alejandro/play-work/playgroup-admin---laravel/vendor/laravel/framework/src/Illuminate/Routing/Router.php(658): Illuminate\\Routing\\Router->runRouteWithinStack()
#23 /home/alejandro/play-work/playgroup-admin---laravel/vendor/laravel/framework/src/Illuminate/Routing/Router.php(624): Illuminate\\Routing\\Router->runRoute()
#24 /home/alejandro/play-work/playgroup-admin---laravel/vendor/laravel/framework/src/Illuminate/Routing/Router.php(613): Illuminate\\Routing\\Router->dispatchToRoute()
#25 /home/alejandro/play-work/playgroup-admin---laravel/vendor/laravel/framework/src/Illuminate/Foundation/Http/Kernel.php(170): Illuminate\\Routing\\Router->dispatch()
#26 /home/alejandro/play-work/playgroup-admin---laravel/vendor/laravel/framework/src/Illuminate/Pipeline/Pipeline.php(130): Illuminate\\Foundation\\Http\\Kernel->Illuminate\\Foundation\\Http\\{closure}()
#27 /home/alejandro/play-work/playgroup-admin---laravel/vendor/laravel/framework/src/Illuminate/Foundation/Http/Middleware/TransformsRequest.php(21): Illuminate\\Pipeline\\Pipeline->Illuminate\\Pipeline\\{closure}()
#28 /home/alejandro/play-work/playgroup-admin---laravel/vendor/laravel/framework/src/Illuminate/Pipeline/Pipeline.php(171): Illuminate\\Foundation\\Http\\Middleware\\TransformsRequest->handle()
#29 /home/alejandro/play-work/playgroup-admin---laravel/vendor/laravel/framework/src/Illuminate/Foundation/Http/Middleware/TransformsRequest.php(21): Illuminate\\Pipeline\\Pipeline->Illuminate\\Pipeline\\{closure}()
#30 /home/alejandro/play-work/playgroup-admin---laravel/vendor/laravel/framework/src/Illuminate/Pipeline/Pipeline.php(171): Illuminate\\Foundation\\Http\\Middleware\\TransformsRequest->handle()
#31 /home/alejandro/play-work/playgroup-admin---laravel/vendor/laravel/framework/src/Illuminate/Foundation/Http/Middleware/ValidatePostSize.php(27): Illuminate\\Pipeline\\Pipeline->Illuminate\\Pipeline\\{closure}()
#32 /home/alejandro/play-work/playgroup-admin---laravel/vendor/laravel/framework/src/Illuminate/Pipeline/Pipeline.php(171): Illuminate\\Foundation\\Http\\Middleware\\ValidatePostSize->handle()
#33 /home/alejandro/play-work/playgroup-admin---laravel/vendor/laravel/framework/src/Illuminate/Foundation/Http/Middleware/CheckForMaintenanceMode.php(63): Illuminate\\Pipeline\\Pipeline->Illuminate\\Pipeline\\{closure}()
#34 /home/alejandro/play-work/playgroup-admin---laravel/vendor/laravel/framework/src/Illuminate/Pipeline/Pipeline.php(171): Illuminate\\Foundation\\Http\\Middleware\\CheckForMaintenanceMode->handle()
#35 /home/alejandro/play-work/playgroup-admin---laravel/vendor/fideloper/proxy/src/TrustProxies.php(57): Illuminate\\Pipeline\\Pipeline->Illuminate\\Pipeline\\{closure}()
#36 /home/alejandro/play-work/playgroup-admin---laravel/vendor/laravel/framework/src/Illuminate/Pipeline/Pipeline.php(171): Fideloper\\Proxy\\TrustProxies->handle()
#37 /home/alejandro/play-work/playgroup-admin---laravel/vendor/laravel/framework/src/Illuminate/Pipeline/Pipeline.php(105): Illuminate\\Pipeline\\Pipeline->Illuminate\\Pipeline\\{closure}()
#38 /home/alejandro/play-work/playgroup-admin---laravel/vendor/laravel/framework/src/Illuminate/Foundation/Http/Kernel.php(145): Illuminate\\Pipeline\\Pipeline->then()
#39 /home/alejandro/play-work/playgroup-admin---laravel/vendor/laravel/framework/src/Illuminate/Foundation/Http/Kernel.php(110): Illuminate\\Foundation\\Http\\Kernel->sendRequestThroughRouter()
#40 /home/alejandro/play-work/playgroup-admin---laravel/public/index.php(55): Illuminate\\Foundation\\Http\\Kernel->handle()
#41 /home/alejandro/play-work/playgroup-admin---laravel/server.php(21): require_once('/home/alejandro...')
#42 {main}
"} 
[2025-05-20 15:52:53] local.ERROR: SQLSTATE[42S22]: Column not found: 1054 Unknown column 'position' in 'field list' (SQL: select `name`, `image`, `position`, `category` from `awards` order by `index` asc) {"exception":"[object] (Illuminate\\Database\\QueryException(code: 42S22): SQLSTATE[42S22]: Column not found: 1054 Unknown column 'position' in 'field list' (SQL: select `name`, `image`, `position`, `category` from `awards` order by `index` asc) at /home/alejandro/play-work/playgroup-admin---laravel/vendor/laravel/framework/src/Illuminate/Database/Connection.php:669)
[stacktrace]
#0 /home/alejandro/play-work/playgroup-admin---laravel/vendor/laravel/framework/src/Illuminate/Database/Connection.php(629): Illuminate\\Database\\Connection->runQueryCallback()
#1 /home/alejandro/play-work/playgroup-admin---laravel/vendor/laravel/framework/src/Illuminate/Database/Connection.php(338): Illuminate\\Database\\Connection->run()
#2 /home/alejandro/play-work/playgroup-admin---laravel/vendor/laravel/framework/src/Illuminate/Database/Query/Builder.php(2159): Illuminate\\Database\\Connection->select()
#3 /home/alejandro/play-work/playgroup-admin---laravel/vendor/laravel/framework/src/Illuminate/Database/Query/Builder.php(2147): Illuminate\\Database\\Query\\Builder->runSelect()
#4 /home/alejandro/play-work/playgroup-admin---laravel/vendor/laravel/framework/src/Illuminate/Database/Query/Builder.php(2619): Illuminate\\Database\\Query\\Builder->Illuminate\\Database\\Query\\{closure}()
#5 /home/alejandro/play-work/playgroup-admin---laravel/vendor/laravel/framework/src/Illuminate/Database/Query/Builder.php(2148): Illuminate\\Database\\Query\\Builder->onceWithColumns()
#6 /home/alejandro/play-work/playgroup-admin---laravel/vendor/laravel/framework/src/Illuminate/Database/Eloquent/Builder.php(546): Illuminate\\Database\\Query\\Builder->get()
#7 /home/alejandro/play-work/playgroup-admin---laravel/vendor/laravel/framework/src/Illuminate/Database/Eloquent/Builder.php(530): Illuminate\\Database\\Eloquent\\Builder->getModels()
#8 /home/alejandro/play-work/playgroup-admin---laravel/app/Http/Controllers/Api/PageController.php(78): Illuminate\\Database\\Eloquent\\Builder->get()
#9 /home/alejandro/play-work/playgroup-admin---laravel/vendor/laravel/framework/src/Illuminate/Routing/Controller.php(54): App\\Http\\Controllers\\Api\\PageController->home()
#10 /home/alejandro/play-work/playgroup-admin---laravel/vendor/laravel/framework/src/Illuminate/Routing/ControllerDispatcher.php(45): Illuminate\\Routing\\Controller->callAction()
#11 /home/alejandro/play-work/playgroup-admin---laravel/vendor/laravel/framework/src/Illuminate/Routing/Route.php(219): Illuminate\\Routing\\ControllerDispatcher->dispatch()
#12 /home/alejandro/play-work/playgroup-admin---laravel/vendor/laravel/framework/src/Illuminate/Routing/Route.php(176): Illuminate\\Routing\\Route->runController()
#13 /home/alejandro/play-work/playgroup-admin---laravel/vendor/laravel/framework/src/Illuminate/Routing/Router.php(681): Illuminate\\Routing\\Route->run()
#14 /home/alejandro/play-work/playgroup-admin---laravel/vendor/laravel/framework/src/Illuminate/Pipeline/Pipeline.php(130): Illuminate\\Routing\\Router->Illuminate\\Routing\\{closure}()
#15 /home/alejandro/play-work/playgroup-admin---laravel/vendor/laravel/framework/src/Illuminate/Routing/Middleware/SubstituteBindings.php(41): Illuminate\\Pipeline\\Pipeline->Illuminate\\Pipeline\\{closure}()
#16 /home/alejandro/play-work/playgroup-admin---laravel/vendor/laravel/framework/src/Illuminate/Pipeline/Pipeline.php(171): Illuminate\\Routing\\Middleware\\SubstituteBindings->handle()
#17 /home/alejandro/play-work/playgroup-admin---laravel/vendor/laravel/framework/src/Illuminate/Pipeline/Pipeline.php(105): Illuminate\\Pipeline\\Pipeline->Illuminate\\Pipeline\\{closure}()
#18 /home/alejandro/play-work/playgroup-admin---laravel/vendor/laravel/framework/src/Illuminate/Routing/Router.php(683): Illuminate\\Pipeline\\Pipeline->then()
#19 /home/alejandro/play-work/playgroup-admin---laravel/vendor/laravel/framework/src/Illuminate/Routing/Router.php(658): Illuminate\\Routing\\Router->runRouteWithinStack()
#20 /home/alejandro/play-work/playgroup-admin---laravel/vendor/laravel/framework/src/Illuminate/Routing/Router.php(624): Illuminate\\Routing\\Router->runRoute()
#21 /home/alejandro/play-work/playgroup-admin---laravel/vendor/laravel/framework/src/Illuminate/Routing/Router.php(613): Illuminate\\Routing\\Router->dispatchToRoute()
#22 /home/alejandro/play-work/playgroup-admin---laravel/vendor/laravel/framework/src/Illuminate/Foundation/Http/Kernel.php(170): Illuminate\\Routing\\Router->dispatch()
#23 /home/alejandro/play-work/playgroup-admin---laravel/vendor/laravel/framework/src/Illuminate/Pipeline/Pipeline.php(130): Illuminate\\Foundation\\Http\\Kernel->Illuminate\\Foundation\\Http\\{closure}()
#24 /home/alejandro/play-work/playgroup-admin---laravel/vendor/laravel/framework/src/Illuminate/Foundation/Http/Middleware/TransformsRequest.php(21): Illuminate\\Pipeline\\Pipeline->Illuminate\\Pipeline\\{closure}()
#25 /home/alejandro/play-work/playgroup-admin---laravel/vendor/laravel/framework/src/Illuminate/Pipeline/Pipeline.php(171): Illuminate\\Foundation\\Http\\Middleware\\TransformsRequest->handle()
#26 /home/alejandro/play-work/playgroup-admin---laravel/vendor/laravel/framework/src/Illuminate/Foundation/Http/Middleware/TransformsRequest.php(21): Illuminate\\Pipeline\\Pipeline->Illuminate\\Pipeline\\{closure}()
#27 /home/alejandro/play-work/playgroup-admin---laravel/vendor/laravel/framework/src/Illuminate/Pipeline/Pipeline.php(171): Illuminate\\Foundation\\Http\\Middleware\\TransformsRequest->handle()
#28 /home/alejandro/play-work/playgroup-admin---laravel/vendor/laravel/framework/src/Illuminate/Foundation/Http/Middleware/ValidatePostSize.php(27): Illuminate\\Pipeline\\Pipeline->Illuminate\\Pipeline\\{closure}()
#29 /home/alejandro/play-work/playgroup-admin---laravel/vendor/laravel/framework/src/Illuminate/Pipeline/Pipeline.php(171): Illuminate\\Foundation\\Http\\Middleware\\ValidatePostSize->handle()
#30 /home/alejandro/play-work/playgroup-admin---laravel/vendor/laravel/framework/src/Illuminate/Foundation/Http/Middleware/CheckForMaintenanceMode.php(63): Illuminate\\Pipeline\\Pipeline->Illuminate\\Pipeline\\{closure}()
#31 /home/alejandro/play-work/playgroup-admin---laravel/vendor/laravel/framework/src/Illuminate/Pipeline/Pipeline.php(171): Illuminate\\Foundation\\Http\\Middleware\\CheckForMaintenanceMode->handle()
#32 /home/alejandro/play-work/playgroup-admin---laravel/vendor/fideloper/proxy/src/TrustProxies.php(57): Illuminate\\Pipeline\\Pipeline->Illuminate\\Pipeline\\{closure}()
#33 /home/alejandro/play-work/playgroup-admin---laravel/vendor/laravel/framework/src/Illuminate/Pipeline/Pipeline.php(171): Fideloper\\Proxy\\TrustProxies->handle()
#34 /home/alejandro/play-work/playgroup-admin---laravel/vendor/laravel/framework/src/Illuminate/Pipeline/Pipeline.php(105): Illuminate\\Pipeline\\Pipeline->Illuminate\\Pipeline\\{closure}()
#35 /home/alejandro/play-work/playgroup-admin---laravel/vendor/laravel/framework/src/Illuminate/Foundation/Http/Kernel.php(145): Illuminate\\Pipeline\\Pipeline->then()
#36 /home/alejandro/play-work/playgroup-admin---laravel/vendor/laravel/framework/src/Illuminate/Foundation/Http/Kernel.php(110): Illuminate\\Foundation\\Http\\Kernel->sendRequestThroughRouter()
#37 /home/alejandro/play-work/playgroup-admin---laravel/public/index.php(55): Illuminate\\Foundation\\Http\\Kernel->handle()
#38 /home/alejandro/play-work/playgroup-admin---laravel/server.php(21): require_once('/home/alejandro...')
#39 {main}

[previous exception] [object] (Doctrine\\DBAL\\Driver\\PDO\\Exception(code: 42S22): SQLSTATE[42S22]: Column not found: 1054 Unknown column 'position' in 'field list' at /home/alejandro/play-work/playgroup-admin---laravel/vendor/doctrine/dbal/lib/Doctrine/DBAL/Driver/PDO/Exception.php:18)
[stacktrace]
#0 /home/alejandro/play-work/playgroup-admin---laravel/vendor/doctrine/dbal/lib/Doctrine/DBAL/Driver/PDOConnection.php(87): Doctrine\\DBAL\\Driver\\PDO\\Exception::new()
#1 /home/alejandro/play-work/playgroup-admin---laravel/vendor/laravel/framework/src/Illuminate/Database/Connection.php(331): Doctrine\\DBAL\\Driver\\PDOConnection->prepare()
#2 /home/alejandro/play-work/playgroup-admin---laravel/vendor/laravel/framework/src/Illuminate/Database/Connection.php(662): Illuminate\\Database\\Connection->Illuminate\\Database\\{closure}()
#3 /home/alejandro/play-work/playgroup-admin---laravel/vendor/laravel/framework/src/Illuminate/Database/Connection.php(629): Illuminate\\Database\\Connection->runQueryCallback()
#4 /home/alejandro/play-work/playgroup-admin---laravel/vendor/laravel/framework/src/Illuminate/Database/Connection.php(338): Illuminate\\Database\\Connection->run()
#5 /home/alejandro/play-work/playgroup-admin---laravel/vendor/laravel/framework/src/Illuminate/Database/Query/Builder.php(2159): Illuminate\\Database\\Connection->select()
#6 /home/alejandro/play-work/playgroup-admin---laravel/vendor/laravel/framework/src/Illuminate/Database/Query/Builder.php(2147): Illuminate\\Database\\Query\\Builder->runSelect()
#7 /home/alejandro/play-work/playgroup-admin---laravel/vendor/laravel/framework/src/Illuminate/Database/Query/Builder.php(2619): Illuminate\\Database\\Query\\Builder->Illuminate\\Database\\Query\\{closure}()
#8 /home/alejandro/play-work/playgroup-admin---laravel/vendor/laravel/framework/src/Illuminate/Database/Query/Builder.php(2148): Illuminate\\Database\\Query\\Builder->onceWithColumns()
#9 /home/alejandro/play-work/playgroup-admin---laravel/vendor/laravel/framework/src/Illuminate/Database/Eloquent/Builder.php(546): Illuminate\\Database\\Query\\Builder->get()
#10 /home/alejandro/play-work/playgroup-admin---laravel/vendor/laravel/framework/src/Illuminate/Database/Eloquent/Builder.php(530): Illuminate\\Database\\Eloquent\\Builder->getModels()
#11 /home/alejandro/play-work/playgroup-admin---laravel/app/Http/Controllers/Api/PageController.php(78): Illuminate\\Database\\Eloquent\\Builder->get()
#12 /home/alejandro/play-work/playgroup-admin---laravel/vendor/laravel/framework/src/Illuminate/Routing/Controller.php(54): App\\Http\\Controllers\\Api\\PageController->home()
#13 /home/alejandro/play-work/playgroup-admin---laravel/vendor/laravel/framework/src/Illuminate/Routing/ControllerDispatcher.php(45): Illuminate\\Routing\\Controller->callAction()
#14 /home/alejandro/play-work/playgroup-admin---laravel/vendor/laravel/framework/src/Illuminate/Routing/Route.php(219): Illuminate\\Routing\\ControllerDispatcher->dispatch()
#15 /home/alejandro/play-work/playgroup-admin---laravel/vendor/laravel/framework/src/Illuminate/Routing/Route.php(176): Illuminate\\Routing\\Route->runController()
#16 /home/alejandro/play-work/playgroup-admin---laravel/vendor/laravel/framework/src/Illuminate/Routing/Router.php(681): Illuminate\\Routing\\Route->run()
#17 /home/alejandro/play-work/playgroup-admin---laravel/vendor/laravel/framework/src/Illuminate/Pipeline/Pipeline.php(130): Illuminate\\Routing\\Router->Illuminate\\Routing\\{closure}()
#18 /home/alejandro/play-work/playgroup-admin---laravel/vendor/laravel/framework/src/Illuminate/Routing/Middleware/SubstituteBindings.php(41): Illuminate\\Pipeline\\Pipeline->Illuminate\\Pipeline\\{closure}()
#19 /home/alejandro/play-work/playgroup-admin---laravel/vendor/laravel/framework/src/Illuminate/Pipeline/Pipeline.php(171): Illuminate\\Routing\\Middleware\\SubstituteBindings->handle()
#20 /home/alejandro/play-work/playgroup-admin---laravel/vendor/laravel/framework/src/Illuminate/Pipeline/Pipeline.php(105): Illuminate\\Pipeline\\Pipeline->Illuminate\\Pipeline\\{closure}()
#21 /home/alejandro/play-work/playgroup-admin---laravel/vendor/laravel/framework/src/Illuminate/Routing/Router.php(683): Illuminate\\Pipeline\\Pipeline->then()
#22 /home/alejandro/play-work/playgroup-admin---laravel/vendor/laravel/framework/src/Illuminate/Routing/Router.php(658): Illuminate\\Routing\\Router->runRouteWithinStack()
#23 /home/alejandro/play-work/playgroup-admin---laravel/vendor/laravel/framework/src/Illuminate/Routing/Router.php(624): Illuminate\\Routing\\Router->runRoute()
#24 /home/alejandro/play-work/playgroup-admin---laravel/vendor/laravel/framework/src/Illuminate/Routing/Router.php(613): Illuminate\\Routing\\Router->dispatchToRoute()
#25 /home/alejandro/play-work/playgroup-admin---laravel/vendor/laravel/framework/src/Illuminate/Foundation/Http/Kernel.php(170): Illuminate\\Routing\\Router->dispatch()
#26 /home/alejandro/play-work/playgroup-admin---laravel/vendor/laravel/framework/src/Illuminate/Pipeline/Pipeline.php(130): Illuminate\\Foundation\\Http\\Kernel->Illuminate\\Foundation\\Http\\{closure}()
#27 /home/alejandro/play-work/playgroup-admin---laravel/vendor/laravel/framework/src/Illuminate/Foundation/Http/Middleware/TransformsRequest.php(21): Illuminate\\Pipeline\\Pipeline->Illuminate\\Pipeline\\{closure}()
#28 /home/alejandro/play-work/playgroup-admin---laravel/vendor/laravel/framework/src/Illuminate/Pipeline/Pipeline.php(171): Illuminate\\Foundation\\Http\\Middleware\\TransformsRequest->handle()
#29 /home/alejandro/play-work/playgroup-admin---laravel/vendor/laravel/framework/src/Illuminate/Foundation/Http/Middleware/TransformsRequest.php(21): Illuminate\\Pipeline\\Pipeline->Illuminate\\Pipeline\\{closure}()
#30 /home/alejandro/play-work/playgroup-admin---laravel/vendor/laravel/framework/src/Illuminate/Pipeline/Pipeline.php(171): Illuminate\\Foundation\\Http\\Middleware\\TransformsRequest->handle()
#31 /home/alejandro/play-work/playgroup-admin---laravel/vendor/laravel/framework/src/Illuminate/Foundation/Http/Middleware/ValidatePostSize.php(27): Illuminate\\Pipeline\\Pipeline->Illuminate\\Pipeline\\{closure}()
#32 /home/alejandro/play-work/playgroup-admin---laravel/vendor/laravel/framework/src/Illuminate/Pipeline/Pipeline.php(171): Illuminate\\Foundation\\Http\\Middleware\\ValidatePostSize->handle()
#33 /home/alejandro/play-work/playgroup-admin---laravel/vendor/laravel/framework/src/Illuminate/Foundation/Http/Middleware/CheckForMaintenanceMode.php(63): Illuminate\\Pipeline\\Pipeline->Illuminate\\Pipeline\\{closure}()
#34 /home/alejandro/play-work/playgroup-admin---laravel/vendor/laravel/framework/src/Illuminate/Pipeline/Pipeline.php(171): Illuminate\\Foundation\\Http\\Middleware\\CheckForMaintenanceMode->handle()
#35 /home/alejandro/play-work/playgroup-admin---laravel/vendor/fideloper/proxy/src/TrustProxies.php(57): Illuminate\\Pipeline\\Pipeline->Illuminate\\Pipeline\\{closure}()
#36 /home/alejandro/play-work/playgroup-admin---laravel/vendor/laravel/framework/src/Illuminate/Pipeline/Pipeline.php(171): Fideloper\\Proxy\\TrustProxies->handle()
#37 /home/alejandro/play-work/playgroup-admin---laravel/vendor/laravel/framework/src/Illuminate/Pipeline/Pipeline.php(105): Illuminate\\Pipeline\\Pipeline->Illuminate\\Pipeline\\{closure}()
#38 /home/alejandro/play-work/playgroup-admin---laravel/vendor/laravel/framework/src/Illuminate/Foundation/Http/Kernel.php(145): Illuminate\\Pipeline\\Pipeline->then()
#39 /home/alejandro/play-work/playgroup-admin---laravel/vendor/laravel/framework/src/Illuminate/Foundation/Http/Kernel.php(110): Illuminate\\Foundation\\Http\\Kernel->sendRequestThroughRouter()
#40 /home/alejandro/play-work/playgroup-admin---laravel/public/index.php(55): Illuminate\\Foundation\\Http\\Kernel->handle()
#41 /home/alejandro/play-work/playgroup-admin---laravel/server.php(21): require_once('/home/alejandro...')
#42 {main}

[previous exception] [object] (PDOException(code: 42S22): SQLSTATE[42S22]: Column not found: 1054 Unknown column 'position' in 'field list' at /home/alejandro/play-work/playgroup-admin---laravel/vendor/doctrine/dbal/lib/Doctrine/DBAL/Driver/PDOConnection.php:82)
[stacktrace]
#0 /home/alejandro/play-work/playgroup-admin---laravel/vendor/doctrine/dbal/lib/Doctrine/DBAL/Driver/PDOConnection.php(82): PDO->prepare()
#1 /home/alejandro/play-work/playgroup-admin---laravel/vendor/laravel/framework/src/Illuminate/Database/Connection.php(331): Doctrine\\DBAL\\Driver\\PDOConnection->prepare()
#2 /home/alejandro/play-work/playgroup-admin---laravel/vendor/laravel/framework/src/Illuminate/Database/Connection.php(662): Illuminate\\Database\\Connection->Illuminate\\Database\\{closure}()
#3 /home/alejandro/play-work/playgroup-admin---laravel/vendor/laravel/framework/src/Illuminate/Database/Connection.php(629): Illuminate\\Database\\Connection->runQueryCallback()
#4 /home/alejandro/play-work/playgroup-admin---laravel/vendor/laravel/framework/src/Illuminate/Database/Connection.php(338): Illuminate\\Database\\Connection->run()
#5 /home/alejandro/play-work/playgroup-admin---laravel/vendor/laravel/framework/src/Illuminate/Database/Query/Builder.php(2159): Illuminate\\Database\\Connection->select()
#6 /home/alejandro/play-work/playgroup-admin---laravel/vendor/laravel/framework/src/Illuminate/Database/Query/Builder.php(2147): Illuminate\\Database\\Query\\Builder->runSelect()
#7 /home/alejandro/play-work/playgroup-admin---laravel/vendor/laravel/framework/src/Illuminate/Database/Query/Builder.php(2619): Illuminate\\Database\\Query\\Builder->Illuminate\\Database\\Query\\{closure}()
#8 /home/alejandro/play-work/playgroup-admin---laravel/vendor/laravel/framework/src/Illuminate/Database/Query/Builder.php(2148): Illuminate\\Database\\Query\\Builder->onceWithColumns()
#9 /home/alejandro/play-work/playgroup-admin---laravel/vendor/laravel/framework/src/Illuminate/Database/Eloquent/Builder.php(546): Illuminate\\Database\\Query\\Builder->get()
#10 /home/alejandro/play-work/playgroup-admin---laravel/vendor/laravel/framework/src/Illuminate/Database/Eloquent/Builder.php(530): Illuminate\\Database\\Eloquent\\Builder->getModels()
#11 /home/alejandro/play-work/playgroup-admin---laravel/app/Http/Controllers/Api/PageController.php(78): Illuminate\\Database\\Eloquent\\Builder->get()
#12 /home/alejandro/play-work/playgroup-admin---laravel/vendor/laravel/framework/src/Illuminate/Routing/Controller.php(54): App\\Http\\Controllers\\Api\\PageController->home()
#13 /home/alejandro/play-work/playgroup-admin---laravel/vendor/laravel/framework/src/Illuminate/Routing/ControllerDispatcher.php(45): Illuminate\\Routing\\Controller->callAction()
#14 /home/alejandro/play-work/playgroup-admin---laravel/vendor/laravel/framework/src/Illuminate/Routing/Route.php(219): Illuminate\\Routing\\ControllerDispatcher->dispatch()
#15 /home/alejandro/play-work/playgroup-admin---laravel/vendor/laravel/framework/src/Illuminate/Routing/Route.php(176): Illuminate\\Routing\\Route->runController()
#16 /home/alejandro/play-work/playgroup-admin---laravel/vendor/laravel/framework/src/Illuminate/Routing/Router.php(681): Illuminate\\Routing\\Route->run()
#17 /home/alejandro/play-work/playgroup-admin---laravel/vendor/laravel/framework/src/Illuminate/Pipeline/Pipeline.php(130): Illuminate\\Routing\\Router->Illuminate\\Routing\\{closure}()
#18 /home/alejandro/play-work/playgroup-admin---laravel/vendor/laravel/framework/src/Illuminate/Routing/Middleware/SubstituteBindings.php(41): Illuminate\\Pipeline\\Pipeline->Illuminate\\Pipeline\\{closure}()
#19 /home/alejandro/play-work/playgroup-admin---laravel/vendor/laravel/framework/src/Illuminate/Pipeline/Pipeline.php(171): Illuminate\\Routing\\Middleware\\SubstituteBindings->handle()
#20 /home/alejandro/play-work/playgroup-admin---laravel/vendor/laravel/framework/src/Illuminate/Pipeline/Pipeline.php(105): Illuminate\\Pipeline\\Pipeline->Illuminate\\Pipeline\\{closure}()
#21 /home/alejandro/play-work/playgroup-admin---laravel/vendor/laravel/framework/src/Illuminate/Routing/Router.php(683): Illuminate\\Pipeline\\Pipeline->then()
#22 /home/alejandro/play-work/playgroup-admin---laravel/vendor/laravel/framework/src/Illuminate/Routing/Router.php(658): Illuminate\\Routing\\Router->runRouteWithinStack()
#23 /home/alejandro/play-work/playgroup-admin---laravel/vendor/laravel/framework/src/Illuminate/Routing/Router.php(624): Illuminate\\Routing\\Router->runRoute()
#24 /home/alejandro/play-work/playgroup-admin---laravel/vendor/laravel/framework/src/Illuminate/Routing/Router.php(613): Illuminate\\Routing\\Router->dispatchToRoute()
#25 /home/alejandro/play-work/playgroup-admin---laravel/vendor/laravel/framework/src/Illuminate/Foundation/Http/Kernel.php(170): Illuminate\\Routing\\Router->dispatch()
#26 /home/alejandro/play-work/playgroup-admin---laravel/vendor/laravel/framework/src/Illuminate/Pipeline/Pipeline.php(130): Illuminate\\Foundation\\Http\\Kernel->Illuminate\\Foundation\\Http\\{closure}()
#27 /home/alejandro/play-work/playgroup-admin---laravel/vendor/laravel/framework/src/Illuminate/Foundation/Http/Middleware/TransformsRequest.php(21): Illuminate\\Pipeline\\Pipeline->Illuminate\\Pipeline\\{closure}()
#28 /home/alejandro/play-work/playgroup-admin---laravel/vendor/laravel/framework/src/Illuminate/Pipeline/Pipeline.php(171): Illuminate\\Foundation\\Http\\Middleware\\TransformsRequest->handle()
#29 /home/alejandro/play-work/playgroup-admin---laravel/vendor/laravel/framework/src/Illuminate/Foundation/Http/Middleware/TransformsRequest.php(21): Illuminate\\Pipeline\\Pipeline->Illuminate\\Pipeline\\{closure}()
#30 /home/alejandro/play-work/playgroup-admin---laravel/vendor/laravel/framework/src/Illuminate/Pipeline/Pipeline.php(171): Illuminate\\Foundation\\Http\\Middleware\\TransformsRequest->handle()
#31 /home/alejandro/play-work/playgroup-admin---laravel/vendor/laravel/framework/src/Illuminate/Foundation/Http/Middleware/ValidatePostSize.php(27): Illuminate\\Pipeline\\Pipeline->Illuminate\\Pipeline\\{closure}()
#32 /home/alejandro/play-work/playgroup-admin---laravel/vendor/laravel/framework/src/Illuminate/Pipeline/Pipeline.php(171): Illuminate\\Foundation\\Http\\Middleware\\ValidatePostSize->handle()
#33 /home/alejandro/play-work/playgroup-admin---laravel/vendor/laravel/framework/src/Illuminate/Foundation/Http/Middleware/CheckForMaintenanceMode.php(63): Illuminate\\Pipeline\\Pipeline->Illuminate\\Pipeline\\{closure}()
#34 /home/alejandro/play-work/playgroup-admin---laravel/vendor/laravel/framework/src/Illuminate/Pipeline/Pipeline.php(171): Illuminate\\Foundation\\Http\\Middleware\\CheckForMaintenanceMode->handle()
#35 /home/alejandro/play-work/playgroup-admin---laravel/vendor/fideloper/proxy/src/TrustProxies.php(57): Illuminate\\Pipeline\\Pipeline->Illuminate\\Pipeline\\{closure}()
#36 /home/alejandro/play-work/playgroup-admin---laravel/vendor/laravel/framework/src/Illuminate/Pipeline/Pipeline.php(171): Fideloper\\Proxy\\TrustProxies->handle()
#37 /home/alejandro/play-work/playgroup-admin---laravel/vendor/laravel/framework/src/Illuminate/Pipeline/Pipeline.php(105): Illuminate\\Pipeline\\Pipeline->Illuminate\\Pipeline\\{closure}()
#38 /home/alejandro/play-work/playgroup-admin---laravel/vendor/laravel/framework/src/Illuminate/Foundation/Http/Kernel.php(145): Illuminate\\Pipeline\\Pipeline->then()
#39 /home/alejandro/play-work/playgroup-admin---laravel/vendor/laravel/framework/src/Illuminate/Foundation/Http/Kernel.php(110): Illuminate\\Foundation\\Http\\Kernel->sendRequestThroughRouter()
#40 /home/alejandro/play-work/playgroup-admin---laravel/public/index.php(55): Illuminate\\Foundation\\Http\\Kernel->handle()
#41 /home/alejandro/play-work/playgroup-admin---laravel/server.php(21): require_once('/home/alejandro...')
#42 {main}
"} 
[2025-05-20 15:55:28] local.ERROR: SQLSTATE[42S22]: Column not found: 1054 Unknown column 'position' in 'field list' (SQL: select `name`, `image`, `position`, `category` from `awards` order by `index` asc) {"exception":"[object] (Illuminate\\Database\\QueryException(code: 42S22): SQLSTATE[42S22]: Column not found: 1054 Unknown column 'position' in 'field list' (SQL: select `name`, `image`, `position`, `category` from `awards` order by `index` asc) at /home/alejandro/play-work/playgroup-admin---laravel/vendor/laravel/framework/src/Illuminate/Database/Connection.php:669)
[stacktrace]
#0 /home/alejandro/play-work/playgroup-admin---laravel/vendor/laravel/framework/src/Illuminate/Database/Connection.php(629): Illuminate\\Database\\Connection->runQueryCallback()
#1 /home/alejandro/play-work/playgroup-admin---laravel/vendor/laravel/framework/src/Illuminate/Database/Connection.php(338): Illuminate\\Database\\Connection->run()
#2 /home/alejandro/play-work/playgroup-admin---laravel/vendor/laravel/framework/src/Illuminate/Database/Query/Builder.php(2159): Illuminate\\Database\\Connection->select()
#3 /home/alejandro/play-work/playgroup-admin---laravel/vendor/laravel/framework/src/Illuminate/Database/Query/Builder.php(2147): Illuminate\\Database\\Query\\Builder->runSelect()
#4 /home/alejandro/play-work/playgroup-admin---laravel/vendor/laravel/framework/src/Illuminate/Database/Query/Builder.php(2619): Illuminate\\Database\\Query\\Builder->Illuminate\\Database\\Query\\{closure}()
#5 /home/alejandro/play-work/playgroup-admin---laravel/vendor/laravel/framework/src/Illuminate/Database/Query/Builder.php(2148): Illuminate\\Database\\Query\\Builder->onceWithColumns()
#6 /home/alejandro/play-work/playgroup-admin---laravel/vendor/laravel/framework/src/Illuminate/Database/Eloquent/Builder.php(546): Illuminate\\Database\\Query\\Builder->get()
#7 /home/alejandro/play-work/playgroup-admin---laravel/vendor/laravel/framework/src/Illuminate/Database/Eloquent/Builder.php(530): Illuminate\\Database\\Eloquent\\Builder->getModels()
#8 /home/alejandro/play-work/playgroup-admin---laravel/app/Http/Controllers/Api/PageController.php(78): Illuminate\\Database\\Eloquent\\Builder->get()
#9 /home/alejandro/play-work/playgroup-admin---laravel/vendor/laravel/framework/src/Illuminate/Routing/Controller.php(54): App\\Http\\Controllers\\Api\\PageController->home()
#10 /home/alejandro/play-work/playgroup-admin---laravel/vendor/laravel/framework/src/Illuminate/Routing/ControllerDispatcher.php(45): Illuminate\\Routing\\Controller->callAction()
#11 /home/alejandro/play-work/playgroup-admin---laravel/vendor/laravel/framework/src/Illuminate/Routing/Route.php(219): Illuminate\\Routing\\ControllerDispatcher->dispatch()
#12 /home/alejandro/play-work/playgroup-admin---laravel/vendor/laravel/framework/src/Illuminate/Routing/Route.php(176): Illuminate\\Routing\\Route->runController()
#13 /home/alejandro/play-work/playgroup-admin---laravel/vendor/laravel/framework/src/Illuminate/Routing/Router.php(681): Illuminate\\Routing\\Route->run()
#14 /home/alejandro/play-work/playgroup-admin---laravel/vendor/laravel/framework/src/Illuminate/Pipeline/Pipeline.php(130): Illuminate\\Routing\\Router->Illuminate\\Routing\\{closure}()
#15 /home/alejandro/play-work/playgroup-admin---laravel/vendor/laravel/framework/src/Illuminate/Routing/Middleware/SubstituteBindings.php(41): Illuminate\\Pipeline\\Pipeline->Illuminate\\Pipeline\\{closure}()
#16 /home/alejandro/play-work/playgroup-admin---laravel/vendor/laravel/framework/src/Illuminate/Pipeline/Pipeline.php(171): Illuminate\\Routing\\Middleware\\SubstituteBindings->handle()
#17 /home/alejandro/play-work/playgroup-admin---laravel/vendor/laravel/framework/src/Illuminate/Pipeline/Pipeline.php(105): Illuminate\\Pipeline\\Pipeline->Illuminate\\Pipeline\\{closure}()
#18 /home/alejandro/play-work/playgroup-admin---laravel/vendor/laravel/framework/src/Illuminate/Routing/Router.php(683): Illuminate\\Pipeline\\Pipeline->then()
#19 /home/alejandro/play-work/playgroup-admin---laravel/vendor/laravel/framework/src/Illuminate/Routing/Router.php(658): Illuminate\\Routing\\Router->runRouteWithinStack()
#20 /home/alejandro/play-work/playgroup-admin---laravel/vendor/laravel/framework/src/Illuminate/Routing/Router.php(624): Illuminate\\Routing\\Router->runRoute()
#21 /home/alejandro/play-work/playgroup-admin---laravel/vendor/laravel/framework/src/Illuminate/Routing/Router.php(613): Illuminate\\Routing\\Router->dispatchToRoute()
#22 /home/alejandro/play-work/playgroup-admin---laravel/vendor/laravel/framework/src/Illuminate/Foundation/Http/Kernel.php(170): Illuminate\\Routing\\Router->dispatch()
#23 /home/alejandro/play-work/playgroup-admin---laravel/vendor/laravel/framework/src/Illuminate/Pipeline/Pipeline.php(130): Illuminate\\Foundation\\Http\\Kernel->Illuminate\\Foundation\\Http\\{closure}()
#24 /home/alejandro/play-work/playgroup-admin---laravel/vendor/laravel/framework/src/Illuminate/Foundation/Http/Middleware/TransformsRequest.php(21): Illuminate\\Pipeline\\Pipeline->Illuminate\\Pipeline\\{closure}()
#25 /home/alejandro/play-work/playgroup-admin---laravel/vendor/laravel/framework/src/Illuminate/Pipeline/Pipeline.php(171): Illuminate\\Foundation\\Http\\Middleware\\TransformsRequest->handle()
#26 /home/alejandro/play-work/playgroup-admin---laravel/vendor/laravel/framework/src/Illuminate/Foundation/Http/Middleware/TransformsRequest.php(21): Illuminate\\Pipeline\\Pipeline->Illuminate\\Pipeline\\{closure}()
#27 /home/alejandro/play-work/playgroup-admin---laravel/vendor/laravel/framework/src/Illuminate/Pipeline/Pipeline.php(171): Illuminate\\Foundation\\Http\\Middleware\\TransformsRequest->handle()
#28 /home/alejandro/play-work/playgroup-admin---laravel/vendor/laravel/framework/src/Illuminate/Foundation/Http/Middleware/ValidatePostSize.php(27): Illuminate\\Pipeline\\Pipeline->Illuminate\\Pipeline\\{closure}()
#29 /home/alejandro/play-work/playgroup-admin---laravel/vendor/laravel/framework/src/Illuminate/Pipeline/Pipeline.php(171): Illuminate\\Foundation\\Http\\Middleware\\ValidatePostSize->handle()
#30 /home/alejandro/play-work/playgroup-admin---laravel/vendor/laravel/framework/src/Illuminate/Foundation/Http/Middleware/CheckForMaintenanceMode.php(63): Illuminate\\Pipeline\\Pipeline->Illuminate\\Pipeline\\{closure}()
#31 /home/alejandro/play-work/playgroup-admin---laravel/vendor/laravel/framework/src/Illuminate/Pipeline/Pipeline.php(171): Illuminate\\Foundation\\Http\\Middleware\\CheckForMaintenanceMode->handle()
#32 /home/alejandro/play-work/playgroup-admin---laravel/vendor/fideloper/proxy/src/TrustProxies.php(57): Illuminate\\Pipeline\\Pipeline->Illuminate\\Pipeline\\{closure}()
#33 /home/alejandro/play-work/playgroup-admin---laravel/vendor/laravel/framework/src/Illuminate/Pipeline/Pipeline.php(171): Fideloper\\Proxy\\TrustProxies->handle()
#34 /home/alejandro/play-work/playgroup-admin---laravel/vendor/laravel/framework/src/Illuminate/Pipeline/Pipeline.php(105): Illuminate\\Pipeline\\Pipeline->Illuminate\\Pipeline\\{closure}()
#35 /home/alejandro/play-work/playgroup-admin---laravel/vendor/laravel/framework/src/Illuminate/Foundation/Http/Kernel.php(145): Illuminate\\Pipeline\\Pipeline->then()
#36 /home/alejandro/play-work/playgroup-admin---laravel/vendor/laravel/framework/src/Illuminate/Foundation/Http/Kernel.php(110): Illuminate\\Foundation\\Http\\Kernel->sendRequestThroughRouter()
#37 /home/alejandro/play-work/playgroup-admin---laravel/public/index.php(55): Illuminate\\Foundation\\Http\\Kernel->handle()
#38 /home/alejandro/play-work/playgroup-admin---laravel/server.php(21): require_once('/home/alejandro...')
#39 {main}

[previous exception] [object] (Doctrine\\DBAL\\Driver\\PDO\\Exception(code: 42S22): SQLSTATE[42S22]: Column not found: 1054 Unknown column 'position' in 'field list' at /home/alejandro/play-work/playgroup-admin---laravel/vendor/doctrine/dbal/lib/Doctrine/DBAL/Driver/PDO/Exception.php:18)
[stacktrace]
#0 /home/alejandro/play-work/playgroup-admin---laravel/vendor/doctrine/dbal/lib/Doctrine/DBAL/Driver/PDOConnection.php(87): Doctrine\\DBAL\\Driver\\PDO\\Exception::new()
#1 /home/alejandro/play-work/playgroup-admin---laravel/vendor/laravel/framework/src/Illuminate/Database/Connection.php(331): Doctrine\\DBAL\\Driver\\PDOConnection->prepare()
#2 /home/alejandro/play-work/playgroup-admin---laravel/vendor/laravel/framework/src/Illuminate/Database/Connection.php(662): Illuminate\\Database\\Connection->Illuminate\\Database\\{closure}()
#3 /home/alejandro/play-work/playgroup-admin---laravel/vendor/laravel/framework/src/Illuminate/Database/Connection.php(629): Illuminate\\Database\\Connection->runQueryCallback()
#4 /home/alejandro/play-work/playgroup-admin---laravel/vendor/laravel/framework/src/Illuminate/Database/Connection.php(338): Illuminate\\Database\\Connection->run()
#5 /home/alejandro/play-work/playgroup-admin---laravel/vendor/laravel/framework/src/Illuminate/Database/Query/Builder.php(2159): Illuminate\\Database\\Connection->select()
#6 /home/alejandro/play-work/playgroup-admin---laravel/vendor/laravel/framework/src/Illuminate/Database/Query/Builder.php(2147): Illuminate\\Database\\Query\\Builder->runSelect()
#7 /home/alejandro/play-work/playgroup-admin---laravel/vendor/laravel/framework/src/Illuminate/Database/Query/Builder.php(2619): Illuminate\\Database\\Query\\Builder->Illuminate\\Database\\Query\\{closure}()
#8 /home/alejandro/play-work/playgroup-admin---laravel/vendor/laravel/framework/src/Illuminate/Database/Query/Builder.php(2148): Illuminate\\Database\\Query\\Builder->onceWithColumns()
#9 /home/alejandro/play-work/playgroup-admin---laravel/vendor/laravel/framework/src/Illuminate/Database/Eloquent/Builder.php(546): Illuminate\\Database\\Query\\Builder->get()
#10 /home/alejandro/play-work/playgroup-admin---laravel/vendor/laravel/framework/src/Illuminate/Database/Eloquent/Builder.php(530): Illuminate\\Database\\Eloquent\\Builder->getModels()
#11 /home/alejandro/play-work/playgroup-admin---laravel/app/Http/Controllers/Api/PageController.php(78): Illuminate\\Database\\Eloquent\\Builder->get()
#12 /home/alejandro/play-work/playgroup-admin---laravel/vendor/laravel/framework/src/Illuminate/Routing/Controller.php(54): App\\Http\\Controllers\\Api\\PageController->home()
#13 /home/alejandro/play-work/playgroup-admin---laravel/vendor/laravel/framework/src/Illuminate/Routing/ControllerDispatcher.php(45): Illuminate\\Routing\\Controller->callAction()
#14 /home/alejandro/play-work/playgroup-admin---laravel/vendor/laravel/framework/src/Illuminate/Routing/Route.php(219): Illuminate\\Routing\\ControllerDispatcher->dispatch()
#15 /home/alejandro/play-work/playgroup-admin---laravel/vendor/laravel/framework/src/Illuminate/Routing/Route.php(176): Illuminate\\Routing\\Route->runController()
#16 /home/alejandro/play-work/playgroup-admin---laravel/vendor/laravel/framework/src/Illuminate/Routing/Router.php(681): Illuminate\\Routing\\Route->run()
#17 /home/alejandro/play-work/playgroup-admin---laravel/vendor/laravel/framework/src/Illuminate/Pipeline/Pipeline.php(130): Illuminate\\Routing\\Router->Illuminate\\Routing\\{closure}()
#18 /home/alejandro/play-work/playgroup-admin---laravel/vendor/laravel/framework/src/Illuminate/Routing/Middleware/SubstituteBindings.php(41): Illuminate\\Pipeline\\Pipeline->Illuminate\\Pipeline\\{closure}()
#19 /home/alejandro/play-work/playgroup-admin---laravel/vendor/laravel/framework/src/Illuminate/Pipeline/Pipeline.php(171): Illuminate\\Routing\\Middleware\\SubstituteBindings->handle()
#20 /home/alejandro/play-work/playgroup-admin---laravel/vendor/laravel/framework/src/Illuminate/Pipeline/Pipeline.php(105): Illuminate\\Pipeline\\Pipeline->Illuminate\\Pipeline\\{closure}()
#21 /home/alejandro/play-work/playgroup-admin---laravel/vendor/laravel/framework/src/Illuminate/Routing/Router.php(683): Illuminate\\Pipeline\\Pipeline->then()
#22 /home/alejandro/play-work/playgroup-admin---laravel/vendor/laravel/framework/src/Illuminate/Routing/Router.php(658): Illuminate\\Routing\\Router->runRouteWithinStack()
#23 /home/alejandro/play-work/playgroup-admin---laravel/vendor/laravel/framework/src/Illuminate/Routing/Router.php(624): Illuminate\\Routing\\Router->runRoute()
#24 /home/alejandro/play-work/playgroup-admin---laravel/vendor/laravel/framework/src/Illuminate/Routing/Router.php(613): Illuminate\\Routing\\Router->dispatchToRoute()
#25 /home/alejandro/play-work/playgroup-admin---laravel/vendor/laravel/framework/src/Illuminate/Foundation/Http/Kernel.php(170): Illuminate\\Routing\\Router->dispatch()
#26 /home/alejandro/play-work/playgroup-admin---laravel/vendor/laravel/framework/src/Illuminate/Pipeline/Pipeline.php(130): Illuminate\\Foundation\\Http\\Kernel->Illuminate\\Foundation\\Http\\{closure}()
#27 /home/alejandro/play-work/playgroup-admin---laravel/vendor/laravel/framework/src/Illuminate/Foundation/Http/Middleware/TransformsRequest.php(21): Illuminate\\Pipeline\\Pipeline->Illuminate\\Pipeline\\{closure}()
#28 /home/alejandro/play-work/playgroup-admin---laravel/vendor/laravel/framework/src/Illuminate/Pipeline/Pipeline.php(171): Illuminate\\Foundation\\Http\\Middleware\\TransformsRequest->handle()
#29 /home/alejandro/play-work/playgroup-admin---laravel/vendor/laravel/framework/src/Illuminate/Foundation/Http/Middleware/TransformsRequest.php(21): Illuminate\\Pipeline\\Pipeline->Illuminate\\Pipeline\\{closure}()
#30 /home/alejandro/play-work/playgroup-admin---laravel/vendor/laravel/framework/src/Illuminate/Pipeline/Pipeline.php(171): Illuminate\\Foundation\\Http\\Middleware\\TransformsRequest->handle()
#31 /home/alejandro/play-work/playgroup-admin---laravel/vendor/laravel/framework/src/Illuminate/Foundation/Http/Middleware/ValidatePostSize.php(27): Illuminate\\Pipeline\\Pipeline->Illuminate\\Pipeline\\{closure}()
#32 /home/alejandro/play-work/playgroup-admin---laravel/vendor/laravel/framework/src/Illuminate/Pipeline/Pipeline.php(171): Illuminate\\Foundation\\Http\\Middleware\\ValidatePostSize->handle()
#33 /home/alejandro/play-work/playgroup-admin---laravel/vendor/laravel/framework/src/Illuminate/Foundation/Http/Middleware/CheckForMaintenanceMode.php(63): Illuminate\\Pipeline\\Pipeline->Illuminate\\Pipeline\\{closure}()
#34 /home/alejandro/play-work/playgroup-admin---laravel/vendor/laravel/framework/src/Illuminate/Pipeline/Pipeline.php(171): Illuminate\\Foundation\\Http\\Middleware\\CheckForMaintenanceMode->handle()
#35 /home/alejandro/play-work/playgroup-admin---laravel/vendor/fideloper/proxy/src/TrustProxies.php(57): Illuminate\\Pipeline\\Pipeline->Illuminate\\Pipeline\\{closure}()
#36 /home/alejandro/play-work/playgroup-admin---laravel/vendor/laravel/framework/src/Illuminate/Pipeline/Pipeline.php(171): Fideloper\\Proxy\\TrustProxies->handle()
#37 /home/alejandro/play-work/playgroup-admin---laravel/vendor/laravel/framework/src/Illuminate/Pipeline/Pipeline.php(105): Illuminate\\Pipeline\\Pipeline->Illuminate\\Pipeline\\{closure}()
#38 /home/alejandro/play-work/playgroup-admin---laravel/vendor/laravel/framework/src/Illuminate/Foundation/Http/Kernel.php(145): Illuminate\\Pipeline\\Pipeline->then()
#39 /home/alejandro/play-work/playgroup-admin---laravel/vendor/laravel/framework/src/Illuminate/Foundation/Http/Kernel.php(110): Illuminate\\Foundation\\Http\\Kernel->sendRequestThroughRouter()
#40 /home/alejandro/play-work/playgroup-admin---laravel/public/index.php(55): Illuminate\\Foundation\\Http\\Kernel->handle()
#41 /home/alejandro/play-work/playgroup-admin---laravel/server.php(21): require_once('/home/alejandro...')
#42 {main}

[previous exception] [object] (PDOException(code: 42S22): SQLSTATE[42S22]: Column not found: 1054 Unknown column 'position' in 'field list' at /home/alejandro/play-work/playgroup-admin---laravel/vendor/doctrine/dbal/lib/Doctrine/DBAL/Driver/PDOConnection.php:82)
[stacktrace]
#0 /home/alejandro/play-work/playgroup-admin---laravel/vendor/doctrine/dbal/lib/Doctrine/DBAL/Driver/PDOConnection.php(82): PDO->prepare()
#1 /home/alejandro/play-work/playgroup-admin---laravel/vendor/laravel/framework/src/Illuminate/Database/Connection.php(331): Doctrine\\DBAL\\Driver\\PDOConnection->prepare()
#2 /home/alejandro/play-work/playgroup-admin---laravel/vendor/laravel/framework/src/Illuminate/Database/Connection.php(662): Illuminate\\Database\\Connection->Illuminate\\Database\\{closure}()
#3 /home/alejandro/play-work/playgroup-admin---laravel/vendor/laravel/framework/src/Illuminate/Database/Connection.php(629): Illuminate\\Database\\Connection->runQueryCallback()
#4 /home/alejandro/play-work/playgroup-admin---laravel/vendor/laravel/framework/src/Illuminate/Database/Connection.php(338): Illuminate\\Database\\Connection->run()
#5 /home/alejandro/play-work/playgroup-admin---laravel/vendor/laravel/framework/src/Illuminate/Database/Query/Builder.php(2159): Illuminate\\Database\\Connection->select()
#6 /home/alejandro/play-work/playgroup-admin---laravel/vendor/laravel/framework/src/Illuminate/Database/Query/Builder.php(2147): Illuminate\\Database\\Query\\Builder->runSelect()
#7 /home/alejandro/play-work/playgroup-admin---laravel/vendor/laravel/framework/src/Illuminate/Database/Query/Builder.php(2619): Illuminate\\Database\\Query\\Builder->Illuminate\\Database\\Query\\{closure}()
#8 /home/alejandro/play-work/playgroup-admin---laravel/vendor/laravel/framework/src/Illuminate/Database/Query/Builder.php(2148): Illuminate\\Database\\Query\\Builder->onceWithColumns()
#9 /home/alejandro/play-work/playgroup-admin---laravel/vendor/laravel/framework/src/Illuminate/Database/Eloquent/Builder.php(546): Illuminate\\Database\\Query\\Builder->get()
#10 /home/alejandro/play-work/playgroup-admin---laravel/vendor/laravel/framework/src/Illuminate/Database/Eloquent/Builder.php(530): Illuminate\\Database\\Eloquent\\Builder->getModels()
#11 /home/alejandro/play-work/playgroup-admin---laravel/app/Http/Controllers/Api/PageController.php(78): Illuminate\\Database\\Eloquent\\Builder->get()
#12 /home/alejandro/play-work/playgroup-admin---laravel/vendor/laravel/framework/src/Illuminate/Routing/Controller.php(54): App\\Http\\Controllers\\Api\\PageController->home()
#13 /home/alejandro/play-work/playgroup-admin---laravel/vendor/laravel/framework/src/Illuminate/Routing/ControllerDispatcher.php(45): Illuminate\\Routing\\Controller->callAction()
#14 /home/alejandro/play-work/playgroup-admin---laravel/vendor/laravel/framework/src/Illuminate/Routing/Route.php(219): Illuminate\\Routing\\ControllerDispatcher->dispatch()
#15 /home/alejandro/play-work/playgroup-admin---laravel/vendor/laravel/framework/src/Illuminate/Routing/Route.php(176): Illuminate\\Routing\\Route->runController()
#16 /home/alejandro/play-work/playgroup-admin---laravel/vendor/laravel/framework/src/Illuminate/Routing/Router.php(681): Illuminate\\Routing\\Route->run()
#17 /home/alejandro/play-work/playgroup-admin---laravel/vendor/laravel/framework/src/Illuminate/Pipeline/Pipeline.php(130): Illuminate\\Routing\\Router->Illuminate\\Routing\\{closure}()
#18 /home/alejandro/play-work/playgroup-admin---laravel/vendor/laravel/framework/src/Illuminate/Routing/Middleware/SubstituteBindings.php(41): Illuminate\\Pipeline\\Pipeline->Illuminate\\Pipeline\\{closure}()
#19 /home/alejandro/play-work/playgroup-admin---laravel/vendor/laravel/framework/src/Illuminate/Pipeline/Pipeline.php(171): Illuminate\\Routing\\Middleware\\SubstituteBindings->handle()
#20 /home/alejandro/play-work/playgroup-admin---laravel/vendor/laravel/framework/src/Illuminate/Pipeline/Pipeline.php(105): Illuminate\\Pipeline\\Pipeline->Illuminate\\Pipeline\\{closure}()
#21 /home/alejandro/play-work/playgroup-admin---laravel/vendor/laravel/framework/src/Illuminate/Routing/Router.php(683): Illuminate\\Pipeline\\Pipeline->then()
#22 /home/alejandro/play-work/playgroup-admin---laravel/vendor/laravel/framework/src/Illuminate/Routing/Router.php(658): Illuminate\\Routing\\Router->runRouteWithinStack()
#23 /home/alejandro/play-work/playgroup-admin---laravel/vendor/laravel/framework/src/Illuminate/Routing/Router.php(624): Illuminate\\Routing\\Router->runRoute()
#24 /home/alejandro/play-work/playgroup-admin---laravel/vendor/laravel/framework/src/Illuminate/Routing/Router.php(613): Illuminate\\Routing\\Router->dispatchToRoute()
#25 /home/alejandro/play-work/playgroup-admin---laravel/vendor/laravel/framework/src/Illuminate/Foundation/Http/Kernel.php(170): Illuminate\\Routing\\Router->dispatch()
#26 /home/alejandro/play-work/playgroup-admin---laravel/vendor/laravel/framework/src/Illuminate/Pipeline/Pipeline.php(130): Illuminate\\Foundation\\Http\\Kernel->Illuminate\\Foundation\\Http\\{closure}()
#27 /home/alejandro/play-work/playgroup-admin---laravel/vendor/laravel/framework/src/Illuminate/Foundation/Http/Middleware/TransformsRequest.php(21): Illuminate\\Pipeline\\Pipeline->Illuminate\\Pipeline\\{closure}()
#28 /home/alejandro/play-work/playgroup-admin---laravel/vendor/laravel/framework/src/Illuminate/Pipeline/Pipeline.php(171): Illuminate\\Foundation\\Http\\Middleware\\TransformsRequest->handle()
#29 /home/alejandro/play-work/playgroup-admin---laravel/vendor/laravel/framework/src/Illuminate/Foundation/Http/Middleware/TransformsRequest.php(21): Illuminate\\Pipeline\\Pipeline->Illuminate\\Pipeline\\{closure}()
#30 /home/alejandro/play-work/playgroup-admin---laravel/vendor/laravel/framework/src/Illuminate/Pipeline/Pipeline.php(171): Illuminate\\Foundation\\Http\\Middleware\\TransformsRequest->handle()
#31 /home/alejandro/play-work/playgroup-admin---laravel/vendor/laravel/framework/src/Illuminate/Foundation/Http/Middleware/ValidatePostSize.php(27): Illuminate\\Pipeline\\Pipeline->Illuminate\\Pipeline\\{closure}()
#32 /home/alejandro/play-work/playgroup-admin---laravel/vendor/laravel/framework/src/Illuminate/Pipeline/Pipeline.php(171): Illuminate\\Foundation\\Http\\Middleware\\ValidatePostSize->handle()
#33 /home/alejandro/play-work/playgroup-admin---laravel/vendor/laravel/framework/src/Illuminate/Foundation/Http/Middleware/CheckForMaintenanceMode.php(63): Illuminate\\Pipeline\\Pipeline->Illuminate\\Pipeline\\{closure}()
#34 /home/alejandro/play-work/playgroup-admin---laravel/vendor/laravel/framework/src/Illuminate/Pipeline/Pipeline.php(171): Illuminate\\Foundation\\Http\\Middleware\\CheckForMaintenanceMode->handle()
#35 /home/alejandro/play-work/playgroup-admin---laravel/vendor/fideloper/proxy/src/TrustProxies.php(57): Illuminate\\Pipeline\\Pipeline->Illuminate\\Pipeline\\{closure}()
#36 /home/alejandro/play-work/playgroup-admin---laravel/vendor/laravel/framework/src/Illuminate/Pipeline/Pipeline.php(171): Fideloper\\Proxy\\TrustProxies->handle()
#37 /home/alejandro/play-work/playgroup-admin---laravel/vendor/laravel/framework/src/Illuminate/Pipeline/Pipeline.php(105): Illuminate\\Pipeline\\Pipeline->Illuminate\\Pipeline\\{closure}()
#38 /home/alejandro/play-work/playgroup-admin---laravel/vendor/laravel/framework/src/Illuminate/Foundation/Http/Kernel.php(145): Illuminate\\Pipeline\\Pipeline->then()
#39 /home/alejandro/play-work/playgroup-admin---laravel/vendor/laravel/framework/src/Illuminate/Foundation/Http/Kernel.php(110): Illuminate\\Foundation\\Http\\Kernel->sendRequestThroughRouter()
#40 /home/alejandro/play-work/playgroup-admin---laravel/public/index.php(55): Illuminate\\Foundation\\Http\\Kernel->handle()
#41 /home/alejandro/play-work/playgroup-admin---laravel/server.php(21): require_once('/home/alejandro...')
#42 {main}
"} 
[2025-05-20 15:55:28] local.ERROR: SQLSTATE[42S22]: Column not found: 1054 Unknown column 'position' in 'field list' (SQL: select `name`, `image`, `position`, `category` from `awards` order by `index` asc) {"exception":"[object] (Illuminate\\Database\\QueryException(code: 42S22): SQLSTATE[42S22]: Column not found: 1054 Unknown column 'position' in 'field list' (SQL: select `name`, `image`, `position`, `category` from `awards` order by `index` asc) at /home/alejandro/play-work/playgroup-admin---laravel/vendor/laravel/framework/src/Illuminate/Database/Connection.php:669)
[stacktrace]
#0 /home/alejandro/play-work/playgroup-admin---laravel/vendor/laravel/framework/src/Illuminate/Database/Connection.php(629): Illuminate\\Database\\Connection->runQueryCallback()
#1 /home/alejandro/play-work/playgroup-admin---laravel/vendor/laravel/framework/src/Illuminate/Database/Connection.php(338): Illuminate\\Database\\Connection->run()
#2 /home/alejandro/play-work/playgroup-admin---laravel/vendor/laravel/framework/src/Illuminate/Database/Query/Builder.php(2159): Illuminate\\Database\\Connection->select()
#3 /home/alejandro/play-work/playgroup-admin---laravel/vendor/laravel/framework/src/Illuminate/Database/Query/Builder.php(2147): Illuminate\\Database\\Query\\Builder->runSelect()
#4 /home/alejandro/play-work/playgroup-admin---laravel/vendor/laravel/framework/src/Illuminate/Database/Query/Builder.php(2619): Illuminate\\Database\\Query\\Builder->Illuminate\\Database\\Query\\{closure}()
#5 /home/alejandro/play-work/playgroup-admin---laravel/vendor/laravel/framework/src/Illuminate/Database/Query/Builder.php(2148): Illuminate\\Database\\Query\\Builder->onceWithColumns()
#6 /home/alejandro/play-work/playgroup-admin---laravel/vendor/laravel/framework/src/Illuminate/Database/Eloquent/Builder.php(546): Illuminate\\Database\\Query\\Builder->get()
#7 /home/alejandro/play-work/playgroup-admin---laravel/vendor/laravel/framework/src/Illuminate/Database/Eloquent/Builder.php(530): Illuminate\\Database\\Eloquent\\Builder->getModels()
#8 /home/alejandro/play-work/playgroup-admin---laravel/app/Http/Controllers/Api/PageController.php(78): Illuminate\\Database\\Eloquent\\Builder->get()
#9 /home/alejandro/play-work/playgroup-admin---laravel/vendor/laravel/framework/src/Illuminate/Routing/Controller.php(54): App\\Http\\Controllers\\Api\\PageController->home()
#10 /home/alejandro/play-work/playgroup-admin---laravel/vendor/laravel/framework/src/Illuminate/Routing/ControllerDispatcher.php(45): Illuminate\\Routing\\Controller->callAction()
#11 /home/alejandro/play-work/playgroup-admin---laravel/vendor/laravel/framework/src/Illuminate/Routing/Route.php(219): Illuminate\\Routing\\ControllerDispatcher->dispatch()
#12 /home/alejandro/play-work/playgroup-admin---laravel/vendor/laravel/framework/src/Illuminate/Routing/Route.php(176): Illuminate\\Routing\\Route->runController()
#13 /home/alejandro/play-work/playgroup-admin---laravel/vendor/laravel/framework/src/Illuminate/Routing/Router.php(681): Illuminate\\Routing\\Route->run()
#14 /home/alejandro/play-work/playgroup-admin---laravel/vendor/laravel/framework/src/Illuminate/Pipeline/Pipeline.php(130): Illuminate\\Routing\\Router->Illuminate\\Routing\\{closure}()
#15 /home/alejandro/play-work/playgroup-admin---laravel/vendor/laravel/framework/src/Illuminate/Routing/Middleware/SubstituteBindings.php(41): Illuminate\\Pipeline\\Pipeline->Illuminate\\Pipeline\\{closure}()
#16 /home/alejandro/play-work/playgroup-admin---laravel/vendor/laravel/framework/src/Illuminate/Pipeline/Pipeline.php(171): Illuminate\\Routing\\Middleware\\SubstituteBindings->handle()
#17 /home/alejandro/play-work/playgroup-admin---laravel/vendor/laravel/framework/src/Illuminate/Pipeline/Pipeline.php(105): Illuminate\\Pipeline\\Pipeline->Illuminate\\Pipeline\\{closure}()
#18 /home/alejandro/play-work/playgroup-admin---laravel/vendor/laravel/framework/src/Illuminate/Routing/Router.php(683): Illuminate\\Pipeline\\Pipeline->then()
#19 /home/alejandro/play-work/playgroup-admin---laravel/vendor/laravel/framework/src/Illuminate/Routing/Router.php(658): Illuminate\\Routing\\Router->runRouteWithinStack()
#20 /home/alejandro/play-work/playgroup-admin---laravel/vendor/laravel/framework/src/Illuminate/Routing/Router.php(624): Illuminate\\Routing\\Router->runRoute()
#21 /home/alejandro/play-work/playgroup-admin---laravel/vendor/laravel/framework/src/Illuminate/Routing/Router.php(613): Illuminate\\Routing\\Router->dispatchToRoute()
#22 /home/alejandro/play-work/playgroup-admin---laravel/vendor/laravel/framework/src/Illuminate/Foundation/Http/Kernel.php(170): Illuminate\\Routing\\Router->dispatch()
#23 /home/alejandro/play-work/playgroup-admin---laravel/vendor/laravel/framework/src/Illuminate/Pipeline/Pipeline.php(130): Illuminate\\Foundation\\Http\\Kernel->Illuminate\\Foundation\\Http\\{closure}()
#24 /home/alejandro/play-work/playgroup-admin---laravel/vendor/laravel/framework/src/Illuminate/Foundation/Http/Middleware/TransformsRequest.php(21): Illuminate\\Pipeline\\Pipeline->Illuminate\\Pipeline\\{closure}()
#25 /home/alejandro/play-work/playgroup-admin---laravel/vendor/laravel/framework/src/Illuminate/Pipeline/Pipeline.php(171): Illuminate\\Foundation\\Http\\Middleware\\TransformsRequest->handle()
#26 /home/alejandro/play-work/playgroup-admin---laravel/vendor/laravel/framework/src/Illuminate/Foundation/Http/Middleware/TransformsRequest.php(21): Illuminate\\Pipeline\\Pipeline->Illuminate\\Pipeline\\{closure}()
#27 /home/alejandro/play-work/playgroup-admin---laravel/vendor/laravel/framework/src/Illuminate/Pipeline/Pipeline.php(171): Illuminate\\Foundation\\Http\\Middleware\\TransformsRequest->handle()
#28 /home/alejandro/play-work/playgroup-admin---laravel/vendor/laravel/framework/src/Illuminate/Foundation/Http/Middleware/ValidatePostSize.php(27): Illuminate\\Pipeline\\Pipeline->Illuminate\\Pipeline\\{closure}()
#29 /home/alejandro/play-work/playgroup-admin---laravel/vendor/laravel/framework/src/Illuminate/Pipeline/Pipeline.php(171): Illuminate\\Foundation\\Http\\Middleware\\ValidatePostSize->handle()
#30 /home/alejandro/play-work/playgroup-admin---laravel/vendor/laravel/framework/src/Illuminate/Foundation/Http/Middleware/CheckForMaintenanceMode.php(63): Illuminate\\Pipeline\\Pipeline->Illuminate\\Pipeline\\{closure}()
#31 /home/alejandro/play-work/playgroup-admin---laravel/vendor/laravel/framework/src/Illuminate/Pipeline/Pipeline.php(171): Illuminate\\Foundation\\Http\\Middleware\\CheckForMaintenanceMode->handle()
#32 /home/alejandro/play-work/playgroup-admin---laravel/vendor/fideloper/proxy/src/TrustProxies.php(57): Illuminate\\Pipeline\\Pipeline->Illuminate\\Pipeline\\{closure}()
#33 /home/alejandro/play-work/playgroup-admin---laravel/vendor/laravel/framework/src/Illuminate/Pipeline/Pipeline.php(171): Fideloper\\Proxy\\TrustProxies->handle()
#34 /home/alejandro/play-work/playgroup-admin---laravel/vendor/laravel/framework/src/Illuminate/Pipeline/Pipeline.php(105): Illuminate\\Pipeline\\Pipeline->Illuminate\\Pipeline\\{closure}()
#35 /home/alejandro/play-work/playgroup-admin---laravel/vendor/laravel/framework/src/Illuminate/Foundation/Http/Kernel.php(145): Illuminate\\Pipeline\\Pipeline->then()
#36 /home/alejandro/play-work/playgroup-admin---laravel/vendor/laravel/framework/src/Illuminate/Foundation/Http/Kernel.php(110): Illuminate\\Foundation\\Http\\Kernel->sendRequestThroughRouter()
#37 /home/alejandro/play-work/playgroup-admin---laravel/public/index.php(55): Illuminate\\Foundation\\Http\\Kernel->handle()
#38 /home/alejandro/play-work/playgroup-admin---laravel/server.php(21): require_once('/home/alejandro...')
#39 {main}

[previous exception] [object] (Doctrine\\DBAL\\Driver\\PDO\\Exception(code: 42S22): SQLSTATE[42S22]: Column not found: 1054 Unknown column 'position' in 'field list' at /home/alejandro/play-work/playgroup-admin---laravel/vendor/doctrine/dbal/lib/Doctrine/DBAL/Driver/PDO/Exception.php:18)
[stacktrace]
#0 /home/alejandro/play-work/playgroup-admin---laravel/vendor/doctrine/dbal/lib/Doctrine/DBAL/Driver/PDOConnection.php(87): Doctrine\\DBAL\\Driver\\PDO\\Exception::new()
#1 /home/alejandro/play-work/playgroup-admin---laravel/vendor/laravel/framework/src/Illuminate/Database/Connection.php(331): Doctrine\\DBAL\\Driver\\PDOConnection->prepare()
#2 /home/alejandro/play-work/playgroup-admin---laravel/vendor/laravel/framework/src/Illuminate/Database/Connection.php(662): Illuminate\\Database\\Connection->Illuminate\\Database\\{closure}()
#3 /home/alejandro/play-work/playgroup-admin---laravel/vendor/laravel/framework/src/Illuminate/Database/Connection.php(629): Illuminate\\Database\\Connection->runQueryCallback()
#4 /home/alejandro/play-work/playgroup-admin---laravel/vendor/laravel/framework/src/Illuminate/Database/Connection.php(338): Illuminate\\Database\\Connection->run()
#5 /home/alejandro/play-work/playgroup-admin---laravel/vendor/laravel/framework/src/Illuminate/Database/Query/Builder.php(2159): Illuminate\\Database\\Connection->select()
#6 /home/alejandro/play-work/playgroup-admin---laravel/vendor/laravel/framework/src/Illuminate/Database/Query/Builder.php(2147): Illuminate\\Database\\Query\\Builder->runSelect()
#7 /home/alejandro/play-work/playgroup-admin---laravel/vendor/laravel/framework/src/Illuminate/Database/Query/Builder.php(2619): Illuminate\\Database\\Query\\Builder->Illuminate\\Database\\Query\\{closure}()
#8 /home/alejandro/play-work/playgroup-admin---laravel/vendor/laravel/framework/src/Illuminate/Database/Query/Builder.php(2148): Illuminate\\Database\\Query\\Builder->onceWithColumns()
#9 /home/alejandro/play-work/playgroup-admin---laravel/vendor/laravel/framework/src/Illuminate/Database/Eloquent/Builder.php(546): Illuminate\\Database\\Query\\Builder->get()
#10 /home/alejandro/play-work/playgroup-admin---laravel/vendor/laravel/framework/src/Illuminate/Database/Eloquent/Builder.php(530): Illuminate\\Database\\Eloquent\\Builder->getModels()
#11 /home/alejandro/play-work/playgroup-admin---laravel/app/Http/Controllers/Api/PageController.php(78): Illuminate\\Database\\Eloquent\\Builder->get()
#12 /home/alejandro/play-work/playgroup-admin---laravel/vendor/laravel/framework/src/Illuminate/Routing/Controller.php(54): App\\Http\\Controllers\\Api\\PageController->home()
#13 /home/alejandro/play-work/playgroup-admin---laravel/vendor/laravel/framework/src/Illuminate/Routing/ControllerDispatcher.php(45): Illuminate\\Routing\\Controller->callAction()
#14 /home/alejandro/play-work/playgroup-admin---laravel/vendor/laravel/framework/src/Illuminate/Routing/Route.php(219): Illuminate\\Routing\\ControllerDispatcher->dispatch()
#15 /home/alejandro/play-work/playgroup-admin---laravel/vendor/laravel/framework/src/Illuminate/Routing/Route.php(176): Illuminate\\Routing\\Route->runController()
#16 /home/alejandro/play-work/playgroup-admin---laravel/vendor/laravel/framework/src/Illuminate/Routing/Router.php(681): Illuminate\\Routing\\Route->run()
#17 /home/alejandro/play-work/playgroup-admin---laravel/vendor/laravel/framework/src/Illuminate/Pipeline/Pipeline.php(130): Illuminate\\Routing\\Router->Illuminate\\Routing\\{closure}()
#18 /home/alejandro/play-work/playgroup-admin---laravel/vendor/laravel/framework/src/Illuminate/Routing/Middleware/SubstituteBindings.php(41): Illuminate\\Pipeline\\Pipeline->Illuminate\\Pipeline\\{closure}()
#19 /home/alejandro/play-work/playgroup-admin---laravel/vendor/laravel/framework/src/Illuminate/Pipeline/Pipeline.php(171): Illuminate\\Routing\\Middleware\\SubstituteBindings->handle()
#20 /home/alejandro/play-work/playgroup-admin---laravel/vendor/laravel/framework/src/Illuminate/Pipeline/Pipeline.php(105): Illuminate\\Pipeline\\Pipeline->Illuminate\\Pipeline\\{closure}()
#21 /home/alejandro/play-work/playgroup-admin---laravel/vendor/laravel/framework/src/Illuminate/Routing/Router.php(683): Illuminate\\Pipeline\\Pipeline->then()
#22 /home/alejandro/play-work/playgroup-admin---laravel/vendor/laravel/framework/src/Illuminate/Routing/Router.php(658): Illuminate\\Routing\\Router->runRouteWithinStack()
#23 /home/alejandro/play-work/playgroup-admin---laravel/vendor/laravel/framework/src/Illuminate/Routing/Router.php(624): Illuminate\\Routing\\Router->runRoute()
#24 /home/alejandro/play-work/playgroup-admin---laravel/vendor/laravel/framework/src/Illuminate/Routing/Router.php(613): Illuminate\\Routing\\Router->dispatchToRoute()
#25 /home/alejandro/play-work/playgroup-admin---laravel/vendor/laravel/framework/src/Illuminate/Foundation/Http/Kernel.php(170): Illuminate\\Routing\\Router->dispatch()
#26 /home/alejandro/play-work/playgroup-admin---laravel/vendor/laravel/framework/src/Illuminate/Pipeline/Pipeline.php(130): Illuminate\\Foundation\\Http\\Kernel->Illuminate\\Foundation\\Http\\{closure}()
#27 /home/alejandro/play-work/playgroup-admin---laravel/vendor/laravel/framework/src/Illuminate/Foundation/Http/Middleware/TransformsRequest.php(21): Illuminate\\Pipeline\\Pipeline->Illuminate\\Pipeline\\{closure}()
#28 /home/alejandro/play-work/playgroup-admin---laravel/vendor/laravel/framework/src/Illuminate/Pipeline/Pipeline.php(171): Illuminate\\Foundation\\Http\\Middleware\\TransformsRequest->handle()
#29 /home/alejandro/play-work/playgroup-admin---laravel/vendor/laravel/framework/src/Illuminate/Foundation/Http/Middleware/TransformsRequest.php(21): Illuminate\\Pipeline\\Pipeline->Illuminate\\Pipeline\\{closure}()
#30 /home/alejandro/play-work/playgroup-admin---laravel/vendor/laravel/framework/src/Illuminate/Pipeline/Pipeline.php(171): Illuminate\\Foundation\\Http\\Middleware\\TransformsRequest->handle()
#31 /home/alejandro/play-work/playgroup-admin---laravel/vendor/laravel/framework/src/Illuminate/Foundation/Http/Middleware/ValidatePostSize.php(27): Illuminate\\Pipeline\\Pipeline->Illuminate\\Pipeline\\{closure}()
#32 /home/alejandro/play-work/playgroup-admin---laravel/vendor/laravel/framework/src/Illuminate/Pipeline/Pipeline.php(171): Illuminate\\Foundation\\Http\\Middleware\\ValidatePostSize->handle()
#33 /home/alejandro/play-work/playgroup-admin---laravel/vendor/laravel/framework/src/Illuminate/Foundation/Http/Middleware/CheckForMaintenanceMode.php(63): Illuminate\\Pipeline\\Pipeline->Illuminate\\Pipeline\\{closure}()
#34 /home/alejandro/play-work/playgroup-admin---laravel/vendor/laravel/framework/src/Illuminate/Pipeline/Pipeline.php(171): Illuminate\\Foundation\\Http\\Middleware\\CheckForMaintenanceMode->handle()
#35 /home/alejandro/play-work/playgroup-admin---laravel/vendor/fideloper/proxy/src/TrustProxies.php(57): Illuminate\\Pipeline\\Pipeline->Illuminate\\Pipeline\\{closure}()
#36 /home/alejandro/play-work/playgroup-admin---laravel/vendor/laravel/framework/src/Illuminate/Pipeline/Pipeline.php(171): Fideloper\\Proxy\\TrustProxies->handle()
#37 /home/alejandro/play-work/playgroup-admin---laravel/vendor/laravel/framework/src/Illuminate/Pipeline/Pipeline.php(105): Illuminate\\Pipeline\\Pipeline->Illuminate\\Pipeline\\{closure}()
#38 /home/alejandro/play-work/playgroup-admin---laravel/vendor/laravel/framework/src/Illuminate/Foundation/Http/Kernel.php(145): Illuminate\\Pipeline\\Pipeline->then()
#39 /home/alejandro/play-work/playgroup-admin---laravel/vendor/laravel/framework/src/Illuminate/Foundation/Http/Kernel.php(110): Illuminate\\Foundation\\Http\\Kernel->sendRequestThroughRouter()
#40 /home/alejandro/play-work/playgroup-admin---laravel/public/index.php(55): Illuminate\\Foundation\\Http\\Kernel->handle()
#41 /home/alejandro/play-work/playgroup-admin---laravel/server.php(21): require_once('/home/alejandro...')
#42 {main}

[previous exception] [object] (PDOException(code: 42S22): SQLSTATE[42S22]: Column not found: 1054 Unknown column 'position' in 'field list' at /home/alejandro/play-work/playgroup-admin---laravel/vendor/doctrine/dbal/lib/Doctrine/DBAL/Driver/PDOConnection.php:82)
[stacktrace]
#0 /home/alejandro/play-work/playgroup-admin---laravel/vendor/doctrine/dbal/lib/Doctrine/DBAL/Driver/PDOConnection.php(82): PDO->prepare()
#1 /home/alejandro/play-work/playgroup-admin---laravel/vendor/laravel/framework/src/Illuminate/Database/Connection.php(331): Doctrine\\DBAL\\Driver\\PDOConnection->prepare()
#2 /home/alejandro/play-work/playgroup-admin---laravel/vendor/laravel/framework/src/Illuminate/Database/Connection.php(662): Illuminate\\Database\\Connection->Illuminate\\Database\\{closure}()
#3 /home/alejandro/play-work/playgroup-admin---laravel/vendor/laravel/framework/src/Illuminate/Database/Connection.php(629): Illuminate\\Database\\Connection->runQueryCallback()
#4 /home/alejandro/play-work/playgroup-admin---laravel/vendor/laravel/framework/src/Illuminate/Database/Connection.php(338): Illuminate\\Database\\Connection->run()
#5 /home/alejandro/play-work/playgroup-admin---laravel/vendor/laravel/framework/src/Illuminate/Database/Query/Builder.php(2159): Illuminate\\Database\\Connection->select()
#6 /home/alejandro/play-work/playgroup-admin---laravel/vendor/laravel/framework/src/Illuminate/Database/Query/Builder.php(2147): Illuminate\\Database\\Query\\Builder->runSelect()
#7 /home/alejandro/play-work/playgroup-admin---laravel/vendor/laravel/framework/src/Illuminate/Database/Query/Builder.php(2619): Illuminate\\Database\\Query\\Builder->Illuminate\\Database\\Query\\{closure}()
#8 /home/alejandro/play-work/playgroup-admin---laravel/vendor/laravel/framework/src/Illuminate/Database/Query/Builder.php(2148): Illuminate\\Database\\Query\\Builder->onceWithColumns()
#9 /home/alejandro/play-work/playgroup-admin---laravel/vendor/laravel/framework/src/Illuminate/Database/Eloquent/Builder.php(546): Illuminate\\Database\\Query\\Builder->get()
#10 /home/alejandro/play-work/playgroup-admin---laravel/vendor/laravel/framework/src/Illuminate/Database/Eloquent/Builder.php(530): Illuminate\\Database\\Eloquent\\Builder->getModels()
#11 /home/alejandro/play-work/playgroup-admin---laravel/app/Http/Controllers/Api/PageController.php(78): Illuminate\\Database\\Eloquent\\Builder->get()
#12 /home/alejandro/play-work/playgroup-admin---laravel/vendor/laravel/framework/src/Illuminate/Routing/Controller.php(54): App\\Http\\Controllers\\Api\\PageController->home()
#13 /home/alejandro/play-work/playgroup-admin---laravel/vendor/laravel/framework/src/Illuminate/Routing/ControllerDispatcher.php(45): Illuminate\\Routing\\Controller->callAction()
#14 /home/alejandro/play-work/playgroup-admin---laravel/vendor/laravel/framework/src/Illuminate/Routing/Route.php(219): Illuminate\\Routing\\ControllerDispatcher->dispatch()
#15 /home/alejandro/play-work/playgroup-admin---laravel/vendor/laravel/framework/src/Illuminate/Routing/Route.php(176): Illuminate\\Routing\\Route->runController()
#16 /home/alejandro/play-work/playgroup-admin---laravel/vendor/laravel/framework/src/Illuminate/Routing/Router.php(681): Illuminate\\Routing\\Route->run()
#17 /home/alejandro/play-work/playgroup-admin---laravel/vendor/laravel/framework/src/Illuminate/Pipeline/Pipeline.php(130): Illuminate\\Routing\\Router->Illuminate\\Routing\\{closure}()
#18 /home/alejandro/play-work/playgroup-admin---laravel/vendor/laravel/framework/src/Illuminate/Routing/Middleware/SubstituteBindings.php(41): Illuminate\\Pipeline\\Pipeline->Illuminate\\Pipeline\\{closure}()
#19 /home/alejandro/play-work/playgroup-admin---laravel/vendor/laravel/framework/src/Illuminate/Pipeline/Pipeline.php(171): Illuminate\\Routing\\Middleware\\SubstituteBindings->handle()
#20 /home/alejandro/play-work/playgroup-admin---laravel/vendor/laravel/framework/src/Illuminate/Pipeline/Pipeline.php(105): Illuminate\\Pipeline\\Pipeline->Illuminate\\Pipeline\\{closure}()
#21 /home/alejandro/play-work/playgroup-admin---laravel/vendor/laravel/framework/src/Illuminate/Routing/Router.php(683): Illuminate\\Pipeline\\Pipeline->then()
#22 /home/alejandro/play-work/playgroup-admin---laravel/vendor/laravel/framework/src/Illuminate/Routing/Router.php(658): Illuminate\\Routing\\Router->runRouteWithinStack()
#23 /home/alejandro/play-work/playgroup-admin---laravel/vendor/laravel/framework/src/Illuminate/Routing/Router.php(624): Illuminate\\Routing\\Router->runRoute()
#24 /home/alejandro/play-work/playgroup-admin---laravel/vendor/laravel/framework/src/Illuminate/Routing/Router.php(613): Illuminate\\Routing\\Router->dispatchToRoute()
#25 /home/alejandro/play-work/playgroup-admin---laravel/vendor/laravel/framework/src/Illuminate/Foundation/Http/Kernel.php(170): Illuminate\\Routing\\Router->dispatch()
#26 /home/alejandro/play-work/playgroup-admin---laravel/vendor/laravel/framework/src/Illuminate/Pipeline/Pipeline.php(130): Illuminate\\Foundation\\Http\\Kernel->Illuminate\\Foundation\\Http\\{closure}()
#27 /home/alejandro/play-work/playgroup-admin---laravel/vendor/laravel/framework/src/Illuminate/Foundation/Http/Middleware/TransformsRequest.php(21): Illuminate\\Pipeline\\Pipeline->Illuminate\\Pipeline\\{closure}()
#28 /home/alejandro/play-work/playgroup-admin---laravel/vendor/laravel/framework/src/Illuminate/Pipeline/Pipeline.php(171): Illuminate\\Foundation\\Http\\Middleware\\TransformsRequest->handle()
#29 /home/alejandro/play-work/playgroup-admin---laravel/vendor/laravel/framework/src/Illuminate/Foundation/Http/Middleware/TransformsRequest.php(21): Illuminate\\Pipeline\\Pipeline->Illuminate\\Pipeline\\{closure}()
#30 /home/alejandro/play-work/playgroup-admin---laravel/vendor/laravel/framework/src/Illuminate/Pipeline/Pipeline.php(171): Illuminate\\Foundation\\Http\\Middleware\\TransformsRequest->handle()
#31 /home/alejandro/play-work/playgroup-admin---laravel/vendor/laravel/framework/src/Illuminate/Foundation/Http/Middleware/ValidatePostSize.php(27): Illuminate\\Pipeline\\Pipeline->Illuminate\\Pipeline\\{closure}()
#32 /home/alejandro/play-work/playgroup-admin---laravel/vendor/laravel/framework/src/Illuminate/Pipeline/Pipeline.php(171): Illuminate\\Foundation\\Http\\Middleware\\ValidatePostSize->handle()
#33 /home/alejandro/play-work/playgroup-admin---laravel/vendor/laravel/framework/src/Illuminate/Foundation/Http/Middleware/CheckForMaintenanceMode.php(63): Illuminate\\Pipeline\\Pipeline->Illuminate\\Pipeline\\{closure}()
#34 /home/alejandro/play-work/playgroup-admin---laravel/vendor/laravel/framework/src/Illuminate/Pipeline/Pipeline.php(171): Illuminate\\Foundation\\Http\\Middleware\\CheckForMaintenanceMode->handle()
#35 /home/alejandro/play-work/playgroup-admin---laravel/vendor/fideloper/proxy/src/TrustProxies.php(57): Illuminate\\Pipeline\\Pipeline->Illuminate\\Pipeline\\{closure}()
#36 /home/alejandro/play-work/playgroup-admin---laravel/vendor/laravel/framework/src/Illuminate/Pipeline/Pipeline.php(171): Fideloper\\Proxy\\TrustProxies->handle()
#37 /home/alejandro/play-work/playgroup-admin---laravel/vendor/laravel/framework/src/Illuminate/Pipeline/Pipeline.php(105): Illuminate\\Pipeline\\Pipeline->Illuminate\\Pipeline\\{closure}()
#38 /home/alejandro/play-work/playgroup-admin---laravel/vendor/laravel/framework/src/Illuminate/Foundation/Http/Kernel.php(145): Illuminate\\Pipeline\\Pipeline->then()
#39 /home/alejandro/play-work/playgroup-admin---laravel/vendor/laravel/framework/src/Illuminate/Foundation/Http/Kernel.php(110): Illuminate\\Foundation\\Http\\Kernel->sendRequestThroughRouter()
#40 /home/alejandro/play-work/playgroup-admin---laravel/public/index.php(55): Illuminate\\Foundation\\Http\\Kernel->handle()
#41 /home/alejandro/play-work/playgroup-admin---laravel/server.php(21): require_once('/home/alejandro...')
#42 {main}
"} 
[2025-05-20 15:56:00] local.ERROR: SQLSTATE[42S22]: Column not found: 1054 Unknown column 'position' in 'field list' (SQL: select `name`, `image`, `position`, `category` from `awards` order by `index` asc) {"exception":"[object] (Illuminate\\Database\\QueryException(code: 42S22): SQLSTATE[42S22]: Column not found: 1054 Unknown column 'position' in 'field list' (SQL: select `name`, `image`, `position`, `category` from `awards` order by `index` asc) at /home/alejandro/play-work/playgroup-admin---laravel/vendor/laravel/framework/src/Illuminate/Database/Connection.php:669)
[stacktrace]
#0 /home/alejandro/play-work/playgroup-admin---laravel/vendor/laravel/framework/src/Illuminate/Database/Connection.php(629): Illuminate\\Database\\Connection->runQueryCallback()
#1 /home/alejandro/play-work/playgroup-admin---laravel/vendor/laravel/framework/src/Illuminate/Database/Connection.php(338): Illuminate\\Database\\Connection->run()
#2 /home/alejandro/play-work/playgroup-admin---laravel/vendor/laravel/framework/src/Illuminate/Database/Query/Builder.php(2159): Illuminate\\Database\\Connection->select()
#3 /home/alejandro/play-work/playgroup-admin---laravel/vendor/laravel/framework/src/Illuminate/Database/Query/Builder.php(2147): Illuminate\\Database\\Query\\Builder->runSelect()
#4 /home/alejandro/play-work/playgroup-admin---laravel/vendor/laravel/framework/src/Illuminate/Database/Query/Builder.php(2619): Illuminate\\Database\\Query\\Builder->Illuminate\\Database\\Query\\{closure}()
#5 /home/alejandro/play-work/playgroup-admin---laravel/vendor/laravel/framework/src/Illuminate/Database/Query/Builder.php(2148): Illuminate\\Database\\Query\\Builder->onceWithColumns()
#6 /home/alejandro/play-work/playgroup-admin---laravel/vendor/laravel/framework/src/Illuminate/Database/Eloquent/Builder.php(546): Illuminate\\Database\\Query\\Builder->get()
#7 /home/alejandro/play-work/playgroup-admin---laravel/vendor/laravel/framework/src/Illuminate/Database/Eloquent/Builder.php(530): Illuminate\\Database\\Eloquent\\Builder->getModels()
#8 /home/alejandro/play-work/playgroup-admin---laravel/app/Http/Controllers/Api/PageController.php(78): Illuminate\\Database\\Eloquent\\Builder->get()
#9 /home/alejandro/play-work/playgroup-admin---laravel/vendor/laravel/framework/src/Illuminate/Routing/Controller.php(54): App\\Http\\Controllers\\Api\\PageController->home()
#10 /home/alejandro/play-work/playgroup-admin---laravel/vendor/laravel/framework/src/Illuminate/Routing/ControllerDispatcher.php(45): Illuminate\\Routing\\Controller->callAction()
#11 /home/alejandro/play-work/playgroup-admin---laravel/vendor/laravel/framework/src/Illuminate/Routing/Route.php(219): Illuminate\\Routing\\ControllerDispatcher->dispatch()
#12 /home/alejandro/play-work/playgroup-admin---laravel/vendor/laravel/framework/src/Illuminate/Routing/Route.php(176): Illuminate\\Routing\\Route->runController()
#13 /home/alejandro/play-work/playgroup-admin---laravel/vendor/laravel/framework/src/Illuminate/Routing/Router.php(681): Illuminate\\Routing\\Route->run()
#14 /home/alejandro/play-work/playgroup-admin---laravel/vendor/laravel/framework/src/Illuminate/Pipeline/Pipeline.php(130): Illuminate\\Routing\\Router->Illuminate\\Routing\\{closure}()
#15 /home/alejandro/play-work/playgroup-admin---laravel/vendor/laravel/framework/src/Illuminate/Routing/Middleware/SubstituteBindings.php(41): Illuminate\\Pipeline\\Pipeline->Illuminate\\Pipeline\\{closure}()
#16 /home/alejandro/play-work/playgroup-admin---laravel/vendor/laravel/framework/src/Illuminate/Pipeline/Pipeline.php(171): Illuminate\\Routing\\Middleware\\SubstituteBindings->handle()
#17 /home/alejandro/play-work/playgroup-admin---laravel/vendor/laravel/framework/src/Illuminate/Pipeline/Pipeline.php(105): Illuminate\\Pipeline\\Pipeline->Illuminate\\Pipeline\\{closure}()
#18 /home/alejandro/play-work/playgroup-admin---laravel/vendor/laravel/framework/src/Illuminate/Routing/Router.php(683): Illuminate\\Pipeline\\Pipeline->then()
#19 /home/alejandro/play-work/playgroup-admin---laravel/vendor/laravel/framework/src/Illuminate/Routing/Router.php(658): Illuminate\\Routing\\Router->runRouteWithinStack()
#20 /home/alejandro/play-work/playgroup-admin---laravel/vendor/laravel/framework/src/Illuminate/Routing/Router.php(624): Illuminate\\Routing\\Router->runRoute()
#21 /home/alejandro/play-work/playgroup-admin---laravel/vendor/laravel/framework/src/Illuminate/Routing/Router.php(613): Illuminate\\Routing\\Router->dispatchToRoute()
#22 /home/alejandro/play-work/playgroup-admin---laravel/vendor/laravel/framework/src/Illuminate/Foundation/Http/Kernel.php(170): Illuminate\\Routing\\Router->dispatch()
#23 /home/alejandro/play-work/playgroup-admin---laravel/vendor/laravel/framework/src/Illuminate/Pipeline/Pipeline.php(130): Illuminate\\Foundation\\Http\\Kernel->Illuminate\\Foundation\\Http\\{closure}()
#24 /home/alejandro/play-work/playgroup-admin---laravel/vendor/laravel/framework/src/Illuminate/Foundation/Http/Middleware/TransformsRequest.php(21): Illuminate\\Pipeline\\Pipeline->Illuminate\\Pipeline\\{closure}()
#25 /home/alejandro/play-work/playgroup-admin---laravel/vendor/laravel/framework/src/Illuminate/Pipeline/Pipeline.php(171): Illuminate\\Foundation\\Http\\Middleware\\TransformsRequest->handle()
#26 /home/alejandro/play-work/playgroup-admin---laravel/vendor/laravel/framework/src/Illuminate/Foundation/Http/Middleware/TransformsRequest.php(21): Illuminate\\Pipeline\\Pipeline->Illuminate\\Pipeline\\{closure}()
#27 /home/alejandro/play-work/playgroup-admin---laravel/vendor/laravel/framework/src/Illuminate/Pipeline/Pipeline.php(171): Illuminate\\Foundation\\Http\\Middleware\\TransformsRequest->handle()
#28 /home/alejandro/play-work/playgroup-admin---laravel/vendor/laravel/framework/src/Illuminate/Foundation/Http/Middleware/ValidatePostSize.php(27): Illuminate\\Pipeline\\Pipeline->Illuminate\\Pipeline\\{closure}()
#29 /home/alejandro/play-work/playgroup-admin---laravel/vendor/laravel/framework/src/Illuminate/Pipeline/Pipeline.php(171): Illuminate\\Foundation\\Http\\Middleware\\ValidatePostSize->handle()
#30 /home/alejandro/play-work/playgroup-admin---laravel/vendor/laravel/framework/src/Illuminate/Foundation/Http/Middleware/CheckForMaintenanceMode.php(63): Illuminate\\Pipeline\\Pipeline->Illuminate\\Pipeline\\{closure}()
#31 /home/alejandro/play-work/playgroup-admin---laravel/vendor/laravel/framework/src/Illuminate/Pipeline/Pipeline.php(171): Illuminate\\Foundation\\Http\\Middleware\\CheckForMaintenanceMode->handle()
#32 /home/alejandro/play-work/playgroup-admin---laravel/vendor/fideloper/proxy/src/TrustProxies.php(57): Illuminate\\Pipeline\\Pipeline->Illuminate\\Pipeline\\{closure}()
#33 /home/alejandro/play-work/playgroup-admin---laravel/vendor/laravel/framework/src/Illuminate/Pipeline/Pipeline.php(171): Fideloper\\Proxy\\TrustProxies->handle()
#34 /home/alejandro/play-work/playgroup-admin---laravel/vendor/laravel/framework/src/Illuminate/Pipeline/Pipeline.php(105): Illuminate\\Pipeline\\Pipeline->Illuminate\\Pipeline\\{closure}()
#35 /home/alejandro/play-work/playgroup-admin---laravel/vendor/laravel/framework/src/Illuminate/Foundation/Http/Kernel.php(145): Illuminate\\Pipeline\\Pipeline->then()
#36 /home/alejandro/play-work/playgroup-admin---laravel/vendor/laravel/framework/src/Illuminate/Foundation/Http/Kernel.php(110): Illuminate\\Foundation\\Http\\Kernel->sendRequestThroughRouter()
#37 /home/alejandro/play-work/playgroup-admin---laravel/public/index.php(55): Illuminate\\Foundation\\Http\\Kernel->handle()
#38 /home/alejandro/play-work/playgroup-admin---laravel/server.php(21): require_once('/home/alejandro...')
#39 {main}

[previous exception] [object] (Doctrine\\DBAL\\Driver\\PDO\\Exception(code: 42S22): SQLSTATE[42S22]: Column not found: 1054 Unknown column 'position' in 'field list' at /home/alejandro/play-work/playgroup-admin---laravel/vendor/doctrine/dbal/lib/Doctrine/DBAL/Driver/PDO/Exception.php:18)
[stacktrace]
#0 /home/alejandro/play-work/playgroup-admin---laravel/vendor/doctrine/dbal/lib/Doctrine/DBAL/Driver/PDOConnection.php(87): Doctrine\\DBAL\\Driver\\PDO\\Exception::new()
#1 /home/alejandro/play-work/playgroup-admin---laravel/vendor/laravel/framework/src/Illuminate/Database/Connection.php(331): Doctrine\\DBAL\\Driver\\PDOConnection->prepare()
#2 /home/alejandro/play-work/playgroup-admin---laravel/vendor/laravel/framework/src/Illuminate/Database/Connection.php(662): Illuminate\\Database\\Connection->Illuminate\\Database\\{closure}()
#3 /home/alejandro/play-work/playgroup-admin---laravel/vendor/laravel/framework/src/Illuminate/Database/Connection.php(629): Illuminate\\Database\\Connection->runQueryCallback()
#4 /home/alejandro/play-work/playgroup-admin---laravel/vendor/laravel/framework/src/Illuminate/Database/Connection.php(338): Illuminate\\Database\\Connection->run()
#5 /home/alejandro/play-work/playgroup-admin---laravel/vendor/laravel/framework/src/Illuminate/Database/Query/Builder.php(2159): Illuminate\\Database\\Connection->select()
#6 /home/alejandro/play-work/playgroup-admin---laravel/vendor/laravel/framework/src/Illuminate/Database/Query/Builder.php(2147): Illuminate\\Database\\Query\\Builder->runSelect()
#7 /home/alejandro/play-work/playgroup-admin---laravel/vendor/laravel/framework/src/Illuminate/Database/Query/Builder.php(2619): Illuminate\\Database\\Query\\Builder->Illuminate\\Database\\Query\\{closure}()
#8 /home/alejandro/play-work/playgroup-admin---laravel/vendor/laravel/framework/src/Illuminate/Database/Query/Builder.php(2148): Illuminate\\Database\\Query\\Builder->onceWithColumns()
#9 /home/alejandro/play-work/playgroup-admin---laravel/vendor/laravel/framework/src/Illuminate/Database/Eloquent/Builder.php(546): Illuminate\\Database\\Query\\Builder->get()
#10 /home/alejandro/play-work/playgroup-admin---laravel/vendor/laravel/framework/src/Illuminate/Database/Eloquent/Builder.php(530): Illuminate\\Database\\Eloquent\\Builder->getModels()
#11 /home/alejandro/play-work/playgroup-admin---laravel/app/Http/Controllers/Api/PageController.php(78): Illuminate\\Database\\Eloquent\\Builder->get()
#12 /home/alejandro/play-work/playgroup-admin---laravel/vendor/laravel/framework/src/Illuminate/Routing/Controller.php(54): App\\Http\\Controllers\\Api\\PageController->home()
#13 /home/alejandro/play-work/playgroup-admin---laravel/vendor/laravel/framework/src/Illuminate/Routing/ControllerDispatcher.php(45): Illuminate\\Routing\\Controller->callAction()
#14 /home/alejandro/play-work/playgroup-admin---laravel/vendor/laravel/framework/src/Illuminate/Routing/Route.php(219): Illuminate\\Routing\\ControllerDispatcher->dispatch()
#15 /home/alejandro/play-work/playgroup-admin---laravel/vendor/laravel/framework/src/Illuminate/Routing/Route.php(176): Illuminate\\Routing\\Route->runController()
#16 /home/alejandro/play-work/playgroup-admin---laravel/vendor/laravel/framework/src/Illuminate/Routing/Router.php(681): Illuminate\\Routing\\Route->run()
#17 /home/alejandro/play-work/playgroup-admin---laravel/vendor/laravel/framework/src/Illuminate/Pipeline/Pipeline.php(130): Illuminate\\Routing\\Router->Illuminate\\Routing\\{closure}()
#18 /home/alejandro/play-work/playgroup-admin---laravel/vendor/laravel/framework/src/Illuminate/Routing/Middleware/SubstituteBindings.php(41): Illuminate\\Pipeline\\Pipeline->Illuminate\\Pipeline\\{closure}()
#19 /home/alejandro/play-work/playgroup-admin---laravel/vendor/laravel/framework/src/Illuminate/Pipeline/Pipeline.php(171): Illuminate\\Routing\\Middleware\\SubstituteBindings->handle()
#20 /home/alejandro/play-work/playgroup-admin---laravel/vendor/laravel/framework/src/Illuminate/Pipeline/Pipeline.php(105): Illuminate\\Pipeline\\Pipeline->Illuminate\\Pipeline\\{closure}()
#21 /home/alejandro/play-work/playgroup-admin---laravel/vendor/laravel/framework/src/Illuminate/Routing/Router.php(683): Illuminate\\Pipeline\\Pipeline->then()
#22 /home/alejandro/play-work/playgroup-admin---laravel/vendor/laravel/framework/src/Illuminate/Routing/Router.php(658): Illuminate\\Routing\\Router->runRouteWithinStack()
#23 /home/alejandro/play-work/playgroup-admin---laravel/vendor/laravel/framework/src/Illuminate/Routing/Router.php(624): Illuminate\\Routing\\Router->runRoute()
#24 /home/alejandro/play-work/playgroup-admin---laravel/vendor/laravel/framework/src/Illuminate/Routing/Router.php(613): Illuminate\\Routing\\Router->dispatchToRoute()
#25 /home/alejandro/play-work/playgroup-admin---laravel/vendor/laravel/framework/src/Illuminate/Foundation/Http/Kernel.php(170): Illuminate\\Routing\\Router->dispatch()
#26 /home/alejandro/play-work/playgroup-admin---laravel/vendor/laravel/framework/src/Illuminate/Pipeline/Pipeline.php(130): Illuminate\\Foundation\\Http\\Kernel->Illuminate\\Foundation\\Http\\{closure}()
#27 /home/alejandro/play-work/playgroup-admin---laravel/vendor/laravel/framework/src/Illuminate/Foundation/Http/Middleware/TransformsRequest.php(21): Illuminate\\Pipeline\\Pipeline->Illuminate\\Pipeline\\{closure}()
#28 /home/alejandro/play-work/playgroup-admin---laravel/vendor/laravel/framework/src/Illuminate/Pipeline/Pipeline.php(171): Illuminate\\Foundation\\Http\\Middleware\\TransformsRequest->handle()
#29 /home/alejandro/play-work/playgroup-admin---laravel/vendor/laravel/framework/src/Illuminate/Foundation/Http/Middleware/TransformsRequest.php(21): Illuminate\\Pipeline\\Pipeline->Illuminate\\Pipeline\\{closure}()
#30 /home/alejandro/play-work/playgroup-admin---laravel/vendor/laravel/framework/src/Illuminate/Pipeline/Pipeline.php(171): Illuminate\\Foundation\\Http\\Middleware\\TransformsRequest->handle()
#31 /home/alejandro/play-work/playgroup-admin---laravel/vendor/laravel/framework/src/Illuminate/Foundation/Http/Middleware/ValidatePostSize.php(27): Illuminate\\Pipeline\\Pipeline->Illuminate\\Pipeline\\{closure}()
#32 /home/alejandro/play-work/playgroup-admin---laravel/vendor/laravel/framework/src/Illuminate/Pipeline/Pipeline.php(171): Illuminate\\Foundation\\Http\\Middleware\\ValidatePostSize->handle()
#33 /home/alejandro/play-work/playgroup-admin---laravel/vendor/laravel/framework/src/Illuminate/Foundation/Http/Middleware/CheckForMaintenanceMode.php(63): Illuminate\\Pipeline\\Pipeline->Illuminate\\Pipeline\\{closure}()
#34 /home/alejandro/play-work/playgroup-admin---laravel/vendor/laravel/framework/src/Illuminate/Pipeline/Pipeline.php(171): Illuminate\\Foundation\\Http\\Middleware\\CheckForMaintenanceMode->handle()
#35 /home/alejandro/play-work/playgroup-admin---laravel/vendor/fideloper/proxy/src/TrustProxies.php(57): Illuminate\\Pipeline\\Pipeline->Illuminate\\Pipeline\\{closure}()
#36 /home/alejandro/play-work/playgroup-admin---laravel/vendor/laravel/framework/src/Illuminate/Pipeline/Pipeline.php(171): Fideloper\\Proxy\\TrustProxies->handle()
#37 /home/alejandro/play-work/playgroup-admin---laravel/vendor/laravel/framework/src/Illuminate/Pipeline/Pipeline.php(105): Illuminate\\Pipeline\\Pipeline->Illuminate\\Pipeline\\{closure}()
#38 /home/alejandro/play-work/playgroup-admin---laravel/vendor/laravel/framework/src/Illuminate/Foundation/Http/Kernel.php(145): Illuminate\\Pipeline\\Pipeline->then()
#39 /home/alejandro/play-work/playgroup-admin---laravel/vendor/laravel/framework/src/Illuminate/Foundation/Http/Kernel.php(110): Illuminate\\Foundation\\Http\\Kernel->sendRequestThroughRouter()
#40 /home/alejandro/play-work/playgroup-admin---laravel/public/index.php(55): Illuminate\\Foundation\\Http\\Kernel->handle()
#41 /home/alejandro/play-work/playgroup-admin---laravel/server.php(21): require_once('/home/alejandro...')
#42 {main}

[previous exception] [object] (PDOException(code: 42S22): SQLSTATE[42S22]: Column not found: 1054 Unknown column 'position' in 'field list' at /home/alejandro/play-work/playgroup-admin---laravel/vendor/doctrine/dbal/lib/Doctrine/DBAL/Driver/PDOConnection.php:82)
[stacktrace]
#0 /home/alejandro/play-work/playgroup-admin---laravel/vendor/doctrine/dbal/lib/Doctrine/DBAL/Driver/PDOConnection.php(82): PDO->prepare()
#1 /home/alejandro/play-work/playgroup-admin---laravel/vendor/laravel/framework/src/Illuminate/Database/Connection.php(331): Doctrine\\DBAL\\Driver\\PDOConnection->prepare()
#2 /home/alejandro/play-work/playgroup-admin---laravel/vendor/laravel/framework/src/Illuminate/Database/Connection.php(662): Illuminate\\Database\\Connection->Illuminate\\Database\\{closure}()
#3 /home/alejandro/play-work/playgroup-admin---laravel/vendor/laravel/framework/src/Illuminate/Database/Connection.php(629): Illuminate\\Database\\Connection->runQueryCallback()
#4 /home/alejandro/play-work/playgroup-admin---laravel/vendor/laravel/framework/src/Illuminate/Database/Connection.php(338): Illuminate\\Database\\Connection->run()
#5 /home/alejandro/play-work/playgroup-admin---laravel/vendor/laravel/framework/src/Illuminate/Database/Query/Builder.php(2159): Illuminate\\Database\\Connection->select()
#6 /home/alejandro/play-work/playgroup-admin---laravel/vendor/laravel/framework/src/Illuminate/Database/Query/Builder.php(2147): Illuminate\\Database\\Query\\Builder->runSelect()
#7 /home/alejandro/play-work/playgroup-admin---laravel/vendor/laravel/framework/src/Illuminate/Database/Query/Builder.php(2619): Illuminate\\Database\\Query\\Builder->Illuminate\\Database\\Query\\{closure}()
#8 /home/alejandro/play-work/playgroup-admin---laravel/vendor/laravel/framework/src/Illuminate/Database/Query/Builder.php(2148): Illuminate\\Database\\Query\\Builder->onceWithColumns()
#9 /home/alejandro/play-work/playgroup-admin---laravel/vendor/laravel/framework/src/Illuminate/Database/Eloquent/Builder.php(546): Illuminate\\Database\\Query\\Builder->get()
#10 /home/alejandro/play-work/playgroup-admin---laravel/vendor/laravel/framework/src/Illuminate/Database/Eloquent/Builder.php(530): Illuminate\\Database\\Eloquent\\Builder->getModels()
#11 /home/alejandro/play-work/playgroup-admin---laravel/app/Http/Controllers/Api/PageController.php(78): Illuminate\\Database\\Eloquent\\Builder->get()
#12 /home/alejandro/play-work/playgroup-admin---laravel/vendor/laravel/framework/src/Illuminate/Routing/Controller.php(54): App\\Http\\Controllers\\Api\\PageController->home()
#13 /home/alejandro/play-work/playgroup-admin---laravel/vendor/laravel/framework/src/Illuminate/Routing/ControllerDispatcher.php(45): Illuminate\\Routing\\Controller->callAction()
#14 /home/alejandro/play-work/playgroup-admin---laravel/vendor/laravel/framework/src/Illuminate/Routing/Route.php(219): Illuminate\\Routing\\ControllerDispatcher->dispatch()
#15 /home/alejandro/play-work/playgroup-admin---laravel/vendor/laravel/framework/src/Illuminate/Routing/Route.php(176): Illuminate\\Routing\\Route->runController()
#16 /home/alejandro/play-work/playgroup-admin---laravel/vendor/laravel/framework/src/Illuminate/Routing/Router.php(681): Illuminate\\Routing\\Route->run()
#17 /home/alejandro/play-work/playgroup-admin---laravel/vendor/laravel/framework/src/Illuminate/Pipeline/Pipeline.php(130): Illuminate\\Routing\\Router->Illuminate\\Routing\\{closure}()
#18 /home/alejandro/play-work/playgroup-admin---laravel/vendor/laravel/framework/src/Illuminate/Routing/Middleware/SubstituteBindings.php(41): Illuminate\\Pipeline\\Pipeline->Illuminate\\Pipeline\\{closure}()
#19 /home/alejandro/play-work/playgroup-admin---laravel/vendor/laravel/framework/src/Illuminate/Pipeline/Pipeline.php(171): Illuminate\\Routing\\Middleware\\SubstituteBindings->handle()
#20 /home/alejandro/play-work/playgroup-admin---laravel/vendor/laravel/framework/src/Illuminate/Pipeline/Pipeline.php(105): Illuminate\\Pipeline\\Pipeline->Illuminate\\Pipeline\\{closure}()
#21 /home/alejandro/play-work/playgroup-admin---laravel/vendor/laravel/framework/src/Illuminate/Routing/Router.php(683): Illuminate\\Pipeline\\Pipeline->then()
#22 /home/alejandro/play-work/playgroup-admin---laravel/vendor/laravel/framework/src/Illuminate/Routing/Router.php(658): Illuminate\\Routing\\Router->runRouteWithinStack()
#23 /home/alejandro/play-work/playgroup-admin---laravel/vendor/laravel/framework/src/Illuminate/Routing/Router.php(624): Illuminate\\Routing\\Router->runRoute()
#24 /home/alejandro/play-work/playgroup-admin---laravel/vendor/laravel/framework/src/Illuminate/Routing/Router.php(613): Illuminate\\Routing\\Router->dispatchToRoute()
#25 /home/alejandro/play-work/playgroup-admin---laravel/vendor/laravel/framework/src/Illuminate/Foundation/Http/Kernel.php(170): Illuminate\\Routing\\Router->dispatch()
#26 /home/alejandro/play-work/playgroup-admin---laravel/vendor/laravel/framework/src/Illuminate/Pipeline/Pipeline.php(130): Illuminate\\Foundation\\Http\\Kernel->Illuminate\\Foundation\\Http\\{closure}()
#27 /home/alejandro/play-work/playgroup-admin---laravel/vendor/laravel/framework/src/Illuminate/Foundation/Http/Middleware/TransformsRequest.php(21): Illuminate\\Pipeline\\Pipeline->Illuminate\\Pipeline\\{closure}()
#28 /home/alejandro/play-work/playgroup-admin---laravel/vendor/laravel/framework/src/Illuminate/Pipeline/Pipeline.php(171): Illuminate\\Foundation\\Http\\Middleware\\TransformsRequest->handle()
#29 /home/alejandro/play-work/playgroup-admin---laravel/vendor/laravel/framework/src/Illuminate/Foundation/Http/Middleware/TransformsRequest.php(21): Illuminate\\Pipeline\\Pipeline->Illuminate\\Pipeline\\{closure}()
#30 /home/alejandro/play-work/playgroup-admin---laravel/vendor/laravel/framework/src/Illuminate/Pipeline/Pipeline.php(171): Illuminate\\Foundation\\Http\\Middleware\\TransformsRequest->handle()
#31 /home/alejandro/play-work/playgroup-admin---laravel/vendor/laravel/framework/src/Illuminate/Foundation/Http/Middleware/ValidatePostSize.php(27): Illuminate\\Pipeline\\Pipeline->Illuminate\\Pipeline\\{closure}()
#32 /home/alejandro/play-work/playgroup-admin---laravel/vendor/laravel/framework/src/Illuminate/Pipeline/Pipeline.php(171): Illuminate\\Foundation\\Http\\Middleware\\ValidatePostSize->handle()
#33 /home/alejandro/play-work/playgroup-admin---laravel/vendor/laravel/framework/src/Illuminate/Foundation/Http/Middleware/CheckForMaintenanceMode.php(63): Illuminate\\Pipeline\\Pipeline->Illuminate\\Pipeline\\{closure}()
#34 /home/alejandro/play-work/playgroup-admin---laravel/vendor/laravel/framework/src/Illuminate/Pipeline/Pipeline.php(171): Illuminate\\Foundation\\Http\\Middleware\\CheckForMaintenanceMode->handle()
#35 /home/alejandro/play-work/playgroup-admin---laravel/vendor/fideloper/proxy/src/TrustProxies.php(57): Illuminate\\Pipeline\\Pipeline->Illuminate\\Pipeline\\{closure}()
#36 /home/alejandro/play-work/playgroup-admin---laravel/vendor/laravel/framework/src/Illuminate/Pipeline/Pipeline.php(171): Fideloper\\Proxy\\TrustProxies->handle()
#37 /home/alejandro/play-work/playgroup-admin---laravel/vendor/laravel/framework/src/Illuminate/Pipeline/Pipeline.php(105): Illuminate\\Pipeline\\Pipeline->Illuminate\\Pipeline\\{closure}()
#38 /home/alejandro/play-work/playgroup-admin---laravel/vendor/laravel/framework/src/Illuminate/Foundation/Http/Kernel.php(145): Illuminate\\Pipeline\\Pipeline->then()
#39 /home/alejandro/play-work/playgroup-admin---laravel/vendor/laravel/framework/src/Illuminate/Foundation/Http/Kernel.php(110): Illuminate\\Foundation\\Http\\Kernel->sendRequestThroughRouter()
#40 /home/alejandro/play-work/playgroup-admin---laravel/public/index.php(55): Illuminate\\Foundation\\Http\\Kernel->handle()
#41 /home/alejandro/play-work/playgroup-admin---laravel/server.php(21): require_once('/home/alejandro...')
#42 {main}
"} 
[2025-05-20 15:56:00] local.ERROR: SQLSTATE[42S22]: Column not found: 1054 Unknown column 'position' in 'field list' (SQL: select `name`, `image`, `position`, `category` from `awards` order by `index` asc) {"exception":"[object] (Illuminate\\Database\\QueryException(code: 42S22): SQLSTATE[42S22]: Column not found: 1054 Unknown column 'position' in 'field list' (SQL: select `name`, `image`, `position`, `category` from `awards` order by `index` asc) at /home/alejandro/play-work/playgroup-admin---laravel/vendor/laravel/framework/src/Illuminate/Database/Connection.php:669)
[stacktrace]
#0 /home/alejandro/play-work/playgroup-admin---laravel/vendor/laravel/framework/src/Illuminate/Database/Connection.php(629): Illuminate\\Database\\Connection->runQueryCallback()
#1 /home/alejandro/play-work/playgroup-admin---laravel/vendor/laravel/framework/src/Illuminate/Database/Connection.php(338): Illuminate\\Database\\Connection->run()
#2 /home/alejandro/play-work/playgroup-admin---laravel/vendor/laravel/framework/src/Illuminate/Database/Query/Builder.php(2159): Illuminate\\Database\\Connection->select()
#3 /home/alejandro/play-work/playgroup-admin---laravel/vendor/laravel/framework/src/Illuminate/Database/Query/Builder.php(2147): Illuminate\\Database\\Query\\Builder->runSelect()
#4 /home/alejandro/play-work/playgroup-admin---laravel/vendor/laravel/framework/src/Illuminate/Database/Query/Builder.php(2619): Illuminate\\Database\\Query\\Builder->Illuminate\\Database\\Query\\{closure}()
#5 /home/alejandro/play-work/playgroup-admin---laravel/vendor/laravel/framework/src/Illuminate/Database/Query/Builder.php(2148): Illuminate\\Database\\Query\\Builder->onceWithColumns()
#6 /home/alejandro/play-work/playgroup-admin---laravel/vendor/laravel/framework/src/Illuminate/Database/Eloquent/Builder.php(546): Illuminate\\Database\\Query\\Builder->get()
#7 /home/alejandro/play-work/playgroup-admin---laravel/vendor/laravel/framework/src/Illuminate/Database/Eloquent/Builder.php(530): Illuminate\\Database\\Eloquent\\Builder->getModels()
#8 /home/alejandro/play-work/playgroup-admin---laravel/app/Http/Controllers/Api/PageController.php(78): Illuminate\\Database\\Eloquent\\Builder->get()
#9 /home/alejandro/play-work/playgroup-admin---laravel/vendor/laravel/framework/src/Illuminate/Routing/Controller.php(54): App\\Http\\Controllers\\Api\\PageController->home()
#10 /home/alejandro/play-work/playgroup-admin---laravel/vendor/laravel/framework/src/Illuminate/Routing/ControllerDispatcher.php(45): Illuminate\\Routing\\Controller->callAction()
#11 /home/alejandro/play-work/playgroup-admin---laravel/vendor/laravel/framework/src/Illuminate/Routing/Route.php(219): Illuminate\\Routing\\ControllerDispatcher->dispatch()
#12 /home/alejandro/play-work/playgroup-admin---laravel/vendor/laravel/framework/src/Illuminate/Routing/Route.php(176): Illuminate\\Routing\\Route->runController()
#13 /home/alejandro/play-work/playgroup-admin---laravel/vendor/laravel/framework/src/Illuminate/Routing/Router.php(681): Illuminate\\Routing\\Route->run()
#14 /home/alejandro/play-work/playgroup-admin---laravel/vendor/laravel/framework/src/Illuminate/Pipeline/Pipeline.php(130): Illuminate\\Routing\\Router->Illuminate\\Routing\\{closure}()
#15 /home/alejandro/play-work/playgroup-admin---laravel/vendor/laravel/framework/src/Illuminate/Routing/Middleware/SubstituteBindings.php(41): Illuminate\\Pipeline\\Pipeline->Illuminate\\Pipeline\\{closure}()
#16 /home/alejandro/play-work/playgroup-admin---laravel/vendor/laravel/framework/src/Illuminate/Pipeline/Pipeline.php(171): Illuminate\\Routing\\Middleware\\SubstituteBindings->handle()
#17 /home/alejandro/play-work/playgroup-admin---laravel/vendor/laravel/framework/src/Illuminate/Pipeline/Pipeline.php(105): Illuminate\\Pipeline\\Pipeline->Illuminate\\Pipeline\\{closure}()
#18 /home/alejandro/play-work/playgroup-admin---laravel/vendor/laravel/framework/src/Illuminate/Routing/Router.php(683): Illuminate\\Pipeline\\Pipeline->then()
#19 /home/alejandro/play-work/playgroup-admin---laravel/vendor/laravel/framework/src/Illuminate/Routing/Router.php(658): Illuminate\\Routing\\Router->runRouteWithinStack()
#20 /home/alejandro/play-work/playgroup-admin---laravel/vendor/laravel/framework/src/Illuminate/Routing/Router.php(624): Illuminate\\Routing\\Router->runRoute()
#21 /home/alejandro/play-work/playgroup-admin---laravel/vendor/laravel/framework/src/Illuminate/Routing/Router.php(613): Illuminate\\Routing\\Router->dispatchToRoute()
#22 /home/alejandro/play-work/playgroup-admin---laravel/vendor/laravel/framework/src/Illuminate/Foundation/Http/Kernel.php(170): Illuminate\\Routing\\Router->dispatch()
#23 /home/alejandro/play-work/playgroup-admin---laravel/vendor/laravel/framework/src/Illuminate/Pipeline/Pipeline.php(130): Illuminate\\Foundation\\Http\\Kernel->Illuminate\\Foundation\\Http\\{closure}()
#24 /home/alejandro/play-work/playgroup-admin---laravel/vendor/laravel/framework/src/Illuminate/Foundation/Http/Middleware/TransformsRequest.php(21): Illuminate\\Pipeline\\Pipeline->Illuminate\\Pipeline\\{closure}()
#25 /home/alejandro/play-work/playgroup-admin---laravel/vendor/laravel/framework/src/Illuminate/Pipeline/Pipeline.php(171): Illuminate\\Foundation\\Http\\Middleware\\TransformsRequest->handle()
#26 /home/alejandro/play-work/playgroup-admin---laravel/vendor/laravel/framework/src/Illuminate/Foundation/Http/Middleware/TransformsRequest.php(21): Illuminate\\Pipeline\\Pipeline->Illuminate\\Pipeline\\{closure}()
#27 /home/alejandro/play-work/playgroup-admin---laravel/vendor/laravel/framework/src/Illuminate/Pipeline/Pipeline.php(171): Illuminate\\Foundation\\Http\\Middleware\\TransformsRequest->handle()
#28 /home/alejandro/play-work/playgroup-admin---laravel/vendor/laravel/framework/src/Illuminate/Foundation/Http/Middleware/ValidatePostSize.php(27): Illuminate\\Pipeline\\Pipeline->Illuminate\\Pipeline\\{closure}()
#29 /home/alejandro/play-work/playgroup-admin---laravel/vendor/laravel/framework/src/Illuminate/Pipeline/Pipeline.php(171): Illuminate\\Foundation\\Http\\Middleware\\ValidatePostSize->handle()
#30 /home/alejandro/play-work/playgroup-admin---laravel/vendor/laravel/framework/src/Illuminate/Foundation/Http/Middleware/CheckForMaintenanceMode.php(63): Illuminate\\Pipeline\\Pipeline->Illuminate\\Pipeline\\{closure}()
#31 /home/alejandro/play-work/playgroup-admin---laravel/vendor/laravel/framework/src/Illuminate/Pipeline/Pipeline.php(171): Illuminate\\Foundation\\Http\\Middleware\\CheckForMaintenanceMode->handle()
#32 /home/alejandro/play-work/playgroup-admin---laravel/vendor/fideloper/proxy/src/TrustProxies.php(57): Illuminate\\Pipeline\\Pipeline->Illuminate\\Pipeline\\{closure}()
#33 /home/alejandro/play-work/playgroup-admin---laravel/vendor/laravel/framework/src/Illuminate/Pipeline/Pipeline.php(171): Fideloper\\Proxy\\TrustProxies->handle()
#34 /home/alejandro/play-work/playgroup-admin---laravel/vendor/laravel/framework/src/Illuminate/Pipeline/Pipeline.php(105): Illuminate\\Pipeline\\Pipeline->Illuminate\\Pipeline\\{closure}()
#35 /home/alejandro/play-work/playgroup-admin---laravel/vendor/laravel/framework/src/Illuminate/Foundation/Http/Kernel.php(145): Illuminate\\Pipeline\\Pipeline->then()
#36 /home/alejandro/play-work/playgroup-admin---laravel/vendor/laravel/framework/src/Illuminate/Foundation/Http/Kernel.php(110): Illuminate\\Foundation\\Http\\Kernel->sendRequestThroughRouter()
#37 /home/alejandro/play-work/playgroup-admin---laravel/public/index.php(55): Illuminate\\Foundation\\Http\\Kernel->handle()
#38 /home/alejandro/play-work/playgroup-admin---laravel/server.php(21): require_once('/home/alejandro...')
#39 {main}

[previous exception] [object] (Doctrine\\DBAL\\Driver\\PDO\\Exception(code: 42S22): SQLSTATE[42S22]: Column not found: 1054 Unknown column 'position' in 'field list' at /home/alejandro/play-work/playgroup-admin---laravel/vendor/doctrine/dbal/lib/Doctrine/DBAL/Driver/PDO/Exception.php:18)
[stacktrace]
#0 /home/alejandro/play-work/playgroup-admin---laravel/vendor/doctrine/dbal/lib/Doctrine/DBAL/Driver/PDOConnection.php(87): Doctrine\\DBAL\\Driver\\PDO\\Exception::new()
#1 /home/alejandro/play-work/playgroup-admin---laravel/vendor/laravel/framework/src/Illuminate/Database/Connection.php(331): Doctrine\\DBAL\\Driver\\PDOConnection->prepare()
#2 /home/alejandro/play-work/playgroup-admin---laravel/vendor/laravel/framework/src/Illuminate/Database/Connection.php(662): Illuminate\\Database\\Connection->Illuminate\\Database\\{closure}()
#3 /home/alejandro/play-work/playgroup-admin---laravel/vendor/laravel/framework/src/Illuminate/Database/Connection.php(629): Illuminate\\Database\\Connection->runQueryCallback()
#4 /home/alejandro/play-work/playgroup-admin---laravel/vendor/laravel/framework/src/Illuminate/Database/Connection.php(338): Illuminate\\Database\\Connection->run()
#5 /home/alejandro/play-work/playgroup-admin---laravel/vendor/laravel/framework/src/Illuminate/Database/Query/Builder.php(2159): Illuminate\\Database\\Connection->select()
#6 /home/alejandro/play-work/playgroup-admin---laravel/vendor/laravel/framework/src/Illuminate/Database/Query/Builder.php(2147): Illuminate\\Database\\Query\\Builder->runSelect()
#7 /home/alejandro/play-work/playgroup-admin---laravel/vendor/laravel/framework/src/Illuminate/Database/Query/Builder.php(2619): Illuminate\\Database\\Query\\Builder->Illuminate\\Database\\Query\\{closure}()
#8 /home/alejandro/play-work/playgroup-admin---laravel/vendor/laravel/framework/src/Illuminate/Database/Query/Builder.php(2148): Illuminate\\Database\\Query\\Builder->onceWithColumns()
#9 /home/alejandro/play-work/playgroup-admin---laravel/vendor/laravel/framework/src/Illuminate/Database/Eloquent/Builder.php(546): Illuminate\\Database\\Query\\Builder->get()
#10 /home/alejandro/play-work/playgroup-admin---laravel/vendor/laravel/framework/src/Illuminate/Database/Eloquent/Builder.php(530): Illuminate\\Database\\Eloquent\\Builder->getModels()
#11 /home/alejandro/play-work/playgroup-admin---laravel/app/Http/Controllers/Api/PageController.php(78): Illuminate\\Database\\Eloquent\\Builder->get()
#12 /home/alejandro/play-work/playgroup-admin---laravel/vendor/laravel/framework/src/Illuminate/Routing/Controller.php(54): App\\Http\\Controllers\\Api\\PageController->home()
#13 /home/alejandro/play-work/playgroup-admin---laravel/vendor/laravel/framework/src/Illuminate/Routing/ControllerDispatcher.php(45): Illuminate\\Routing\\Controller->callAction()
#14 /home/alejandro/play-work/playgroup-admin---laravel/vendor/laravel/framework/src/Illuminate/Routing/Route.php(219): Illuminate\\Routing\\ControllerDispatcher->dispatch()
#15 /home/alejandro/play-work/playgroup-admin---laravel/vendor/laravel/framework/src/Illuminate/Routing/Route.php(176): Illuminate\\Routing\\Route->runController()
#16 /home/alejandro/play-work/playgroup-admin---laravel/vendor/laravel/framework/src/Illuminate/Routing/Router.php(681): Illuminate\\Routing\\Route->run()
#17 /home/alejandro/play-work/playgroup-admin---laravel/vendor/laravel/framework/src/Illuminate/Pipeline/Pipeline.php(130): Illuminate\\Routing\\Router->Illuminate\\Routing\\{closure}()
#18 /home/alejandro/play-work/playgroup-admin---laravel/vendor/laravel/framework/src/Illuminate/Routing/Middleware/SubstituteBindings.php(41): Illuminate\\Pipeline\\Pipeline->Illuminate\\Pipeline\\{closure}()
#19 /home/alejandro/play-work/playgroup-admin---laravel/vendor/laravel/framework/src/Illuminate/Pipeline/Pipeline.php(171): Illuminate\\Routing\\Middleware\\SubstituteBindings->handle()
#20 /home/alejandro/play-work/playgroup-admin---laravel/vendor/laravel/framework/src/Illuminate/Pipeline/Pipeline.php(105): Illuminate\\Pipeline\\Pipeline->Illuminate\\Pipeline\\{closure}()
#21 /home/alejandro/play-work/playgroup-admin---laravel/vendor/laravel/framework/src/Illuminate/Routing/Router.php(683): Illuminate\\Pipeline\\Pipeline->then()
#22 /home/alejandro/play-work/playgroup-admin---laravel/vendor/laravel/framework/src/Illuminate/Routing/Router.php(658): Illuminate\\Routing\\Router->runRouteWithinStack()
#23 /home/alejandro/play-work/playgroup-admin---laravel/vendor/laravel/framework/src/Illuminate/Routing/Router.php(624): Illuminate\\Routing\\Router->runRoute()
#24 /home/alejandro/play-work/playgroup-admin---laravel/vendor/laravel/framework/src/Illuminate/Routing/Router.php(613): Illuminate\\Routing\\Router->dispatchToRoute()
#25 /home/alejandro/play-work/playgroup-admin---laravel/vendor/laravel/framework/src/Illuminate/Foundation/Http/Kernel.php(170): Illuminate\\Routing\\Router->dispatch()
#26 /home/alejandro/play-work/playgroup-admin---laravel/vendor/laravel/framework/src/Illuminate/Pipeline/Pipeline.php(130): Illuminate\\Foundation\\Http\\Kernel->Illuminate\\Foundation\\Http\\{closure}()
#27 /home/alejandro/play-work/playgroup-admin---laravel/vendor/laravel/framework/src/Illuminate/Foundation/Http/Middleware/TransformsRequest.php(21): Illuminate\\Pipeline\\Pipeline->Illuminate\\Pipeline\\{closure}()
#28 /home/alejandro/play-work/playgroup-admin---laravel/vendor/laravel/framework/src/Illuminate/Pipeline/Pipeline.php(171): Illuminate\\Foundation\\Http\\Middleware\\TransformsRequest->handle()
#29 /home/alejandro/play-work/playgroup-admin---laravel/vendor/laravel/framework/src/Illuminate/Foundation/Http/Middleware/TransformsRequest.php(21): Illuminate\\Pipeline\\Pipeline->Illuminate\\Pipeline\\{closure}()
#30 /home/alejandro/play-work/playgroup-admin---laravel/vendor/laravel/framework/src/Illuminate/Pipeline/Pipeline.php(171): Illuminate\\Foundation\\Http\\Middleware\\TransformsRequest->handle()
#31 /home/alejandro/play-work/playgroup-admin---laravel/vendor/laravel/framework/src/Illuminate/Foundation/Http/Middleware/ValidatePostSize.php(27): Illuminate\\Pipeline\\Pipeline->Illuminate\\Pipeline\\{closure}()
#32 /home/alejandro/play-work/playgroup-admin---laravel/vendor/laravel/framework/src/Illuminate/Pipeline/Pipeline.php(171): Illuminate\\Foundation\\Http\\Middleware\\ValidatePostSize->handle()
#33 /home/alejandro/play-work/playgroup-admin---laravel/vendor/laravel/framework/src/Illuminate/Foundation/Http/Middleware/CheckForMaintenanceMode.php(63): Illuminate\\Pipeline\\Pipeline->Illuminate\\Pipeline\\{closure}()
#34 /home/alejandro/play-work/playgroup-admin---laravel/vendor/laravel/framework/src/Illuminate/Pipeline/Pipeline.php(171): Illuminate\\Foundation\\Http\\Middleware\\CheckForMaintenanceMode->handle()
#35 /home/alejandro/play-work/playgroup-admin---laravel/vendor/fideloper/proxy/src/TrustProxies.php(57): Illuminate\\Pipeline\\Pipeline->Illuminate\\Pipeline\\{closure}()
#36 /home/alejandro/play-work/playgroup-admin---laravel/vendor/laravel/framework/src/Illuminate/Pipeline/Pipeline.php(171): Fideloper\\Proxy\\TrustProxies->handle()
#37 /home/alejandro/play-work/playgroup-admin---laravel/vendor/laravel/framework/src/Illuminate/Pipeline/Pipeline.php(105): Illuminate\\Pipeline\\Pipeline->Illuminate\\Pipeline\\{closure}()
#38 /home/alejandro/play-work/playgroup-admin---laravel/vendor/laravel/framework/src/Illuminate/Foundation/Http/Kernel.php(145): Illuminate\\Pipeline\\Pipeline->then()
#39 /home/alejandro/play-work/playgroup-admin---laravel/vendor/laravel/framework/src/Illuminate/Foundation/Http/Kernel.php(110): Illuminate\\Foundation\\Http\\Kernel->sendRequestThroughRouter()
#40 /home/alejandro/play-work/playgroup-admin---laravel/public/index.php(55): Illuminate\\Foundation\\Http\\Kernel->handle()
#41 /home/alejandro/play-work/playgroup-admin---laravel/server.php(21): require_once('/home/alejandro...')
#42 {main}

[previous exception] [object] (PDOException(code: 42S22): SQLSTATE[42S22]: Column not found: 1054 Unknown column 'position' in 'field list' at /home/alejandro/play-work/playgroup-admin---laravel/vendor/doctrine/dbal/lib/Doctrine/DBAL/Driver/PDOConnection.php:82)
[stacktrace]
#0 /home/alejandro/play-work/playgroup-admin---laravel/vendor/doctrine/dbal/lib/Doctrine/DBAL/Driver/PDOConnection.php(82): PDO->prepare()
#1 /home/alejandro/play-work/playgroup-admin---laravel/vendor/laravel/framework/src/Illuminate/Database/Connection.php(331): Doctrine\\DBAL\\Driver\\PDOConnection->prepare()
#2 /home/alejandro/play-work/playgroup-admin---laravel/vendor/laravel/framework/src/Illuminate/Database/Connection.php(662): Illuminate\\Database\\Connection->Illuminate\\Database\\{closure}()
#3 /home/alejandro/play-work/playgroup-admin---laravel/vendor/laravel/framework/src/Illuminate/Database/Connection.php(629): Illuminate\\Database\\Connection->runQueryCallback()
#4 /home/alejandro/play-work/playgroup-admin---laravel/vendor/laravel/framework/src/Illuminate/Database/Connection.php(338): Illuminate\\Database\\Connection->run()
#5 /home/alejandro/play-work/playgroup-admin---laravel/vendor/laravel/framework/src/Illuminate/Database/Query/Builder.php(2159): Illuminate\\Database\\Connection->select()
#6 /home/alejandro/play-work/playgroup-admin---laravel/vendor/laravel/framework/src/Illuminate/Database/Query/Builder.php(2147): Illuminate\\Database\\Query\\Builder->runSelect()
#7 /home/alejandro/play-work/playgroup-admin---laravel/vendor/laravel/framework/src/Illuminate/Database/Query/Builder.php(2619): Illuminate\\Database\\Query\\Builder->Illuminate\\Database\\Query\\{closure}()
#8 /home/alejandro/play-work/playgroup-admin---laravel/vendor/laravel/framework/src/Illuminate/Database/Query/Builder.php(2148): Illuminate\\Database\\Query\\Builder->onceWithColumns()
#9 /home/alejandro/play-work/playgroup-admin---laravel/vendor/laravel/framework/src/Illuminate/Database/Eloquent/Builder.php(546): Illuminate\\Database\\Query\\Builder->get()
#10 /home/alejandro/play-work/playgroup-admin---laravel/vendor/laravel/framework/src/Illuminate/Database/Eloquent/Builder.php(530): Illuminate\\Database\\Eloquent\\Builder->getModels()
#11 /home/alejandro/play-work/playgroup-admin---laravel/app/Http/Controllers/Api/PageController.php(78): Illuminate\\Database\\Eloquent\\Builder->get()
#12 /home/alejandro/play-work/playgroup-admin---laravel/vendor/laravel/framework/src/Illuminate/Routing/Controller.php(54): App\\Http\\Controllers\\Api\\PageController->home()
#13 /home/alejandro/play-work/playgroup-admin---laravel/vendor/laravel/framework/src/Illuminate/Routing/ControllerDispatcher.php(45): Illuminate\\Routing\\Controller->callAction()
#14 /home/alejandro/play-work/playgroup-admin---laravel/vendor/laravel/framework/src/Illuminate/Routing/Route.php(219): Illuminate\\Routing\\ControllerDispatcher->dispatch()
#15 /home/alejandro/play-work/playgroup-admin---laravel/vendor/laravel/framework/src/Illuminate/Routing/Route.php(176): Illuminate\\Routing\\Route->runController()
#16 /home/alejandro/play-work/playgroup-admin---laravel/vendor/laravel/framework/src/Illuminate/Routing/Router.php(681): Illuminate\\Routing\\Route->run()
#17 /home/alejandro/play-work/playgroup-admin---laravel/vendor/laravel/framework/src/Illuminate/Pipeline/Pipeline.php(130): Illuminate\\Routing\\Router->Illuminate\\Routing\\{closure}()
#18 /home/alejandro/play-work/playgroup-admin---laravel/vendor/laravel/framework/src/Illuminate/Routing/Middleware/SubstituteBindings.php(41): Illuminate\\Pipeline\\Pipeline->Illuminate\\Pipeline\\{closure}()
#19 /home/alejandro/play-work/playgroup-admin---laravel/vendor/laravel/framework/src/Illuminate/Pipeline/Pipeline.php(171): Illuminate\\Routing\\Middleware\\SubstituteBindings->handle()
#20 /home/alejandro/play-work/playgroup-admin---laravel/vendor/laravel/framework/src/Illuminate/Pipeline/Pipeline.php(105): Illuminate\\Pipeline\\Pipeline->Illuminate\\Pipeline\\{closure}()
#21 /home/alejandro/play-work/playgroup-admin---laravel/vendor/laravel/framework/src/Illuminate/Routing/Router.php(683): Illuminate\\Pipeline\\Pipeline->then()
#22 /home/alejandro/play-work/playgroup-admin---laravel/vendor/laravel/framework/src/Illuminate/Routing/Router.php(658): Illuminate\\Routing\\Router->runRouteWithinStack()
#23 /home/alejandro/play-work/playgroup-admin---laravel/vendor/laravel/framework/src/Illuminate/Routing/Router.php(624): Illuminate\\Routing\\Router->runRoute()
#24 /home/alejandro/play-work/playgroup-admin---laravel/vendor/laravel/framework/src/Illuminate/Routing/Router.php(613): Illuminate\\Routing\\Router->dispatchToRoute()
#25 /home/alejandro/play-work/playgroup-admin---laravel/vendor/laravel/framework/src/Illuminate/Foundation/Http/Kernel.php(170): Illuminate\\Routing\\Router->dispatch()
#26 /home/alejandro/play-work/playgroup-admin---laravel/vendor/laravel/framework/src/Illuminate/Pipeline/Pipeline.php(130): Illuminate\\Foundation\\Http\\Kernel->Illuminate\\Foundation\\Http\\{closure}()
#27 /home/alejandro/play-work/playgroup-admin---laravel/vendor/laravel/framework/src/Illuminate/Foundation/Http/Middleware/TransformsRequest.php(21): Illuminate\\Pipeline\\Pipeline->Illuminate\\Pipeline\\{closure}()
#28 /home/alejandro/play-work/playgroup-admin---laravel/vendor/laravel/framework/src/Illuminate/Pipeline/Pipeline.php(171): Illuminate\\Foundation\\Http\\Middleware\\TransformsRequest->handle()
#29 /home/alejandro/play-work/playgroup-admin---laravel/vendor/laravel/framework/src/Illuminate/Foundation/Http/Middleware/TransformsRequest.php(21): Illuminate\\Pipeline\\Pipeline->Illuminate\\Pipeline\\{closure}()
#30 /home/alejandro/play-work/playgroup-admin---laravel/vendor/laravel/framework/src/Illuminate/Pipeline/Pipeline.php(171): Illuminate\\Foundation\\Http\\Middleware\\TransformsRequest->handle()
#31 /home/alejandro/play-work/playgroup-admin---laravel/vendor/laravel/framework/src/Illuminate/Foundation/Http/Middleware/ValidatePostSize.php(27): Illuminate\\Pipeline\\Pipeline->Illuminate\\Pipeline\\{closure}()
#32 /home/alejandro/play-work/playgroup-admin---laravel/vendor/laravel/framework/src/Illuminate/Pipeline/Pipeline.php(171): Illuminate\\Foundation\\Http\\Middleware\\ValidatePostSize->handle()
#33 /home/alejandro/play-work/playgroup-admin---laravel/vendor/laravel/framework/src/Illuminate/Foundation/Http/Middleware/CheckForMaintenanceMode.php(63): Illuminate\\Pipeline\\Pipeline->Illuminate\\Pipeline\\{closure}()
#34 /home/alejandro/play-work/playgroup-admin---laravel/vendor/laravel/framework/src/Illuminate/Pipeline/Pipeline.php(171): Illuminate\\Foundation\\Http\\Middleware\\CheckForMaintenanceMode->handle()
#35 /home/alejandro/play-work/playgroup-admin---laravel/vendor/fideloper/proxy/src/TrustProxies.php(57): Illuminate\\Pipeline\\Pipeline->Illuminate\\Pipeline\\{closure}()
#36 /home/alejandro/play-work/playgroup-admin---laravel/vendor/laravel/framework/src/Illuminate/Pipeline/Pipeline.php(171): Fideloper\\Proxy\\TrustProxies->handle()
#37 /home/alejandro/play-work/playgroup-admin---laravel/vendor/laravel/framework/src/Illuminate/Pipeline/Pipeline.php(105): Illuminate\\Pipeline\\Pipeline->Illuminate\\Pipeline\\{closure}()
#38 /home/alejandro/play-work/playgroup-admin---laravel/vendor/laravel/framework/src/Illuminate/Foundation/Http/Kernel.php(145): Illuminate\\Pipeline\\Pipeline->then()
#39 /home/alejandro/play-work/playgroup-admin---laravel/vendor/laravel/framework/src/Illuminate/Foundation/Http/Kernel.php(110): Illuminate\\Foundation\\Http\\Kernel->sendRequestThroughRouter()
#40 /home/alejandro/play-work/playgroup-admin---laravel/public/index.php(55): Illuminate\\Foundation\\Http\\Kernel->handle()
#41 /home/alejandro/play-work/playgroup-admin---laravel/server.php(21): require_once('/home/alejandro...')
#42 {main}
"} 
