[2025-05-17 18:00:19] local.ERROR: SQLSTATE[23000]: Integrity constraint violation: 1452 Cannot add or update a child row: a foreign key constraint fails (`playgroup_admin`.`master_fields`, CONSTRAINT `master_fields_master_section_id_foreign` FOREIGN KEY (`master_section_id`) REFERENCES `master_sections` (`id`)) (SQL: insert into `master_fields` (`master_section_id`, `name`, `type`, `variable`) values (1, Header, input, header), (1, Title, input, title), (1, Poster (para pantallas grandes), image, image), (1, Premio, image, award_image_home), (1, Personaje Play (visible solo en pantallas pequeñas), image, play-character_image_home), (2, Imagen, image, image), (2, Título, input, title), (2, Subtítulo, input, sub_title), (2, Imagen Digital Performance, image, image_dp), (2, Texto de Digital Performance, input, text_dp), (2, Imagen de Creativity Hub, image, image_ch), (2, Texto de Creativity Hub, input, text_ch), (2, Imagen de Software Factory, image, image_sf), (2, Texto de Software Factory, input, text_sf), (3, Título, input, title), (3, Subtitulo, input, subitle), (4, Título, input, title), (4, Subtitulo, input, subtitle), (5, Título, input, title), (5, Subtitulo, input, subtitle), (6, Título, input, title), (6, Subtitulo, input, subtitle), (6, Frase, input, frase), (7, Header, input, header), (7, Título, input, title), (7, Imagen de Fondo (visible solo en pantallas grandes), image, image_blog), (7, Personaje Play, image, play-character_image_home), (8, Título, input, title), (8, Subtitulo, input, subtitle), (9, Header, input, header), (9, Título, input, title), (9, Personaje Play, image, play-character_image_home), (9, Imagen de Fondo (visible solo en pantallas grandes), image, image), (9, Item 1, image, image_1), (9, Texto para item 1, input, text_1), (9, Item 2, image, image_2), (9, Texto para item 2, input, text_2), (9, Item 3, image, image_3), (9, Texto para item 3, input, text_3), (9, Item 4, image, image_4), (9, Texto para item 4, input, text_4), (10, Título, input, title), (10, Subtitulo, input, subtitle), (10, Frase, input, frase), (11, Título, input, title), (11, Subtitulo, input, subtitle), (11, Frase, input, frase), (12, Título, input, title), (12, Subtitulo, input, subtitle), (12, Frase, input, frase), (13, Título, input, title), (13, Subtitulo, input, subtitle), (13, Frase, input, frase), (14, Imagen, image, image), (14, Descripción, input, description), (15, Título, input, title), (16, Título, input, title), (17, Fondo, image, background), (17, Título, input, title), (17, Descripción, editor_small, description), (18, Fondo, image, background), (18, Titulo Image, image, image), (18, Descripción, input, description), (18, Imagen de Formulario, image, image_responsive), (19, Título, input, title), (19, SubTitulo, input, sub_title), (19, Description, input, description), (19, Gráfica, image, image), (20, Título, input, title), (20, SubTitulo, input, sub_title), (20, Description, input, description), (21, Título, input, title), (21, SubTitulo, input, sub_title), (22, Título, input, title), (22, Descripción, editor_small, description), (22, Fondo, image, background), (22, Bot, image, image), (22, Speech, input, speech), (23, Fondo, image, background), (23, Titulo Image, image, image), (23, Descripción, input, description), (23, Imagen de Formulario, image, image_responsive), (24, Título, input, title), (24, SubTitulo, input, sub_title), (24, Description, input, description), (24, Gráfica, image, image), (25, Título, input, title), (25, SubTitulo, input, sub_title), (25, Description, input, description), (26, Título, input, title), (26, SubTitulo, input, sub_title), (27, Título, input, title), (27, Descripción, editor_small, description), (27, Fondo, image, background), (27, Bot, image, image), (27, Speech, input, speech), (28, Fondo, image, background), (28, Titulo Image, image, image), (28, Descripción, input, description), (28, Imagen de Formulario, image, image_responsive), (29, Título, input, title), (29, SubTitulo, input, sub_title), (29, Description, input, description), (29, Gráfica, image, image), (30, Título, input, title), (30, SubTitulo, input, sub_title), (30, Description, input, description), (31, Título, input, title), (31, SubTitulo, input, sub_title), (32, Título, input, title), (32, Descripción, editor_small, description), (32, Fondo, image, background), (32, Bot, image, image), (32, Speech, input, speech), (33, Banner, image, background), (33, Título, input, title), (34, Descripción, editor_large, description)) {"exception":"[object] (Illuminate\\Database\\QueryException(code: 23000): SQLSTATE[23000]: Integrity constraint violation: 1452 Cannot add or update a child row: a foreign key constraint fails (`playgroup_admin`.`master_fields`, CONSTRAINT `master_fields_master_section_id_foreign` FOREIGN KEY (`master_section_id`) REFERENCES `master_sections` (`id`)) (SQL: insert into `master_fields` (`master_section_id`, `name`, `type`, `variable`) values (1, Header, input, header), (1, Title, input, title), (1, Poster (para pantallas grandes), image, image), (1, Premio, image, award_image_home), (1, Personaje Play (visible solo en pantallas pequeñas), image, play-character_image_home), (2, Imagen, image, image), (2, Título, input, title), (2, Subtítulo, input, sub_title), (2, Imagen Digital Performance, image, image_dp), (2, Texto de Digital Performance, input, text_dp), (2, Imagen de Creativity Hub, image, image_ch), (2, Texto de Creativity Hub, input, text_ch), (2, Imagen de Software Factory, image, image_sf), (2, Texto de Software Factory, input, text_sf), (3, Título, input, title), (3, Subtitulo, input, subitle), (4, Título, input, title), (4, Subtitulo, input, subtitle), (5, Título, input, title), (5, Subtitulo, input, subtitle), (6, Título, input, title), (6, Subtitulo, input, subtitle), (6, Frase, input, frase), (7, Header, input, header), (7, Título, input, title), (7, Imagen de Fondo (visible solo en pantallas grandes), image, image_blog), (7, Personaje Play, image, play-character_image_home), (8, Título, input, title), (8, Subtitulo, input, subtitle), (9, Header, input, header), (9, Título, input, title), (9, Personaje Play, image, play-character_image_home), (9, Imagen de Fondo (visible solo en pantallas grandes), image, image), (9, Item 1, image, image_1), (9, Texto para item 1, input, text_1), (9, Item 2, image, image_2), (9, Texto para item 2, input, text_2), (9, Item 3, image, image_3), (9, Texto para item 3, input, text_3), (9, Item 4, image, image_4), (9, Texto para item 4, input, text_4), (10, Título, input, title), (10, Subtitulo, input, subtitle), (10, Frase, input, frase), (11, Título, input, title), (11, Subtitulo, input, subtitle), (11, Frase, input, frase), (12, Título, input, title), (12, Subtitulo, input, subtitle), (12, Frase, input, frase), (13, Título, input, title), (13, Subtitulo, input, subtitle), (13, Frase, input, frase), (14, Imagen, image, image), (14, Descripción, input, description), (15, Título, input, title), (16, Título, input, title), (17, Fondo, image, background), (17, Título, input, title), (17, Descripción, editor_small, description), (18, Fondo, image, background), (18, Titulo Image, image, image), (18, Descripción, input, description), (18, Imagen de Formulario, image, image_responsive), (19, Título, input, title), (19, SubTitulo, input, sub_title), (19, Description, input, description), (19, Gráfica, image, image), (20, Título, input, title), (20, SubTitulo, input, sub_title), (20, Description, input, description), (21, Título, input, title), (21, SubTitulo, input, sub_title), (22, Título, input, title), (22, Descripción, editor_small, description), (22, Fondo, image, background), (22, Bot, image, image), (22, Speech, input, speech), (23, Fondo, image, background), (23, Titulo Image, image, image), (23, Descripción, input, description), (23, Imagen de Formulario, image, image_responsive), (24, Título, input, title), (24, SubTitulo, input, sub_title), (24, Description, input, description), (24, Gráfica, image, image), (25, Título, input, title), (25, SubTitulo, input, sub_title), (25, Description, input, description), (26, Título, input, title), (26, SubTitulo, input, sub_title), (27, Título, input, title), (27, Descripción, editor_small, description), (27, Fondo, image, background), (27, Bot, image, image), (27, Speech, input, speech), (28, Fondo, image, background), (28, Titulo Image, image, image), (28, Descripción, input, description), (28, Imagen de Formulario, image, image_responsive), (29, Título, input, title), (29, SubTitulo, input, sub_title), (29, Description, input, description), (29, Gráfica, image, image), (30, Título, input, title), (30, SubTitulo, input, sub_title), (30, Description, input, description), (31, Título, input, title), (31, SubTitulo, input, sub_title), (32, Título, input, title), (32, Descripción, editor_small, description), (32, Fondo, image, background), (32, Bot, image, image), (32, Speech, input, speech), (33, Banner, image, background), (33, Título, input, title), (34, Descripción, editor_large, description)) at /home/alejandro/play-work/playgroup-admin---laravel/vendor/laravel/framework/src/Illuminate/Database/Connection.php:669)
[stacktrace]
#0 /home/alejandro/play-work/playgroup-admin---laravel/vendor/laravel/framework/src/Illuminate/Database/Connection.php(629): Illuminate\\Database\\Connection->runQueryCallback()
#1 /home/alejandro/play-work/playgroup-admin---laravel/vendor/laravel/framework/src/Illuminate/Database/Connection.php(464): Illuminate\\Database\\Connection->run()
#2 /home/alejandro/play-work/playgroup-admin---laravel/vendor/laravel/framework/src/Illuminate/Database/Connection.php(416): Illuminate\\Database\\Connection->statement()
#3 /home/alejandro/play-work/playgroup-admin---laravel/vendor/laravel/framework/src/Illuminate/Database/Query/Builder.php(2661): Illuminate\\Database\\Connection->insert()
#4 /home/alejandro/play-work/playgroup-admin---laravel/database/seeds/MasterFieldsTableSeeder.php(18): Illuminate\\Database\\Query\\Builder->insert()
#5 /home/alejandro/play-work/playgroup-admin---laravel/vendor/laravel/framework/src/Illuminate/Container/BoundMethod.php(36): MasterFieldsTableSeeder->run()
#6 /home/alejandro/play-work/playgroup-admin---laravel/vendor/laravel/framework/src/Illuminate/Container/Util.php(37): Illuminate\\Container\\BoundMethod::Illuminate\\Container\\{closure}()
#7 /home/alejandro/play-work/playgroup-admin---laravel/vendor/laravel/framework/src/Illuminate/Container/BoundMethod.php(93): Illuminate\\Container\\Util::unwrapIfClosure()
#8 /home/alejandro/play-work/playgroup-admin---laravel/vendor/laravel/framework/src/Illuminate/Container/BoundMethod.php(37): Illuminate\\Container\\BoundMethod::callBoundMethod()
#9 /home/alejandro/play-work/playgroup-admin---laravel/vendor/laravel/framework/src/Illuminate/Container/Container.php(590): Illuminate\\Container\\BoundMethod::call()
#10 /home/alejandro/play-work/playgroup-admin---laravel/vendor/laravel/framework/src/Illuminate/Database/Seeder.php(134): Illuminate\\Container\\Container->call()
#11 /home/alejandro/play-work/playgroup-admin---laravel/vendor/laravel/framework/src/Illuminate/Database/Seeder.php(48): Illuminate\\Database\\Seeder->__invoke()
#12 /home/alejandro/play-work/playgroup-admin---laravel/database/seeds/DatabaseSeeder.php(25): Illuminate\\Database\\Seeder->call()
#13 /home/alejandro/play-work/playgroup-admin---laravel/vendor/laravel/framework/src/Illuminate/Container/BoundMethod.php(36): DatabaseSeeder->run()
#14 /home/alejandro/play-work/playgroup-admin---laravel/vendor/laravel/framework/src/Illuminate/Container/Util.php(37): Illuminate\\Container\\BoundMethod::Illuminate\\Container\\{closure}()
#15 /home/alejandro/play-work/playgroup-admin---laravel/vendor/laravel/framework/src/Illuminate/Container/BoundMethod.php(93): Illuminate\\Container\\Util::unwrapIfClosure()
#16 /home/alejandro/play-work/playgroup-admin---laravel/vendor/laravel/framework/src/Illuminate/Container/BoundMethod.php(37): Illuminate\\Container\\BoundMethod::callBoundMethod()
#17 /home/alejandro/play-work/playgroup-admin---laravel/vendor/laravel/framework/src/Illuminate/Container/Container.php(590): Illuminate\\Container\\BoundMethod::call()
#18 /home/alejandro/play-work/playgroup-admin---laravel/vendor/laravel/framework/src/Illuminate/Database/Seeder.php(134): Illuminate\\Container\\Container->call()
#19 /home/alejandro/play-work/playgroup-admin---laravel/vendor/laravel/framework/src/Illuminate/Database/Console/Seeds/SeedCommand.php(63): Illuminate\\Database\\Seeder->__invoke()
#20 /home/alejandro/play-work/playgroup-admin---laravel/vendor/laravel/framework/src/Illuminate/Database/Eloquent/Concerns/GuardsAttributes.php(129): Illuminate\\Database\\Console\\Seeds\\SeedCommand->Illuminate\\Database\\Console\\Seeds\\{closure}()
#21 /home/alejandro/play-work/playgroup-admin---laravel/vendor/laravel/framework/src/Illuminate/Database/Console/Seeds/SeedCommand.php(64): Illuminate\\Database\\Eloquent\\Model::unguarded()
#22 /home/alejandro/play-work/playgroup-admin---laravel/vendor/laravel/framework/src/Illuminate/Container/BoundMethod.php(36): Illuminate\\Database\\Console\\Seeds\\SeedCommand->handle()
#23 /home/alejandro/play-work/playgroup-admin---laravel/vendor/laravel/framework/src/Illuminate/Container/Util.php(37): Illuminate\\Container\\BoundMethod::Illuminate\\Container\\{closure}()
#24 /home/alejandro/play-work/playgroup-admin---laravel/vendor/laravel/framework/src/Illuminate/Container/BoundMethod.php(93): Illuminate\\Container\\Util::unwrapIfClosure()
#25 /home/alejandro/play-work/playgroup-admin---laravel/vendor/laravel/framework/src/Illuminate/Container/BoundMethod.php(37): Illuminate\\Container\\BoundMethod::callBoundMethod()
#26 /home/alejandro/play-work/playgroup-admin---laravel/vendor/laravel/framework/src/Illuminate/Container/Container.php(590): Illuminate\\Container\\BoundMethod::call()
#27 /home/alejandro/play-work/playgroup-admin---laravel/vendor/laravel/framework/src/Illuminate/Console/Command.php(134): Illuminate\\Container\\Container->call()
#28 /home/alejandro/play-work/playgroup-admin---laravel/vendor/symfony/console/Command/Command.php(255): Illuminate\\Console\\Command->execute()
#29 /home/alejandro/play-work/playgroup-admin---laravel/vendor/laravel/framework/src/Illuminate/Console/Command.php(121): Symfony\\Component\\Console\\Command\\Command->run()
#30 /home/alejandro/play-work/playgroup-admin---laravel/vendor/laravel/framework/src/Illuminate/Console/Concerns/CallsCommands.php(56): Illuminate\\Console\\Command->run()
#31 /home/alejandro/play-work/playgroup-admin---laravel/vendor/laravel/framework/src/Illuminate/Console/Concerns/CallsCommands.php(28): Illuminate\\Console\\Command->runCommand()
#32 /home/alejandro/play-work/playgroup-admin---laravel/vendor/laravel/framework/src/Illuminate/Database/Console/Migrations/FreshCommand.php(79): Illuminate\\Console\\Command->call()
#33 /home/alejandro/play-work/playgroup-admin---laravel/vendor/laravel/framework/src/Illuminate/Database/Console/Migrations/FreshCommand.php(56): Illuminate\\Database\\Console\\Migrations\\FreshCommand->runSeeder()
#34 /home/alejandro/play-work/playgroup-admin---laravel/vendor/laravel/framework/src/Illuminate/Container/BoundMethod.php(36): Illuminate\\Database\\Console\\Migrations\\FreshCommand->handle()
#35 /home/alejandro/play-work/playgroup-admin---laravel/vendor/laravel/framework/src/Illuminate/Container/Util.php(37): Illuminate\\Container\\BoundMethod::Illuminate\\Container\\{closure}()
#36 /home/alejandro/play-work/playgroup-admin---laravel/vendor/laravel/framework/src/Illuminate/Container/BoundMethod.php(93): Illuminate\\Container\\Util::unwrapIfClosure()
#37 /home/alejandro/play-work/playgroup-admin---laravel/vendor/laravel/framework/src/Illuminate/Container/BoundMethod.php(37): Illuminate\\Container\\BoundMethod::callBoundMethod()
#38 /home/alejandro/play-work/playgroup-admin---laravel/vendor/laravel/framework/src/Illuminate/Container/Container.php(590): Illuminate\\Container\\BoundMethod::call()
#39 /home/alejandro/play-work/playgroup-admin---laravel/vendor/laravel/framework/src/Illuminate/Console/Command.php(134): Illuminate\\Container\\Container->call()
#40 /home/alejandro/play-work/playgroup-admin---laravel/vendor/symfony/console/Command/Command.php(255): Illuminate\\Console\\Command->execute()
#41 /home/alejandro/play-work/playgroup-admin---laravel/vendor/laravel/framework/src/Illuminate/Console/Command.php(121): Symfony\\Component\\Console\\Command\\Command->run()
#42 /home/alejandro/play-work/playgroup-admin---laravel/vendor/symfony/console/Application.php(1021): Illuminate\\Console\\Command->run()
#43 /home/alejandro/play-work/playgroup-admin---laravel/vendor/symfony/console/Application.php(275): Symfony\\Component\\Console\\Application->doRunCommand()
#44 /home/alejandro/play-work/playgroup-admin---laravel/vendor/symfony/console/Application.php(149): Symfony\\Component\\Console\\Application->doRun()
#45 /home/alejandro/play-work/playgroup-admin---laravel/vendor/laravel/framework/src/Illuminate/Console/Application.php(93): Symfony\\Component\\Console\\Application->run()
#46 /home/alejandro/play-work/playgroup-admin---laravel/vendor/laravel/framework/src/Illuminate/Foundation/Console/Kernel.php(131): Illuminate\\Console\\Application->run()
#47 /home/alejandro/play-work/playgroup-admin---laravel/artisan(37): Illuminate\\Foundation\\Console\\Kernel->handle()
#48 {main}

[previous exception] [object] (Doctrine\\DBAL\\Driver\\PDO\\Exception(code: 23000): SQLSTATE[23000]: Integrity constraint violation: 1452 Cannot add or update a child row: a foreign key constraint fails (`playgroup_admin`.`master_fields`, CONSTRAINT `master_fields_master_section_id_foreign` FOREIGN KEY (`master_section_id`) REFERENCES `master_sections` (`id`)) at /home/alejandro/play-work/playgroup-admin---laravel/vendor/doctrine/dbal/lib/Doctrine/DBAL/Driver/PDO/Exception.php:18)
[stacktrace]
#0 /home/alejandro/play-work/playgroup-admin---laravel/vendor/doctrine/dbal/lib/Doctrine/DBAL/Driver/PDOStatement.php(119): Doctrine\\DBAL\\Driver\\PDO\\Exception::new()
#1 /home/alejandro/play-work/playgroup-admin---laravel/vendor/laravel/framework/src/Illuminate/Database/Connection.php(463): Doctrine\\DBAL\\Driver\\PDOStatement->execute()
#2 /home/alejandro/play-work/playgroup-admin---laravel/vendor/laravel/framework/src/Illuminate/Database/Connection.php(662): Illuminate\\Database\\Connection->Illuminate\\Database\\{closure}()
#3 /home/alejandro/play-work/playgroup-admin---laravel/vendor/laravel/framework/src/Illuminate/Database/Connection.php(629): Illuminate\\Database\\Connection->runQueryCallback()
#4 /home/alejandro/play-work/playgroup-admin---laravel/vendor/laravel/framework/src/Illuminate/Database/Connection.php(464): Illuminate\\Database\\Connection->run()
#5 /home/alejandro/play-work/playgroup-admin---laravel/vendor/laravel/framework/src/Illuminate/Database/Connection.php(416): Illuminate\\Database\\Connection->statement()
#6 /home/alejandro/play-work/playgroup-admin---laravel/vendor/laravel/framework/src/Illuminate/Database/Query/Builder.php(2661): Illuminate\\Database\\Connection->insert()
#7 /home/alejandro/play-work/playgroup-admin---laravel/database/seeds/MasterFieldsTableSeeder.php(18): Illuminate\\Database\\Query\\Builder->insert()
#8 /home/alejandro/play-work/playgroup-admin---laravel/vendor/laravel/framework/src/Illuminate/Container/BoundMethod.php(36): MasterFieldsTableSeeder->run()
#9 /home/alejandro/play-work/playgroup-admin---laravel/vendor/laravel/framework/src/Illuminate/Container/Util.php(37): Illuminate\\Container\\BoundMethod::Illuminate\\Container\\{closure}()
#10 /home/alejandro/play-work/playgroup-admin---laravel/vendor/laravel/framework/src/Illuminate/Container/BoundMethod.php(93): Illuminate\\Container\\Util::unwrapIfClosure()
#11 /home/alejandro/play-work/playgroup-admin---laravel/vendor/laravel/framework/src/Illuminate/Container/BoundMethod.php(37): Illuminate\\Container\\BoundMethod::callBoundMethod()
#12 /home/alejandro/play-work/playgroup-admin---laravel/vendor/laravel/framework/src/Illuminate/Container/Container.php(590): Illuminate\\Container\\BoundMethod::call()
#13 /home/alejandro/play-work/playgroup-admin---laravel/vendor/laravel/framework/src/Illuminate/Database/Seeder.php(134): Illuminate\\Container\\Container->call()
#14 /home/alejandro/play-work/playgroup-admin---laravel/vendor/laravel/framework/src/Illuminate/Database/Seeder.php(48): Illuminate\\Database\\Seeder->__invoke()
#15 /home/alejandro/play-work/playgroup-admin---laravel/database/seeds/DatabaseSeeder.php(25): Illuminate\\Database\\Seeder->call()
#16 /home/alejandro/play-work/playgroup-admin---laravel/vendor/laravel/framework/src/Illuminate/Container/BoundMethod.php(36): DatabaseSeeder->run()
#17 /home/alejandro/play-work/playgroup-admin---laravel/vendor/laravel/framework/src/Illuminate/Container/Util.php(37): Illuminate\\Container\\BoundMethod::Illuminate\\Container\\{closure}()
#18 /home/alejandro/play-work/playgroup-admin---laravel/vendor/laravel/framework/src/Illuminate/Container/BoundMethod.php(93): Illuminate\\Container\\Util::unwrapIfClosure()
#19 /home/alejandro/play-work/playgroup-admin---laravel/vendor/laravel/framework/src/Illuminate/Container/BoundMethod.php(37): Illuminate\\Container\\BoundMethod::callBoundMethod()
#20 /home/alejandro/play-work/playgroup-admin---laravel/vendor/laravel/framework/src/Illuminate/Container/Container.php(590): Illuminate\\Container\\BoundMethod::call()
#21 /home/alejandro/play-work/playgroup-admin---laravel/vendor/laravel/framework/src/Illuminate/Database/Seeder.php(134): Illuminate\\Container\\Container->call()
#22 /home/alejandro/play-work/playgroup-admin---laravel/vendor/laravel/framework/src/Illuminate/Database/Console/Seeds/SeedCommand.php(63): Illuminate\\Database\\Seeder->__invoke()
#23 /home/alejandro/play-work/playgroup-admin---laravel/vendor/laravel/framework/src/Illuminate/Database/Eloquent/Concerns/GuardsAttributes.php(129): Illuminate\\Database\\Console\\Seeds\\SeedCommand->Illuminate\\Database\\Console\\Seeds\\{closure}()
#24 /home/alejandro/play-work/playgroup-admin---laravel/vendor/laravel/framework/src/Illuminate/Database/Console/Seeds/SeedCommand.php(64): Illuminate\\Database\\Eloquent\\Model::unguarded()
#25 /home/alejandro/play-work/playgroup-admin---laravel/vendor/laravel/framework/src/Illuminate/Container/BoundMethod.php(36): Illuminate\\Database\\Console\\Seeds\\SeedCommand->handle()
#26 /home/alejandro/play-work/playgroup-admin---laravel/vendor/laravel/framework/src/Illuminate/Container/Util.php(37): Illuminate\\Container\\BoundMethod::Illuminate\\Container\\{closure}()
#27 /home/alejandro/play-work/playgroup-admin---laravel/vendor/laravel/framework/src/Illuminate/Container/BoundMethod.php(93): Illuminate\\Container\\Util::unwrapIfClosure()
#28 /home/alejandro/play-work/playgroup-admin---laravel/vendor/laravel/framework/src/Illuminate/Container/BoundMethod.php(37): Illuminate\\Container\\BoundMethod::callBoundMethod()
#29 /home/alejandro/play-work/playgroup-admin---laravel/vendor/laravel/framework/src/Illuminate/Container/Container.php(590): Illuminate\\Container\\BoundMethod::call()
#30 /home/alejandro/play-work/playgroup-admin---laravel/vendor/laravel/framework/src/Illuminate/Console/Command.php(134): Illuminate\\Container\\Container->call()
#31 /home/alejandro/play-work/playgroup-admin---laravel/vendor/symfony/console/Command/Command.php(255): Illuminate\\Console\\Command->execute()
#32 /home/alejandro/play-work/playgroup-admin---laravel/vendor/laravel/framework/src/Illuminate/Console/Command.php(121): Symfony\\Component\\Console\\Command\\Command->run()
#33 /home/alejandro/play-work/playgroup-admin---laravel/vendor/laravel/framework/src/Illuminate/Console/Concerns/CallsCommands.php(56): Illuminate\\Console\\Command->run()
#34 /home/alejandro/play-work/playgroup-admin---laravel/vendor/laravel/framework/src/Illuminate/Console/Concerns/CallsCommands.php(28): Illuminate\\Console\\Command->runCommand()
#35 /home/alejandro/play-work/playgroup-admin---laravel/vendor/laravel/framework/src/Illuminate/Database/Console/Migrations/FreshCommand.php(79): Illuminate\\Console\\Command->call()
#36 /home/alejandro/play-work/playgroup-admin---laravel/vendor/laravel/framework/src/Illuminate/Database/Console/Migrations/FreshCommand.php(56): Illuminate\\Database\\Console\\Migrations\\FreshCommand->runSeeder()
#37 /home/alejandro/play-work/playgroup-admin---laravel/vendor/laravel/framework/src/Illuminate/Container/BoundMethod.php(36): Illuminate\\Database\\Console\\Migrations\\FreshCommand->handle()
#38 /home/alejandro/play-work/playgroup-admin---laravel/vendor/laravel/framework/src/Illuminate/Container/Util.php(37): Illuminate\\Container\\BoundMethod::Illuminate\\Container\\{closure}()
#39 /home/alejandro/play-work/playgroup-admin---laravel/vendor/laravel/framework/src/Illuminate/Container/BoundMethod.php(93): Illuminate\\Container\\Util::unwrapIfClosure()
#40 /home/alejandro/play-work/playgroup-admin---laravel/vendor/laravel/framework/src/Illuminate/Container/BoundMethod.php(37): Illuminate\\Container\\BoundMethod::callBoundMethod()
#41 /home/alejandro/play-work/playgroup-admin---laravel/vendor/laravel/framework/src/Illuminate/Container/Container.php(590): Illuminate\\Container\\BoundMethod::call()
#42 /home/alejandro/play-work/playgroup-admin---laravel/vendor/laravel/framework/src/Illuminate/Console/Command.php(134): Illuminate\\Container\\Container->call()
#43 /home/alejandro/play-work/playgroup-admin---laravel/vendor/symfony/console/Command/Command.php(255): Illuminate\\Console\\Command->execute()
#44 /home/alejandro/play-work/playgroup-admin---laravel/vendor/laravel/framework/src/Illuminate/Console/Command.php(121): Symfony\\Component\\Console\\Command\\Command->run()
#45 /home/alejandro/play-work/playgroup-admin---laravel/vendor/symfony/console/Application.php(1021): Illuminate\\Console\\Command->run()
#46 /home/alejandro/play-work/playgroup-admin---laravel/vendor/symfony/console/Application.php(275): Symfony\\Component\\Console\\Application->doRunCommand()
#47 /home/alejandro/play-work/playgroup-admin---laravel/vendor/symfony/console/Application.php(149): Symfony\\Component\\Console\\Application->doRun()
#48 /home/alejandro/play-work/playgroup-admin---laravel/vendor/laravel/framework/src/Illuminate/Console/Application.php(93): Symfony\\Component\\Console\\Application->run()
#49 /home/alejandro/play-work/playgroup-admin---laravel/vendor/laravel/framework/src/Illuminate/Foundation/Console/Kernel.php(131): Illuminate\\Console\\Application->run()
#50 /home/alejandro/play-work/playgroup-admin---laravel/artisan(37): Illuminate\\Foundation\\Console\\Kernel->handle()
#51 {main}

[previous exception] [object] (PDOException(code: 23000): SQLSTATE[23000]: Integrity constraint violation: 1452 Cannot add or update a child row: a foreign key constraint fails (`playgroup_admin`.`master_fields`, CONSTRAINT `master_fields_master_section_id_foreign` FOREIGN KEY (`master_section_id`) REFERENCES `master_sections` (`id`)) at /home/alejandro/play-work/playgroup-admin---laravel/vendor/doctrine/dbal/lib/Doctrine/DBAL/Driver/PDOStatement.php:117)
[stacktrace]
#0 /home/alejandro/play-work/playgroup-admin---laravel/vendor/doctrine/dbal/lib/Doctrine/DBAL/Driver/PDOStatement.php(117): PDOStatement->execute()
#1 /home/alejandro/play-work/playgroup-admin---laravel/vendor/laravel/framework/src/Illuminate/Database/Connection.php(463): Doctrine\\DBAL\\Driver\\PDOStatement->execute()
#2 /home/alejandro/play-work/playgroup-admin---laravel/vendor/laravel/framework/src/Illuminate/Database/Connection.php(662): Illuminate\\Database\\Connection->Illuminate\\Database\\{closure}()
#3 /home/alejandro/play-work/playgroup-admin---laravel/vendor/laravel/framework/src/Illuminate/Database/Connection.php(629): Illuminate\\Database\\Connection->runQueryCallback()
#4 /home/alejandro/play-work/playgroup-admin---laravel/vendor/laravel/framework/src/Illuminate/Database/Connection.php(464): Illuminate\\Database\\Connection->run()
#5 /home/alejandro/play-work/playgroup-admin---laravel/vendor/laravel/framework/src/Illuminate/Database/Connection.php(416): Illuminate\\Database\\Connection->statement()
#6 /home/alejandro/play-work/playgroup-admin---laravel/vendor/laravel/framework/src/Illuminate/Database/Query/Builder.php(2661): Illuminate\\Database\\Connection->insert()
#7 /home/alejandro/play-work/playgroup-admin---laravel/database/seeds/MasterFieldsTableSeeder.php(18): Illuminate\\Database\\Query\\Builder->insert()
#8 /home/alejandro/play-work/playgroup-admin---laravel/vendor/laravel/framework/src/Illuminate/Container/BoundMethod.php(36): MasterFieldsTableSeeder->run()
#9 /home/alejandro/play-work/playgroup-admin---laravel/vendor/laravel/framework/src/Illuminate/Container/Util.php(37): Illuminate\\Container\\BoundMethod::Illuminate\\Container\\{closure}()
#10 /home/alejandro/play-work/playgroup-admin---laravel/vendor/laravel/framework/src/Illuminate/Container/BoundMethod.php(93): Illuminate\\Container\\Util::unwrapIfClosure()
#11 /home/alejandro/play-work/playgroup-admin---laravel/vendor/laravel/framework/src/Illuminate/Container/BoundMethod.php(37): Illuminate\\Container\\BoundMethod::callBoundMethod()
#12 /home/alejandro/play-work/playgroup-admin---laravel/vendor/laravel/framework/src/Illuminate/Container/Container.php(590): Illuminate\\Container\\BoundMethod::call()
#13 /home/alejandro/play-work/playgroup-admin---laravel/vendor/laravel/framework/src/Illuminate/Database/Seeder.php(134): Illuminate\\Container\\Container->call()
#14 /home/alejandro/play-work/playgroup-admin---laravel/vendor/laravel/framework/src/Illuminate/Database/Seeder.php(48): Illuminate\\Database\\Seeder->__invoke()
#15 /home/alejandro/play-work/playgroup-admin---laravel/database/seeds/DatabaseSeeder.php(25): Illuminate\\Database\\Seeder->call()
#16 /home/alejandro/play-work/playgroup-admin---laravel/vendor/laravel/framework/src/Illuminate/Container/BoundMethod.php(36): DatabaseSeeder->run()
#17 /home/alejandro/play-work/playgroup-admin---laravel/vendor/laravel/framework/src/Illuminate/Container/Util.php(37): Illuminate\\Container\\BoundMethod::Illuminate\\Container\\{closure}()
#18 /home/alejandro/play-work/playgroup-admin---laravel/vendor/laravel/framework/src/Illuminate/Container/BoundMethod.php(93): Illuminate\\Container\\Util::unwrapIfClosure()
#19 /home/alejandro/play-work/playgroup-admin---laravel/vendor/laravel/framework/src/Illuminate/Container/BoundMethod.php(37): Illuminate\\Container\\BoundMethod::callBoundMethod()
#20 /home/alejandro/play-work/playgroup-admin---laravel/vendor/laravel/framework/src/Illuminate/Container/Container.php(590): Illuminate\\Container\\BoundMethod::call()
#21 /home/alejandro/play-work/playgroup-admin---laravel/vendor/laravel/framework/src/Illuminate/Database/Seeder.php(134): Illuminate\\Container\\Container->call()
#22 /home/alejandro/play-work/playgroup-admin---laravel/vendor/laravel/framework/src/Illuminate/Database/Console/Seeds/SeedCommand.php(63): Illuminate\\Database\\Seeder->__invoke()
#23 /home/alejandro/play-work/playgroup-admin---laravel/vendor/laravel/framework/src/Illuminate/Database/Eloquent/Concerns/GuardsAttributes.php(129): Illuminate\\Database\\Console\\Seeds\\SeedCommand->Illuminate\\Database\\Console\\Seeds\\{closure}()
#24 /home/alejandro/play-work/playgroup-admin---laravel/vendor/laravel/framework/src/Illuminate/Database/Console/Seeds/SeedCommand.php(64): Illuminate\\Database\\Eloquent\\Model::unguarded()
#25 /home/alejandro/play-work/playgroup-admin---laravel/vendor/laravel/framework/src/Illuminate/Container/BoundMethod.php(36): Illuminate\\Database\\Console\\Seeds\\SeedCommand->handle()
#26 /home/alejandro/play-work/playgroup-admin---laravel/vendor/laravel/framework/src/Illuminate/Container/Util.php(37): Illuminate\\Container\\BoundMethod::Illuminate\\Container\\{closure}()
#27 /home/alejandro/play-work/playgroup-admin---laravel/vendor/laravel/framework/src/Illuminate/Container/BoundMethod.php(93): Illuminate\\Container\\Util::unwrapIfClosure()
#28 /home/alejandro/play-work/playgroup-admin---laravel/vendor/laravel/framework/src/Illuminate/Container/BoundMethod.php(37): Illuminate\\Container\\BoundMethod::callBoundMethod()
#29 /home/alejandro/play-work/playgroup-admin---laravel/vendor/laravel/framework/src/Illuminate/Container/Container.php(590): Illuminate\\Container\\BoundMethod::call()
#30 /home/alejandro/play-work/playgroup-admin---laravel/vendor/laravel/framework/src/Illuminate/Console/Command.php(134): Illuminate\\Container\\Container->call()
#31 /home/alejandro/play-work/playgroup-admin---laravel/vendor/symfony/console/Command/Command.php(255): Illuminate\\Console\\Command->execute()
#32 /home/alejandro/play-work/playgroup-admin---laravel/vendor/laravel/framework/src/Illuminate/Console/Command.php(121): Symfony\\Component\\Console\\Command\\Command->run()
#33 /home/alejandro/play-work/playgroup-admin---laravel/vendor/laravel/framework/src/Illuminate/Console/Concerns/CallsCommands.php(56): Illuminate\\Console\\Command->run()
#34 /home/alejandro/play-work/playgroup-admin---laravel/vendor/laravel/framework/src/Illuminate/Console/Concerns/CallsCommands.php(28): Illuminate\\Console\\Command->runCommand()
#35 /home/alejandro/play-work/playgroup-admin---laravel/vendor/laravel/framework/src/Illuminate/Database/Console/Migrations/FreshCommand.php(79): Illuminate\\Console\\Command->call()
#36 /home/alejandro/play-work/playgroup-admin---laravel/vendor/laravel/framework/src/Illuminate/Database/Console/Migrations/FreshCommand.php(56): Illuminate\\Database\\Console\\Migrations\\FreshCommand->runSeeder()
#37 /home/alejandro/play-work/playgroup-admin---laravel/vendor/laravel/framework/src/Illuminate/Container/BoundMethod.php(36): Illuminate\\Database\\Console\\Migrations\\FreshCommand->handle()
#38 /home/alejandro/play-work/playgroup-admin---laravel/vendor/laravel/framework/src/Illuminate/Container/Util.php(37): Illuminate\\Container\\BoundMethod::Illuminate\\Container\\{closure}()
#39 /home/alejandro/play-work/playgroup-admin---laravel/vendor/laravel/framework/src/Illuminate/Container/BoundMethod.php(93): Illuminate\\Container\\Util::unwrapIfClosure()
#40 /home/alejandro/play-work/playgroup-admin---laravel/vendor/laravel/framework/src/Illuminate/Container/BoundMethod.php(37): Illuminate\\Container\\BoundMethod::callBoundMethod()
#41 /home/alejandro/play-work/playgroup-admin---laravel/vendor/laravel/framework/src/Illuminate/Container/Container.php(590): Illuminate\\Container\\BoundMethod::call()
#42 /home/alejandro/play-work/playgroup-admin---laravel/vendor/laravel/framework/src/Illuminate/Console/Command.php(134): Illuminate\\Container\\Container->call()
#43 /home/alejandro/play-work/playgroup-admin---laravel/vendor/symfony/console/Command/Command.php(255): Illuminate\\Console\\Command->execute()
#44 /home/alejandro/play-work/playgroup-admin---laravel/vendor/laravel/framework/src/Illuminate/Console/Command.php(121): Symfony\\Component\\Console\\Command\\Command->run()
#45 /home/alejandro/play-work/playgroup-admin---laravel/vendor/symfony/console/Application.php(1021): Illuminate\\Console\\Command->run()
#46 /home/alejandro/play-work/playgroup-admin---laravel/vendor/symfony/console/Application.php(275): Symfony\\Component\\Console\\Application->doRunCommand()
#47 /home/alejandro/play-work/playgroup-admin---laravel/vendor/symfony/console/Application.php(149): Symfony\\Component\\Console\\Application->doRun()
#48 /home/alejandro/play-work/playgroup-admin---laravel/vendor/laravel/framework/src/Illuminate/Console/Application.php(93): Symfony\\Component\\Console\\Application->run()
#49 /home/alejandro/play-work/playgroup-admin---laravel/vendor/laravel/framework/src/Illuminate/Foundation/Console/Kernel.php(131): Illuminate\\Console\\Application->run()
#50 /home/alejandro/play-work/playgroup-admin---laravel/artisan(37): Illuminate\\Foundation\\Console\\Kernel->handle()
#51 {main}
"} 
[2025-05-17 18:02:09] local.ERROR: SQLSTATE[23000]: Integrity constraint violation: 1452 Cannot add or update a child row: a foreign key constraint fails (`playgroup_admin`.`master_fields`, CONSTRAINT `master_fields_master_section_id_foreign` FOREIGN KEY (`master_section_id`) REFERENCES `master_sections` (`id`)) (SQL: insert into `master_fields` (`master_section_id`, `name`, `type`, `variable`) values (1, Header, input, header), (1, Title, input, title), (1, Poster (para pantallas grandes), image, image), (1, Premio, image, award_image_home), (1, Personaje Play (visible solo en pantallas pequeñas), image, play-character_image_home), (2, Imagen, image, image), (2, Título, input, title), (2, Subtítulo, input, sub_title), (2, Imagen Digital Performance, image, image_dp), (2, Texto de Digital Performance, input, text_dp), (2, Imagen de Creativity Hub, image, image_ch), (2, Texto de Creativity Hub, input, text_ch), (2, Imagen de Software Factory, image, image_sf), (2, Texto de Software Factory, input, text_sf), (3, Título, input, title), (3, Subtitulo, input, subitle), (4, Título, input, title), (4, Subtitulo, input, subtitle), (5, Título, input, title), (5, Subtitulo, input, subtitle), (6, Título, input, title), (6, Subtitulo, input, subtitle), (6, Frase, input, frase), (7, Header, input, header), (7, Título, input, title), (7, Imagen de Fondo (visible solo en pantallas grandes), image, image_blog), (7, Personaje Play, image, play-character_image_home), (8, Título, input, title), (8, Subtitulo, input, subtitle), (9, Header, input, header), (9, Título, input, title), (9, Personaje Play, image, play-character_image_home), (9, Imagen de Fondo (visible solo en pantallas grandes), image, image), (9, Item 1, image, image_1), (9, Texto para item 1, input, text_1), (9, Item 2, image, image_2), (9, Texto para item 2, input, text_2), (9, Item 3, image, image_3), (9, Texto para item 3, input, text_3), (9, Item 4, image, image_4), (9, Texto para item 4, input, text_4), (10, Título, input, title), (10, Subtitulo, input, subtitle), (10, Frase, input, frase), (11, Título, input, title), (11, Subtitulo, input, subtitle), (11, Frase, input, frase), (12, Título, input, title), (12, Subtitulo, input, subtitle), (12, Frase, input, frase), (13, Título, input, title), (13, Subtitulo, input, subtitle), (13, Frase, input, frase), (14, Imagen, image, image), (14, Descripción, input, description), (15, Título, input, title), (16, Título, input, title), (17, Fondo, image, background), (17, Título, input, title), (17, Descripción, editor_small, description), (18, Fondo, image, background), (18, Titulo Image, image, image), (18, Descripción, input, description), (18, Imagen de Formulario, image, image_responsive), (19, Título, input, title), (19, SubTitulo, input, sub_title), (19, Description, input, description), (19, Gráfica, image, image), (20, Título, input, title), (20, SubTitulo, input, sub_title), (20, Description, input, description), (21, Título, input, title), (21, SubTitulo, input, sub_title), (22, Título, input, title), (22, Descripción, editor_small, description), (22, Fondo, image, background), (22, Bot, image, image), (22, Speech, input, speech), (23, Fondo, image, background), (23, Titulo Image, image, image), (23, Descripción, input, description), (23, Imagen de Formulario, image, image_responsive), (24, Título, input, title), (24, SubTitulo, input, sub_title), (24, Description, input, description), (24, Gráfica, image, image), (25, Título, input, title), (25, SubTitulo, input, sub_title), (25, Description, input, description), (26, Título, input, title), (26, SubTitulo, input, sub_title), (27, Título, input, title), (27, Descripción, editor_small, description), (27, Fondo, image, background), (27, Bot, image, image), (27, Speech, input, speech), (28, Fondo, image, background), (28, Titulo Image, image, image), (28, Descripción, input, description), (28, Imagen de Formulario, image, image_responsive), (29, Título, input, title), (29, SubTitulo, input, sub_title), (29, Description, input, description), (29, Gráfica, image, image), (30, Título, input, title), (30, SubTitulo, input, sub_title), (30, Description, input, description), (31, Título, input, title), (31, SubTitulo, input, sub_title), (32, Título, input, title), (32, Descripción, editor_small, description), (32, Fondo, image, background), (32, Bot, image, image), (32, Speech, input, speech), (33, Banner, image, background), (33, Título, input, title), (34, Descripción, editor_large, description)) {"exception":"[object] (Illuminate\\Database\\QueryException(code: 23000): SQLSTATE[23000]: Integrity constraint violation: 1452 Cannot add or update a child row: a foreign key constraint fails (`playgroup_admin`.`master_fields`, CONSTRAINT `master_fields_master_section_id_foreign` FOREIGN KEY (`master_section_id`) REFERENCES `master_sections` (`id`)) (SQL: insert into `master_fields` (`master_section_id`, `name`, `type`, `variable`) values (1, Header, input, header), (1, Title, input, title), (1, Poster (para pantallas grandes), image, image), (1, Premio, image, award_image_home), (1, Personaje Play (visible solo en pantallas pequeñas), image, play-character_image_home), (2, Imagen, image, image), (2, Título, input, title), (2, Subtítulo, input, sub_title), (2, Imagen Digital Performance, image, image_dp), (2, Texto de Digital Performance, input, text_dp), (2, Imagen de Creativity Hub, image, image_ch), (2, Texto de Creativity Hub, input, text_ch), (2, Imagen de Software Factory, image, image_sf), (2, Texto de Software Factory, input, text_sf), (3, Título, input, title), (3, Subtitulo, input, subitle), (4, Título, input, title), (4, Subtitulo, input, subtitle), (5, Título, input, title), (5, Subtitulo, input, subtitle), (6, Título, input, title), (6, Subtitulo, input, subtitle), (6, Frase, input, frase), (7, Header, input, header), (7, Título, input, title), (7, Imagen de Fondo (visible solo en pantallas grandes), image, image_blog), (7, Personaje Play, image, play-character_image_home), (8, Título, input, title), (8, Subtitulo, input, subtitle), (9, Header, input, header), (9, Título, input, title), (9, Personaje Play, image, play-character_image_home), (9, Imagen de Fondo (visible solo en pantallas grandes), image, image), (9, Item 1, image, image_1), (9, Texto para item 1, input, text_1), (9, Item 2, image, image_2), (9, Texto para item 2, input, text_2), (9, Item 3, image, image_3), (9, Texto para item 3, input, text_3), (9, Item 4, image, image_4), (9, Texto para item 4, input, text_4), (10, Título, input, title), (10, Subtitulo, input, subtitle), (10, Frase, input, frase), (11, Título, input, title), (11, Subtitulo, input, subtitle), (11, Frase, input, frase), (12, Título, input, title), (12, Subtitulo, input, subtitle), (12, Frase, input, frase), (13, Título, input, title), (13, Subtitulo, input, subtitle), (13, Frase, input, frase), (14, Imagen, image, image), (14, Descripción, input, description), (15, Título, input, title), (16, Título, input, title), (17, Fondo, image, background), (17, Título, input, title), (17, Descripción, editor_small, description), (18, Fondo, image, background), (18, Titulo Image, image, image), (18, Descripción, input, description), (18, Imagen de Formulario, image, image_responsive), (19, Título, input, title), (19, SubTitulo, input, sub_title), (19, Description, input, description), (19, Gráfica, image, image), (20, Título, input, title), (20, SubTitulo, input, sub_title), (20, Description, input, description), (21, Título, input, title), (21, SubTitulo, input, sub_title), (22, Título, input, title), (22, Descripción, editor_small, description), (22, Fondo, image, background), (22, Bot, image, image), (22, Speech, input, speech), (23, Fondo, image, background), (23, Titulo Image, image, image), (23, Descripción, input, description), (23, Imagen de Formulario, image, image_responsive), (24, Título, input, title), (24, SubTitulo, input, sub_title), (24, Description, input, description), (24, Gráfica, image, image), (25, Título, input, title), (25, SubTitulo, input, sub_title), (25, Description, input, description), (26, Título, input, title), (26, SubTitulo, input, sub_title), (27, Título, input, title), (27, Descripción, editor_small, description), (27, Fondo, image, background), (27, Bot, image, image), (27, Speech, input, speech), (28, Fondo, image, background), (28, Titulo Image, image, image), (28, Descripción, input, description), (28, Imagen de Formulario, image, image_responsive), (29, Título, input, title), (29, SubTitulo, input, sub_title), (29, Description, input, description), (29, Gráfica, image, image), (30, Título, input, title), (30, SubTitulo, input, sub_title), (30, Description, input, description), (31, Título, input, title), (31, SubTitulo, input, sub_title), (32, Título, input, title), (32, Descripción, editor_small, description), (32, Fondo, image, background), (32, Bot, image, image), (32, Speech, input, speech), (33, Banner, image, background), (33, Título, input, title), (34, Descripción, editor_large, description)) at /home/alejandro/play-work/playgroup-admin---laravel/vendor/laravel/framework/src/Illuminate/Database/Connection.php:669)
[stacktrace]
#0 /home/alejandro/play-work/playgroup-admin---laravel/vendor/laravel/framework/src/Illuminate/Database/Connection.php(629): Illuminate\\Database\\Connection->runQueryCallback()
#1 /home/alejandro/play-work/playgroup-admin---laravel/vendor/laravel/framework/src/Illuminate/Database/Connection.php(464): Illuminate\\Database\\Connection->run()
#2 /home/alejandro/play-work/playgroup-admin---laravel/vendor/laravel/framework/src/Illuminate/Database/Connection.php(416): Illuminate\\Database\\Connection->statement()
#3 /home/alejandro/play-work/playgroup-admin---laravel/vendor/laravel/framework/src/Illuminate/Database/Query/Builder.php(2661): Illuminate\\Database\\Connection->insert()
#4 /home/alejandro/play-work/playgroup-admin---laravel/database/seeds/MasterFieldsTableSeeder.php(18): Illuminate\\Database\\Query\\Builder->insert()
#5 /home/alejandro/play-work/playgroup-admin---laravel/vendor/laravel/framework/src/Illuminate/Container/BoundMethod.php(36): MasterFieldsTableSeeder->run()
#6 /home/alejandro/play-work/playgroup-admin---laravel/vendor/laravel/framework/src/Illuminate/Container/Util.php(37): Illuminate\\Container\\BoundMethod::Illuminate\\Container\\{closure}()
#7 /home/alejandro/play-work/playgroup-admin---laravel/vendor/laravel/framework/src/Illuminate/Container/BoundMethod.php(93): Illuminate\\Container\\Util::unwrapIfClosure()
#8 /home/alejandro/play-work/playgroup-admin---laravel/vendor/laravel/framework/src/Illuminate/Container/BoundMethod.php(37): Illuminate\\Container\\BoundMethod::callBoundMethod()
#9 /home/alejandro/play-work/playgroup-admin---laravel/vendor/laravel/framework/src/Illuminate/Container/Container.php(590): Illuminate\\Container\\BoundMethod::call()
#10 /home/alejandro/play-work/playgroup-admin---laravel/vendor/laravel/framework/src/Illuminate/Database/Seeder.php(134): Illuminate\\Container\\Container->call()
#11 /home/alejandro/play-work/playgroup-admin---laravel/vendor/laravel/framework/src/Illuminate/Database/Seeder.php(48): Illuminate\\Database\\Seeder->__invoke()
#12 /home/alejandro/play-work/playgroup-admin---laravel/database/seeds/DatabaseSeeder.php(25): Illuminate\\Database\\Seeder->call()
#13 /home/alejandro/play-work/playgroup-admin---laravel/vendor/laravel/framework/src/Illuminate/Container/BoundMethod.php(36): DatabaseSeeder->run()
#14 /home/alejandro/play-work/playgroup-admin---laravel/vendor/laravel/framework/src/Illuminate/Container/Util.php(37): Illuminate\\Container\\BoundMethod::Illuminate\\Container\\{closure}()
#15 /home/alejandro/play-work/playgroup-admin---laravel/vendor/laravel/framework/src/Illuminate/Container/BoundMethod.php(93): Illuminate\\Container\\Util::unwrapIfClosure()
#16 /home/alejandro/play-work/playgroup-admin---laravel/vendor/laravel/framework/src/Illuminate/Container/BoundMethod.php(37): Illuminate\\Container\\BoundMethod::callBoundMethod()
#17 /home/alejandro/play-work/playgroup-admin---laravel/vendor/laravel/framework/src/Illuminate/Container/Container.php(590): Illuminate\\Container\\BoundMethod::call()
#18 /home/alejandro/play-work/playgroup-admin---laravel/vendor/laravel/framework/src/Illuminate/Database/Seeder.php(134): Illuminate\\Container\\Container->call()
#19 /home/alejandro/play-work/playgroup-admin---laravel/vendor/laravel/framework/src/Illuminate/Database/Console/Seeds/SeedCommand.php(63): Illuminate\\Database\\Seeder->__invoke()
#20 /home/alejandro/play-work/playgroup-admin---laravel/vendor/laravel/framework/src/Illuminate/Database/Eloquent/Concerns/GuardsAttributes.php(129): Illuminate\\Database\\Console\\Seeds\\SeedCommand->Illuminate\\Database\\Console\\Seeds\\{closure}()
#21 /home/alejandro/play-work/playgroup-admin---laravel/vendor/laravel/framework/src/Illuminate/Database/Console/Seeds/SeedCommand.php(64): Illuminate\\Database\\Eloquent\\Model::unguarded()
#22 /home/alejandro/play-work/playgroup-admin---laravel/vendor/laravel/framework/src/Illuminate/Container/BoundMethod.php(36): Illuminate\\Database\\Console\\Seeds\\SeedCommand->handle()
#23 /home/alejandro/play-work/playgroup-admin---laravel/vendor/laravel/framework/src/Illuminate/Container/Util.php(37): Illuminate\\Container\\BoundMethod::Illuminate\\Container\\{closure}()
#24 /home/alejandro/play-work/playgroup-admin---laravel/vendor/laravel/framework/src/Illuminate/Container/BoundMethod.php(93): Illuminate\\Container\\Util::unwrapIfClosure()
#25 /home/alejandro/play-work/playgroup-admin---laravel/vendor/laravel/framework/src/Illuminate/Container/BoundMethod.php(37): Illuminate\\Container\\BoundMethod::callBoundMethod()
#26 /home/alejandro/play-work/playgroup-admin---laravel/vendor/laravel/framework/src/Illuminate/Container/Container.php(590): Illuminate\\Container\\BoundMethod::call()
#27 /home/alejandro/play-work/playgroup-admin---laravel/vendor/laravel/framework/src/Illuminate/Console/Command.php(134): Illuminate\\Container\\Container->call()
#28 /home/alejandro/play-work/playgroup-admin---laravel/vendor/symfony/console/Command/Command.php(255): Illuminate\\Console\\Command->execute()
#29 /home/alejandro/play-work/playgroup-admin---laravel/vendor/laravel/framework/src/Illuminate/Console/Command.php(121): Symfony\\Component\\Console\\Command\\Command->run()
#30 /home/alejandro/play-work/playgroup-admin---laravel/vendor/symfony/console/Application.php(1021): Illuminate\\Console\\Command->run()
#31 /home/alejandro/play-work/playgroup-admin---laravel/vendor/symfony/console/Application.php(275): Symfony\\Component\\Console\\Application->doRunCommand()
#32 /home/alejandro/play-work/playgroup-admin---laravel/vendor/symfony/console/Application.php(149): Symfony\\Component\\Console\\Application->doRun()
#33 /home/alejandro/play-work/playgroup-admin---laravel/vendor/laravel/framework/src/Illuminate/Console/Application.php(93): Symfony\\Component\\Console\\Application->run()
#34 /home/alejandro/play-work/playgroup-admin---laravel/vendor/laravel/framework/src/Illuminate/Foundation/Console/Kernel.php(131): Illuminate\\Console\\Application->run()
#35 /home/alejandro/play-work/playgroup-admin---laravel/artisan(37): Illuminate\\Foundation\\Console\\Kernel->handle()
#36 {main}

[previous exception] [object] (Doctrine\\DBAL\\Driver\\PDO\\Exception(code: 23000): SQLSTATE[23000]: Integrity constraint violation: 1452 Cannot add or update a child row: a foreign key constraint fails (`playgroup_admin`.`master_fields`, CONSTRAINT `master_fields_master_section_id_foreign` FOREIGN KEY (`master_section_id`) REFERENCES `master_sections` (`id`)) at /home/alejandro/play-work/playgroup-admin---laravel/vendor/doctrine/dbal/lib/Doctrine/DBAL/Driver/PDO/Exception.php:18)
[stacktrace]
#0 /home/alejandro/play-work/playgroup-admin---laravel/vendor/doctrine/dbal/lib/Doctrine/DBAL/Driver/PDOStatement.php(119): Doctrine\\DBAL\\Driver\\PDO\\Exception::new()
#1 /home/alejandro/play-work/playgroup-admin---laravel/vendor/laravel/framework/src/Illuminate/Database/Connection.php(463): Doctrine\\DBAL\\Driver\\PDOStatement->execute()
#2 /home/alejandro/play-work/playgroup-admin---laravel/vendor/laravel/framework/src/Illuminate/Database/Connection.php(662): Illuminate\\Database\\Connection->Illuminate\\Database\\{closure}()
#3 /home/alejandro/play-work/playgroup-admin---laravel/vendor/laravel/framework/src/Illuminate/Database/Connection.php(629): Illuminate\\Database\\Connection->runQueryCallback()
#4 /home/alejandro/play-work/playgroup-admin---laravel/vendor/laravel/framework/src/Illuminate/Database/Connection.php(464): Illuminate\\Database\\Connection->run()
#5 /home/alejandro/play-work/playgroup-admin---laravel/vendor/laravel/framework/src/Illuminate/Database/Connection.php(416): Illuminate\\Database\\Connection->statement()
#6 /home/alejandro/play-work/playgroup-admin---laravel/vendor/laravel/framework/src/Illuminate/Database/Query/Builder.php(2661): Illuminate\\Database\\Connection->insert()
#7 /home/alejandro/play-work/playgroup-admin---laravel/database/seeds/MasterFieldsTableSeeder.php(18): Illuminate\\Database\\Query\\Builder->insert()
#8 /home/alejandro/play-work/playgroup-admin---laravel/vendor/laravel/framework/src/Illuminate/Container/BoundMethod.php(36): MasterFieldsTableSeeder->run()
#9 /home/alejandro/play-work/playgroup-admin---laravel/vendor/laravel/framework/src/Illuminate/Container/Util.php(37): Illuminate\\Container\\BoundMethod::Illuminate\\Container\\{closure}()
#10 /home/alejandro/play-work/playgroup-admin---laravel/vendor/laravel/framework/src/Illuminate/Container/BoundMethod.php(93): Illuminate\\Container\\Util::unwrapIfClosure()
#11 /home/alejandro/play-work/playgroup-admin---laravel/vendor/laravel/framework/src/Illuminate/Container/BoundMethod.php(37): Illuminate\\Container\\BoundMethod::callBoundMethod()
#12 /home/alejandro/play-work/playgroup-admin---laravel/vendor/laravel/framework/src/Illuminate/Container/Container.php(590): Illuminate\\Container\\BoundMethod::call()
#13 /home/alejandro/play-work/playgroup-admin---laravel/vendor/laravel/framework/src/Illuminate/Database/Seeder.php(134): Illuminate\\Container\\Container->call()
#14 /home/alejandro/play-work/playgroup-admin---laravel/vendor/laravel/framework/src/Illuminate/Database/Seeder.php(48): Illuminate\\Database\\Seeder->__invoke()
#15 /home/alejandro/play-work/playgroup-admin---laravel/database/seeds/DatabaseSeeder.php(25): Illuminate\\Database\\Seeder->call()
#16 /home/alejandro/play-work/playgroup-admin---laravel/vendor/laravel/framework/src/Illuminate/Container/BoundMethod.php(36): DatabaseSeeder->run()
#17 /home/alejandro/play-work/playgroup-admin---laravel/vendor/laravel/framework/src/Illuminate/Container/Util.php(37): Illuminate\\Container\\BoundMethod::Illuminate\\Container\\{closure}()
#18 /home/alejandro/play-work/playgroup-admin---laravel/vendor/laravel/framework/src/Illuminate/Container/BoundMethod.php(93): Illuminate\\Container\\Util::unwrapIfClosure()
#19 /home/alejandro/play-work/playgroup-admin---laravel/vendor/laravel/framework/src/Illuminate/Container/BoundMethod.php(37): Illuminate\\Container\\BoundMethod::callBoundMethod()
#20 /home/alejandro/play-work/playgroup-admin---laravel/vendor/laravel/framework/src/Illuminate/Container/Container.php(590): Illuminate\\Container\\BoundMethod::call()
#21 /home/alejandro/play-work/playgroup-admin---laravel/vendor/laravel/framework/src/Illuminate/Database/Seeder.php(134): Illuminate\\Container\\Container->call()
#22 /home/alejandro/play-work/playgroup-admin---laravel/vendor/laravel/framework/src/Illuminate/Database/Console/Seeds/SeedCommand.php(63): Illuminate\\Database\\Seeder->__invoke()
#23 /home/alejandro/play-work/playgroup-admin---laravel/vendor/laravel/framework/src/Illuminate/Database/Eloquent/Concerns/GuardsAttributes.php(129): Illuminate\\Database\\Console\\Seeds\\SeedCommand->Illuminate\\Database\\Console\\Seeds\\{closure}()
#24 /home/alejandro/play-work/playgroup-admin---laravel/vendor/laravel/framework/src/Illuminate/Database/Console/Seeds/SeedCommand.php(64): Illuminate\\Database\\Eloquent\\Model::unguarded()
#25 /home/alejandro/play-work/playgroup-admin---laravel/vendor/laravel/framework/src/Illuminate/Container/BoundMethod.php(36): Illuminate\\Database\\Console\\Seeds\\SeedCommand->handle()
#26 /home/alejandro/play-work/playgroup-admin---laravel/vendor/laravel/framework/src/Illuminate/Container/Util.php(37): Illuminate\\Container\\BoundMethod::Illuminate\\Container\\{closure}()
#27 /home/alejandro/play-work/playgroup-admin---laravel/vendor/laravel/framework/src/Illuminate/Container/BoundMethod.php(93): Illuminate\\Container\\Util::unwrapIfClosure()
#28 /home/alejandro/play-work/playgroup-admin---laravel/vendor/laravel/framework/src/Illuminate/Container/BoundMethod.php(37): Illuminate\\Container\\BoundMethod::callBoundMethod()
#29 /home/alejandro/play-work/playgroup-admin---laravel/vendor/laravel/framework/src/Illuminate/Container/Container.php(590): Illuminate\\Container\\BoundMethod::call()
#30 /home/alejandro/play-work/playgroup-admin---laravel/vendor/laravel/framework/src/Illuminate/Console/Command.php(134): Illuminate\\Container\\Container->call()
#31 /home/alejandro/play-work/playgroup-admin---laravel/vendor/symfony/console/Command/Command.php(255): Illuminate\\Console\\Command->execute()
#32 /home/alejandro/play-work/playgroup-admin---laravel/vendor/laravel/framework/src/Illuminate/Console/Command.php(121): Symfony\\Component\\Console\\Command\\Command->run()
#33 /home/alejandro/play-work/playgroup-admin---laravel/vendor/symfony/console/Application.php(1021): Illuminate\\Console\\Command->run()
#34 /home/alejandro/play-work/playgroup-admin---laravel/vendor/symfony/console/Application.php(275): Symfony\\Component\\Console\\Application->doRunCommand()
#35 /home/alejandro/play-work/playgroup-admin---laravel/vendor/symfony/console/Application.php(149): Symfony\\Component\\Console\\Application->doRun()
#36 /home/alejandro/play-work/playgroup-admin---laravel/vendor/laravel/framework/src/Illuminate/Console/Application.php(93): Symfony\\Component\\Console\\Application->run()
#37 /home/alejandro/play-work/playgroup-admin---laravel/vendor/laravel/framework/src/Illuminate/Foundation/Console/Kernel.php(131): Illuminate\\Console\\Application->run()
#38 /home/alejandro/play-work/playgroup-admin---laravel/artisan(37): Illuminate\\Foundation\\Console\\Kernel->handle()
#39 {main}

[previous exception] [object] (PDOException(code: 23000): SQLSTATE[23000]: Integrity constraint violation: 1452 Cannot add or update a child row: a foreign key constraint fails (`playgroup_admin`.`master_fields`, CONSTRAINT `master_fields_master_section_id_foreign` FOREIGN KEY (`master_section_id`) REFERENCES `master_sections` (`id`)) at /home/alejandro/play-work/playgroup-admin---laravel/vendor/doctrine/dbal/lib/Doctrine/DBAL/Driver/PDOStatement.php:117)
[stacktrace]
#0 /home/alejandro/play-work/playgroup-admin---laravel/vendor/doctrine/dbal/lib/Doctrine/DBAL/Driver/PDOStatement.php(117): PDOStatement->execute()
#1 /home/alejandro/play-work/playgroup-admin---laravel/vendor/laravel/framework/src/Illuminate/Database/Connection.php(463): Doctrine\\DBAL\\Driver\\PDOStatement->execute()
#2 /home/alejandro/play-work/playgroup-admin---laravel/vendor/laravel/framework/src/Illuminate/Database/Connection.php(662): Illuminate\\Database\\Connection->Illuminate\\Database\\{closure}()
#3 /home/alejandro/play-work/playgroup-admin---laravel/vendor/laravel/framework/src/Illuminate/Database/Connection.php(629): Illuminate\\Database\\Connection->runQueryCallback()
#4 /home/alejandro/play-work/playgroup-admin---laravel/vendor/laravel/framework/src/Illuminate/Database/Connection.php(464): Illuminate\\Database\\Connection->run()
#5 /home/alejandro/play-work/playgroup-admin---laravel/vendor/laravel/framework/src/Illuminate/Database/Connection.php(416): Illuminate\\Database\\Connection->statement()
#6 /home/alejandro/play-work/playgroup-admin---laravel/vendor/laravel/framework/src/Illuminate/Database/Query/Builder.php(2661): Illuminate\\Database\\Connection->insert()
#7 /home/alejandro/play-work/playgroup-admin---laravel/database/seeds/MasterFieldsTableSeeder.php(18): Illuminate\\Database\\Query\\Builder->insert()
#8 /home/alejandro/play-work/playgroup-admin---laravel/vendor/laravel/framework/src/Illuminate/Container/BoundMethod.php(36): MasterFieldsTableSeeder->run()
#9 /home/alejandro/play-work/playgroup-admin---laravel/vendor/laravel/framework/src/Illuminate/Container/Util.php(37): Illuminate\\Container\\BoundMethod::Illuminate\\Container\\{closure}()
#10 /home/alejandro/play-work/playgroup-admin---laravel/vendor/laravel/framework/src/Illuminate/Container/BoundMethod.php(93): Illuminate\\Container\\Util::unwrapIfClosure()
#11 /home/alejandro/play-work/playgroup-admin---laravel/vendor/laravel/framework/src/Illuminate/Container/BoundMethod.php(37): Illuminate\\Container\\BoundMethod::callBoundMethod()
#12 /home/alejandro/play-work/playgroup-admin---laravel/vendor/laravel/framework/src/Illuminate/Container/Container.php(590): Illuminate\\Container\\BoundMethod::call()
#13 /home/alejandro/play-work/playgroup-admin---laravel/vendor/laravel/framework/src/Illuminate/Database/Seeder.php(134): Illuminate\\Container\\Container->call()
#14 /home/alejandro/play-work/playgroup-admin---laravel/vendor/laravel/framework/src/Illuminate/Database/Seeder.php(48): Illuminate\\Database\\Seeder->__invoke()
#15 /home/alejandro/play-work/playgroup-admin---laravel/database/seeds/DatabaseSeeder.php(25): Illuminate\\Database\\Seeder->call()
#16 /home/alejandro/play-work/playgroup-admin---laravel/vendor/laravel/framework/src/Illuminate/Container/BoundMethod.php(36): DatabaseSeeder->run()
#17 /home/alejandro/play-work/playgroup-admin---laravel/vendor/laravel/framework/src/Illuminate/Container/Util.php(37): Illuminate\\Container\\BoundMethod::Illuminate\\Container\\{closure}()
#18 /home/alejandro/play-work/playgroup-admin---laravel/vendor/laravel/framework/src/Illuminate/Container/BoundMethod.php(93): Illuminate\\Container\\Util::unwrapIfClosure()
#19 /home/alejandro/play-work/playgroup-admin---laravel/vendor/laravel/framework/src/Illuminate/Container/BoundMethod.php(37): Illuminate\\Container\\BoundMethod::callBoundMethod()
#20 /home/alejandro/play-work/playgroup-admin---laravel/vendor/laravel/framework/src/Illuminate/Container/Container.php(590): Illuminate\\Container\\BoundMethod::call()
#21 /home/alejandro/play-work/playgroup-admin---laravel/vendor/laravel/framework/src/Illuminate/Database/Seeder.php(134): Illuminate\\Container\\Container->call()
#22 /home/alejandro/play-work/playgroup-admin---laravel/vendor/laravel/framework/src/Illuminate/Database/Console/Seeds/SeedCommand.php(63): Illuminate\\Database\\Seeder->__invoke()
#23 /home/alejandro/play-work/playgroup-admin---laravel/vendor/laravel/framework/src/Illuminate/Database/Eloquent/Concerns/GuardsAttributes.php(129): Illuminate\\Database\\Console\\Seeds\\SeedCommand->Illuminate\\Database\\Console\\Seeds\\{closure}()
#24 /home/alejandro/play-work/playgroup-admin---laravel/vendor/laravel/framework/src/Illuminate/Database/Console/Seeds/SeedCommand.php(64): Illuminate\\Database\\Eloquent\\Model::unguarded()
#25 /home/alejandro/play-work/playgroup-admin---laravel/vendor/laravel/framework/src/Illuminate/Container/BoundMethod.php(36): Illuminate\\Database\\Console\\Seeds\\SeedCommand->handle()
#26 /home/alejandro/play-work/playgroup-admin---laravel/vendor/laravel/framework/src/Illuminate/Container/Util.php(37): Illuminate\\Container\\BoundMethod::Illuminate\\Container\\{closure}()
#27 /home/alejandro/play-work/playgroup-admin---laravel/vendor/laravel/framework/src/Illuminate/Container/BoundMethod.php(93): Illuminate\\Container\\Util::unwrapIfClosure()
#28 /home/alejandro/play-work/playgroup-admin---laravel/vendor/laravel/framework/src/Illuminate/Container/BoundMethod.php(37): Illuminate\\Container\\BoundMethod::callBoundMethod()
#29 /home/alejandro/play-work/playgroup-admin---laravel/vendor/laravel/framework/src/Illuminate/Container/Container.php(590): Illuminate\\Container\\BoundMethod::call()
#30 /home/alejandro/play-work/playgroup-admin---laravel/vendor/laravel/framework/src/Illuminate/Console/Command.php(134): Illuminate\\Container\\Container->call()
#31 /home/alejandro/play-work/playgroup-admin---laravel/vendor/symfony/console/Command/Command.php(255): Illuminate\\Console\\Command->execute()
#32 /home/alejandro/play-work/playgroup-admin---laravel/vendor/laravel/framework/src/Illuminate/Console/Command.php(121): Symfony\\Component\\Console\\Command\\Command->run()
#33 /home/alejandro/play-work/playgroup-admin---laravel/vendor/symfony/console/Application.php(1021): Illuminate\\Console\\Command->run()
#34 /home/alejandro/play-work/playgroup-admin---laravel/vendor/symfony/console/Application.php(275): Symfony\\Component\\Console\\Application->doRunCommand()
#35 /home/alejandro/play-work/playgroup-admin---laravel/vendor/symfony/console/Application.php(149): Symfony\\Component\\Console\\Application->doRun()
#36 /home/alejandro/play-work/playgroup-admin---laravel/vendor/laravel/framework/src/Illuminate/Console/Application.php(93): Symfony\\Component\\Console\\Application->run()
#37 /home/alejandro/play-work/playgroup-admin---laravel/vendor/laravel/framework/src/Illuminate/Foundation/Console/Kernel.php(131): Illuminate\\Console\\Application->run()
#38 /home/alejandro/play-work/playgroup-admin---laravel/artisan(37): Illuminate\\Foundation\\Console\\Kernel->handle()
#39 {main}
"} 
[2025-05-17 18:04:27] local.ERROR: SQLSTATE[23000]: Integrity constraint violation: 1062 Duplicate entry 'john' for key 'users.users_username_unique' (SQL: insert into `users` (`email`, `full_name`, `password`, `role_id`, `status`, `username`) values (jft@pglatam.com, John Timoteo, $2y$10$IxPH10Yir0q8.QFnqpKnZ.v3Tp2AXwEGoQznMOBMgAke6FaE7pY1i, 1, 1, john), (joseph@play.com, Joseph Padilla Garcia, $2y$10$6v1A8dSp3JkeQekQXwJAUe6t.ywsIonnT5GjRfscB6m8oT8m4rRFq, 1, 1, joseph), (play@play.com, playgroup, $2y$10$WZX2dxKPN5HvHeVJmOSkz.8CZpnUwF4yiHQZGsAhuPpwICIrVB5F., 1, 1, playgroup)) {"exception":"[object] (Illuminate\\Database\\QueryException(code: 23000): SQLSTATE[23000]: Integrity constraint violation: 1062 Duplicate entry 'john' for key 'users.users_username_unique' (SQL: insert into `users` (`email`, `full_name`, `password`, `role_id`, `status`, `username`) values (jft@pglatam.com, John Timoteo, $2y$10$IxPH10Yir0q8.QFnqpKnZ.v3Tp2AXwEGoQznMOBMgAke6FaE7pY1i, 1, 1, john), (joseph@play.com, Joseph Padilla Garcia, $2y$10$6v1A8dSp3JkeQekQXwJAUe6t.ywsIonnT5GjRfscB6m8oT8m4rRFq, 1, 1, joseph), (play@play.com, playgroup, $2y$10$WZX2dxKPN5HvHeVJmOSkz.8CZpnUwF4yiHQZGsAhuPpwICIrVB5F., 1, 1, playgroup)) at /home/alejandro/play-work/playgroup-admin---laravel/vendor/laravel/framework/src/Illuminate/Database/Connection.php:669)
[stacktrace]
#0 /home/alejandro/play-work/playgroup-admin---laravel/vendor/laravel/framework/src/Illuminate/Database/Connection.php(629): Illuminate\\Database\\Connection->runQueryCallback()
#1 /home/alejandro/play-work/playgroup-admin---laravel/vendor/laravel/framework/src/Illuminate/Database/Connection.php(464): Illuminate\\Database\\Connection->run()
#2 /home/alejandro/play-work/playgroup-admin---laravel/vendor/laravel/framework/src/Illuminate/Database/Connection.php(416): Illuminate\\Database\\Connection->statement()
#3 /home/alejandro/play-work/playgroup-admin---laravel/vendor/laravel/framework/src/Illuminate/Database/Query/Builder.php(2661): Illuminate\\Database\\Connection->insert()
#4 /home/alejandro/play-work/playgroup-admin---laravel/database/seeds/UsersTableSeeder.php(37): Illuminate\\Database\\Query\\Builder->insert()
#5 /home/alejandro/play-work/playgroup-admin---laravel/vendor/laravel/framework/src/Illuminate/Container/BoundMethod.php(36): UsersTableSeeder->run()
#6 /home/alejandro/play-work/playgroup-admin---laravel/vendor/laravel/framework/src/Illuminate/Container/Util.php(37): Illuminate\\Container\\BoundMethod::Illuminate\\Container\\{closure}()
#7 /home/alejandro/play-work/playgroup-admin---laravel/vendor/laravel/framework/src/Illuminate/Container/BoundMethod.php(93): Illuminate\\Container\\Util::unwrapIfClosure()
#8 /home/alejandro/play-work/playgroup-admin---laravel/vendor/laravel/framework/src/Illuminate/Container/BoundMethod.php(37): Illuminate\\Container\\BoundMethod::callBoundMethod()
#9 /home/alejandro/play-work/playgroup-admin---laravel/vendor/laravel/framework/src/Illuminate/Container/Container.php(590): Illuminate\\Container\\BoundMethod::call()
#10 /home/alejandro/play-work/playgroup-admin---laravel/vendor/laravel/framework/src/Illuminate/Database/Seeder.php(134): Illuminate\\Container\\Container->call()
#11 /home/alejandro/play-work/playgroup-admin---laravel/vendor/laravel/framework/src/Illuminate/Database/Seeder.php(48): Illuminate\\Database\\Seeder->__invoke()
#12 /home/alejandro/play-work/playgroup-admin---laravel/database/seeds/DatabaseSeeder.php(20): Illuminate\\Database\\Seeder->call()
#13 /home/alejandro/play-work/playgroup-admin---laravel/vendor/laravel/framework/src/Illuminate/Container/BoundMethod.php(36): DatabaseSeeder->run()
#14 /home/alejandro/play-work/playgroup-admin---laravel/vendor/laravel/framework/src/Illuminate/Container/Util.php(37): Illuminate\\Container\\BoundMethod::Illuminate\\Container\\{closure}()
#15 /home/alejandro/play-work/playgroup-admin---laravel/vendor/laravel/framework/src/Illuminate/Container/BoundMethod.php(93): Illuminate\\Container\\Util::unwrapIfClosure()
#16 /home/alejandro/play-work/playgroup-admin---laravel/vendor/laravel/framework/src/Illuminate/Container/BoundMethod.php(37): Illuminate\\Container\\BoundMethod::callBoundMethod()
#17 /home/alejandro/play-work/playgroup-admin---laravel/vendor/laravel/framework/src/Illuminate/Container/Container.php(590): Illuminate\\Container\\BoundMethod::call()
#18 /home/alejandro/play-work/playgroup-admin---laravel/vendor/laravel/framework/src/Illuminate/Database/Seeder.php(134): Illuminate\\Container\\Container->call()
#19 /home/alejandro/play-work/playgroup-admin---laravel/vendor/laravel/framework/src/Illuminate/Database/Console/Seeds/SeedCommand.php(63): Illuminate\\Database\\Seeder->__invoke()
#20 /home/alejandro/play-work/playgroup-admin---laravel/vendor/laravel/framework/src/Illuminate/Database/Eloquent/Concerns/GuardsAttributes.php(129): Illuminate\\Database\\Console\\Seeds\\SeedCommand->Illuminate\\Database\\Console\\Seeds\\{closure}()
#21 /home/alejandro/play-work/playgroup-admin---laravel/vendor/laravel/framework/src/Illuminate/Database/Console/Seeds/SeedCommand.php(64): Illuminate\\Database\\Eloquent\\Model::unguarded()
#22 /home/alejandro/play-work/playgroup-admin---laravel/vendor/laravel/framework/src/Illuminate/Container/BoundMethod.php(36): Illuminate\\Database\\Console\\Seeds\\SeedCommand->handle()
#23 /home/alejandro/play-work/playgroup-admin---laravel/vendor/laravel/framework/src/Illuminate/Container/Util.php(37): Illuminate\\Container\\BoundMethod::Illuminate\\Container\\{closure}()
#24 /home/alejandro/play-work/playgroup-admin---laravel/vendor/laravel/framework/src/Illuminate/Container/BoundMethod.php(93): Illuminate\\Container\\Util::unwrapIfClosure()
#25 /home/alejandro/play-work/playgroup-admin---laravel/vendor/laravel/framework/src/Illuminate/Container/BoundMethod.php(37): Illuminate\\Container\\BoundMethod::callBoundMethod()
#26 /home/alejandro/play-work/playgroup-admin---laravel/vendor/laravel/framework/src/Illuminate/Container/Container.php(590): Illuminate\\Container\\BoundMethod::call()
#27 /home/alejandro/play-work/playgroup-admin---laravel/vendor/laravel/framework/src/Illuminate/Console/Command.php(134): Illuminate\\Container\\Container->call()
#28 /home/alejandro/play-work/playgroup-admin---laravel/vendor/symfony/console/Command/Command.php(255): Illuminate\\Console\\Command->execute()
#29 /home/alejandro/play-work/playgroup-admin---laravel/vendor/laravel/framework/src/Illuminate/Console/Command.php(121): Symfony\\Component\\Console\\Command\\Command->run()
#30 /home/alejandro/play-work/playgroup-admin---laravel/vendor/symfony/console/Application.php(1021): Illuminate\\Console\\Command->run()
#31 /home/alejandro/play-work/playgroup-admin---laravel/vendor/symfony/console/Application.php(275): Symfony\\Component\\Console\\Application->doRunCommand()
#32 /home/alejandro/play-work/playgroup-admin---laravel/vendor/symfony/console/Application.php(149): Symfony\\Component\\Console\\Application->doRun()
#33 /home/alejandro/play-work/playgroup-admin---laravel/vendor/laravel/framework/src/Illuminate/Console/Application.php(93): Symfony\\Component\\Console\\Application->run()
#34 /home/alejandro/play-work/playgroup-admin---laravel/vendor/laravel/framework/src/Illuminate/Foundation/Console/Kernel.php(131): Illuminate\\Console\\Application->run()
#35 /home/alejandro/play-work/playgroup-admin---laravel/artisan(37): Illuminate\\Foundation\\Console\\Kernel->handle()
#36 {main}

[previous exception] [object] (Doctrine\\DBAL\\Driver\\PDO\\Exception(code: 23000): SQLSTATE[23000]: Integrity constraint violation: 1062 Duplicate entry 'john' for key 'users.users_username_unique' at /home/alejandro/play-work/playgroup-admin---laravel/vendor/doctrine/dbal/lib/Doctrine/DBAL/Driver/PDO/Exception.php:18)
[stacktrace]
#0 /home/alejandro/play-work/playgroup-admin---laravel/vendor/doctrine/dbal/lib/Doctrine/DBAL/Driver/PDOStatement.php(119): Doctrine\\DBAL\\Driver\\PDO\\Exception::new()
#1 /home/alejandro/play-work/playgroup-admin---laravel/vendor/laravel/framework/src/Illuminate/Database/Connection.php(463): Doctrine\\DBAL\\Driver\\PDOStatement->execute()
#2 /home/alejandro/play-work/playgroup-admin---laravel/vendor/laravel/framework/src/Illuminate/Database/Connection.php(662): Illuminate\\Database\\Connection->Illuminate\\Database\\{closure}()
#3 /home/alejandro/play-work/playgroup-admin---laravel/vendor/laravel/framework/src/Illuminate/Database/Connection.php(629): Illuminate\\Database\\Connection->runQueryCallback()
#4 /home/alejandro/play-work/playgroup-admin---laravel/vendor/laravel/framework/src/Illuminate/Database/Connection.php(464): Illuminate\\Database\\Connection->run()
#5 /home/alejandro/play-work/playgroup-admin---laravel/vendor/laravel/framework/src/Illuminate/Database/Connection.php(416): Illuminate\\Database\\Connection->statement()
#6 /home/alejandro/play-work/playgroup-admin---laravel/vendor/laravel/framework/src/Illuminate/Database/Query/Builder.php(2661): Illuminate\\Database\\Connection->insert()
#7 /home/alejandro/play-work/playgroup-admin---laravel/database/seeds/UsersTableSeeder.php(37): Illuminate\\Database\\Query\\Builder->insert()
#8 /home/alejandro/play-work/playgroup-admin---laravel/vendor/laravel/framework/src/Illuminate/Container/BoundMethod.php(36): UsersTableSeeder->run()
#9 /home/alejandro/play-work/playgroup-admin---laravel/vendor/laravel/framework/src/Illuminate/Container/Util.php(37): Illuminate\\Container\\BoundMethod::Illuminate\\Container\\{closure}()
#10 /home/alejandro/play-work/playgroup-admin---laravel/vendor/laravel/framework/src/Illuminate/Container/BoundMethod.php(93): Illuminate\\Container\\Util::unwrapIfClosure()
#11 /home/alejandro/play-work/playgroup-admin---laravel/vendor/laravel/framework/src/Illuminate/Container/BoundMethod.php(37): Illuminate\\Container\\BoundMethod::callBoundMethod()
#12 /home/alejandro/play-work/playgroup-admin---laravel/vendor/laravel/framework/src/Illuminate/Container/Container.php(590): Illuminate\\Container\\BoundMethod::call()
#13 /home/alejandro/play-work/playgroup-admin---laravel/vendor/laravel/framework/src/Illuminate/Database/Seeder.php(134): Illuminate\\Container\\Container->call()
#14 /home/alejandro/play-work/playgroup-admin---laravel/vendor/laravel/framework/src/Illuminate/Database/Seeder.php(48): Illuminate\\Database\\Seeder->__invoke()
#15 /home/alejandro/play-work/playgroup-admin---laravel/database/seeds/DatabaseSeeder.php(20): Illuminate\\Database\\Seeder->call()
#16 /home/alejandro/play-work/playgroup-admin---laravel/vendor/laravel/framework/src/Illuminate/Container/BoundMethod.php(36): DatabaseSeeder->run()
#17 /home/alejandro/play-work/playgroup-admin---laravel/vendor/laravel/framework/src/Illuminate/Container/Util.php(37): Illuminate\\Container\\BoundMethod::Illuminate\\Container\\{closure}()
#18 /home/alejandro/play-work/playgroup-admin---laravel/vendor/laravel/framework/src/Illuminate/Container/BoundMethod.php(93): Illuminate\\Container\\Util::unwrapIfClosure()
#19 /home/alejandro/play-work/playgroup-admin---laravel/vendor/laravel/framework/src/Illuminate/Container/BoundMethod.php(37): Illuminate\\Container\\BoundMethod::callBoundMethod()
#20 /home/alejandro/play-work/playgroup-admin---laravel/vendor/laravel/framework/src/Illuminate/Container/Container.php(590): Illuminate\\Container\\BoundMethod::call()
#21 /home/alejandro/play-work/playgroup-admin---laravel/vendor/laravel/framework/src/Illuminate/Database/Seeder.php(134): Illuminate\\Container\\Container->call()
#22 /home/alejandro/play-work/playgroup-admin---laravel/vendor/laravel/framework/src/Illuminate/Database/Console/Seeds/SeedCommand.php(63): Illuminate\\Database\\Seeder->__invoke()
#23 /home/alejandro/play-work/playgroup-admin---laravel/vendor/laravel/framework/src/Illuminate/Database/Eloquent/Concerns/GuardsAttributes.php(129): Illuminate\\Database\\Console\\Seeds\\SeedCommand->Illuminate\\Database\\Console\\Seeds\\{closure}()
#24 /home/alejandro/play-work/playgroup-admin---laravel/vendor/laravel/framework/src/Illuminate/Database/Console/Seeds/SeedCommand.php(64): Illuminate\\Database\\Eloquent\\Model::unguarded()
#25 /home/alejandro/play-work/playgroup-admin---laravel/vendor/laravel/framework/src/Illuminate/Container/BoundMethod.php(36): Illuminate\\Database\\Console\\Seeds\\SeedCommand->handle()
#26 /home/alejandro/play-work/playgroup-admin---laravel/vendor/laravel/framework/src/Illuminate/Container/Util.php(37): Illuminate\\Container\\BoundMethod::Illuminate\\Container\\{closure}()
#27 /home/alejandro/play-work/playgroup-admin---laravel/vendor/laravel/framework/src/Illuminate/Container/BoundMethod.php(93): Illuminate\\Container\\Util::unwrapIfClosure()
#28 /home/alejandro/play-work/playgroup-admin---laravel/vendor/laravel/framework/src/Illuminate/Container/BoundMethod.php(37): Illuminate\\Container\\BoundMethod::callBoundMethod()
#29 /home/alejandro/play-work/playgroup-admin---laravel/vendor/laravel/framework/src/Illuminate/Container/Container.php(590): Illuminate\\Container\\BoundMethod::call()
#30 /home/alejandro/play-work/playgroup-admin---laravel/vendor/laravel/framework/src/Illuminate/Console/Command.php(134): Illuminate\\Container\\Container->call()
#31 /home/alejandro/play-work/playgroup-admin---laravel/vendor/symfony/console/Command/Command.php(255): Illuminate\\Console\\Command->execute()
#32 /home/alejandro/play-work/playgroup-admin---laravel/vendor/laravel/framework/src/Illuminate/Console/Command.php(121): Symfony\\Component\\Console\\Command\\Command->run()
#33 /home/alejandro/play-work/playgroup-admin---laravel/vendor/symfony/console/Application.php(1021): Illuminate\\Console\\Command->run()
#34 /home/alejandro/play-work/playgroup-admin---laravel/vendor/symfony/console/Application.php(275): Symfony\\Component\\Console\\Application->doRunCommand()
#35 /home/alejandro/play-work/playgroup-admin---laravel/vendor/symfony/console/Application.php(149): Symfony\\Component\\Console\\Application->doRun()
#36 /home/alejandro/play-work/playgroup-admin---laravel/vendor/laravel/framework/src/Illuminate/Console/Application.php(93): Symfony\\Component\\Console\\Application->run()
#37 /home/alejandro/play-work/playgroup-admin---laravel/vendor/laravel/framework/src/Illuminate/Foundation/Console/Kernel.php(131): Illuminate\\Console\\Application->run()
#38 /home/alejandro/play-work/playgroup-admin---laravel/artisan(37): Illuminate\\Foundation\\Console\\Kernel->handle()
#39 {main}

[previous exception] [object] (PDOException(code: 23000): SQLSTATE[23000]: Integrity constraint violation: 1062 Duplicate entry 'john' for key 'users.users_username_unique' at /home/alejandro/play-work/playgroup-admin---laravel/vendor/doctrine/dbal/lib/Doctrine/DBAL/Driver/PDOStatement.php:117)
[stacktrace]
#0 /home/alejandro/play-work/playgroup-admin---laravel/vendor/doctrine/dbal/lib/Doctrine/DBAL/Driver/PDOStatement.php(117): PDOStatement->execute()
#1 /home/alejandro/play-work/playgroup-admin---laravel/vendor/laravel/framework/src/Illuminate/Database/Connection.php(463): Doctrine\\DBAL\\Driver\\PDOStatement->execute()
#2 /home/alejandro/play-work/playgroup-admin---laravel/vendor/laravel/framework/src/Illuminate/Database/Connection.php(662): Illuminate\\Database\\Connection->Illuminate\\Database\\{closure}()
#3 /home/alejandro/play-work/playgroup-admin---laravel/vendor/laravel/framework/src/Illuminate/Database/Connection.php(629): Illuminate\\Database\\Connection->runQueryCallback()
#4 /home/alejandro/play-work/playgroup-admin---laravel/vendor/laravel/framework/src/Illuminate/Database/Connection.php(464): Illuminate\\Database\\Connection->run()
#5 /home/alejandro/play-work/playgroup-admin---laravel/vendor/laravel/framework/src/Illuminate/Database/Connection.php(416): Illuminate\\Database\\Connection->statement()
#6 /home/alejandro/play-work/playgroup-admin---laravel/vendor/laravel/framework/src/Illuminate/Database/Query/Builder.php(2661): Illuminate\\Database\\Connection->insert()
#7 /home/alejandro/play-work/playgroup-admin---laravel/database/seeds/UsersTableSeeder.php(37): Illuminate\\Database\\Query\\Builder->insert()
#8 /home/alejandro/play-work/playgroup-admin---laravel/vendor/laravel/framework/src/Illuminate/Container/BoundMethod.php(36): UsersTableSeeder->run()
#9 /home/alejandro/play-work/playgroup-admin---laravel/vendor/laravel/framework/src/Illuminate/Container/Util.php(37): Illuminate\\Container\\BoundMethod::Illuminate\\Container\\{closure}()
#10 /home/alejandro/play-work/playgroup-admin---laravel/vendor/laravel/framework/src/Illuminate/Container/BoundMethod.php(93): Illuminate\\Container\\Util::unwrapIfClosure()
#11 /home/alejandro/play-work/playgroup-admin---laravel/vendor/laravel/framework/src/Illuminate/Container/BoundMethod.php(37): Illuminate\\Container\\BoundMethod::callBoundMethod()
#12 /home/alejandro/play-work/playgroup-admin---laravel/vendor/laravel/framework/src/Illuminate/Container/Container.php(590): Illuminate\\Container\\BoundMethod::call()
#13 /home/alejandro/play-work/playgroup-admin---laravel/vendor/laravel/framework/src/Illuminate/Database/Seeder.php(134): Illuminate\\Container\\Container->call()
#14 /home/alejandro/play-work/playgroup-admin---laravel/vendor/laravel/framework/src/Illuminate/Database/Seeder.php(48): Illuminate\\Database\\Seeder->__invoke()
#15 /home/alejandro/play-work/playgroup-admin---laravel/database/seeds/DatabaseSeeder.php(20): Illuminate\\Database\\Seeder->call()
#16 /home/alejandro/play-work/playgroup-admin---laravel/vendor/laravel/framework/src/Illuminate/Container/BoundMethod.php(36): DatabaseSeeder->run()
#17 /home/alejandro/play-work/playgroup-admin---laravel/vendor/laravel/framework/src/Illuminate/Container/Util.php(37): Illuminate\\Container\\BoundMethod::Illuminate\\Container\\{closure}()
#18 /home/alejandro/play-work/playgroup-admin---laravel/vendor/laravel/framework/src/Illuminate/Container/BoundMethod.php(93): Illuminate\\Container\\Util::unwrapIfClosure()
#19 /home/alejandro/play-work/playgroup-admin---laravel/vendor/laravel/framework/src/Illuminate/Container/BoundMethod.php(37): Illuminate\\Container\\BoundMethod::callBoundMethod()
#20 /home/alejandro/play-work/playgroup-admin---laravel/vendor/laravel/framework/src/Illuminate/Container/Container.php(590): Illuminate\\Container\\BoundMethod::call()
#21 /home/alejandro/play-work/playgroup-admin---laravel/vendor/laravel/framework/src/Illuminate/Database/Seeder.php(134): Illuminate\\Container\\Container->call()
#22 /home/alejandro/play-work/playgroup-admin---laravel/vendor/laravel/framework/src/Illuminate/Database/Console/Seeds/SeedCommand.php(63): Illuminate\\Database\\Seeder->__invoke()
#23 /home/alejandro/play-work/playgroup-admin---laravel/vendor/laravel/framework/src/Illuminate/Database/Eloquent/Concerns/GuardsAttributes.php(129): Illuminate\\Database\\Console\\Seeds\\SeedCommand->Illuminate\\Database\\Console\\Seeds\\{closure}()
#24 /home/alejandro/play-work/playgroup-admin---laravel/vendor/laravel/framework/src/Illuminate/Database/Console/Seeds/SeedCommand.php(64): Illuminate\\Database\\Eloquent\\Model::unguarded()
#25 /home/alejandro/play-work/playgroup-admin---laravel/vendor/laravel/framework/src/Illuminate/Container/BoundMethod.php(36): Illuminate\\Database\\Console\\Seeds\\SeedCommand->handle()
#26 /home/alejandro/play-work/playgroup-admin---laravel/vendor/laravel/framework/src/Illuminate/Container/Util.php(37): Illuminate\\Container\\BoundMethod::Illuminate\\Container\\{closure}()
#27 /home/alejandro/play-work/playgroup-admin---laravel/vendor/laravel/framework/src/Illuminate/Container/BoundMethod.php(93): Illuminate\\Container\\Util::unwrapIfClosure()
#28 /home/alejandro/play-work/playgroup-admin---laravel/vendor/laravel/framework/src/Illuminate/Container/BoundMethod.php(37): Illuminate\\Container\\BoundMethod::callBoundMethod()
#29 /home/alejandro/play-work/playgroup-admin---laravel/vendor/laravel/framework/src/Illuminate/Container/Container.php(590): Illuminate\\Container\\BoundMethod::call()
#30 /home/alejandro/play-work/playgroup-admin---laravel/vendor/laravel/framework/src/Illuminate/Console/Command.php(134): Illuminate\\Container\\Container->call()
#31 /home/alejandro/play-work/playgroup-admin---laravel/vendor/symfony/console/Command/Command.php(255): Illuminate\\Console\\Command->execute()
#32 /home/alejandro/play-work/playgroup-admin---laravel/vendor/laravel/framework/src/Illuminate/Console/Command.php(121): Symfony\\Component\\Console\\Command\\Command->run()
#33 /home/alejandro/play-work/playgroup-admin---laravel/vendor/symfony/console/Application.php(1021): Illuminate\\Console\\Command->run()
#34 /home/alejandro/play-work/playgroup-admin---laravel/vendor/symfony/console/Application.php(275): Symfony\\Component\\Console\\Application->doRunCommand()
#35 /home/alejandro/play-work/playgroup-admin---laravel/vendor/symfony/console/Application.php(149): Symfony\\Component\\Console\\Application->doRun()
#36 /home/alejandro/play-work/playgroup-admin---laravel/vendor/laravel/framework/src/Illuminate/Console/Application.php(93): Symfony\\Component\\Console\\Application->run()
#37 /home/alejandro/play-work/playgroup-admin---laravel/vendor/laravel/framework/src/Illuminate/Foundation/Console/Kernel.php(131): Illuminate\\Console\\Application->run()
#38 /home/alejandro/play-work/playgroup-admin---laravel/artisan(37): Illuminate\\Foundation\\Console\\Kernel->handle()
#39 {main}
"} 
[2025-05-17 18:04:36] local.ERROR: SQLSTATE[23000]: Integrity constraint violation: 1452 Cannot add or update a child row: a foreign key constraint fails (`playgroup_admin`.`master_fields`, CONSTRAINT `master_fields_master_section_id_foreign` FOREIGN KEY (`master_section_id`) REFERENCES `master_sections` (`id`)) (SQL: insert into `master_fields` (`master_section_id`, `name`, `type`, `variable`) values (1, Header, input, header), (1, Title, input, title), (1, Poster (para pantallas grandes), image, poster_image), (1, Premio, image, award_image_home), (1, Personaje Play (visible solo en pantallas pequeñas), image, play-character_image_home), (2, Imagen, image, image), (2, Título, input, title), (2, Subtítulo, input, sub_title), (2, Imagen Digital Performance, image, image_dp), (2, Texto de Digital Performance, input, text_dp), (2, Imagen de Creativity Hub, image, image_ch), (2, Texto de Creativity Hub, input, text_ch), (2, Imagen de Software Factory, image, image_sf), (2, Texto de Software Factory, input, text_sf), (3, Título, input, title), (3, Subtitulo, input, subitle), (4, Título, input, title), (4, Subtitulo, input, subtitle), (5, Título, input, title), (5, Subtitulo, input, subtitle), (6, Título, input, title), (6, Subtitulo, input, subtitle), (6, Frase, input, frase), (7, Header, input, header), (7, Título, input, title), (7, Imagen de Fondo (visible solo en pantallas grandes), image, image_blog), (7, Personaje Play, image, play-character_image_home), (8, Título, input, title), (8, Subtitulo, input, subtitle), (9, Header, input, header), (9, Título, input, title), (9, Personaje Play, image, play-character_image_home), (9, Imagen de Fondo (visible solo en pantallas grandes), image, image), (9, Item 1, image, image_1), (9, Texto para item 1, input, text_1), (9, Item 2, image, image_2), (9, Texto para item 2, input, text_2), (9, Item 3, image, image_3), (9, Texto para item 3, input, text_3), (9, Item 4, image, image_4), (9, Texto para item 4, input, text_4), (10, Título, input, title), (10, Subtitulo, input, subtitle), (10, Frase, input, frase), (11, Título, input, title), (11, Subtitulo, input, subtitle), (11, Frase, input, frase), (12, Título, input, title), (12, Subtitulo, input, subtitle), (12, Frase, input, frase), (13, Título, input, title), (13, Subtitulo, input, subtitle), (13, Frase, input, frase), (14, Imagen, image, image), (14, Descripción, input, description), (15, Título, input, title), (16, Título, input, title), (17, Fondo, image, background), (17, Título, input, title), (17, Descripción, editor_small, description), (18, Fondo, image, background), (18, Titulo Image, image, image), (18, Descripción, input, description), (18, Imagen de Formulario, image, image_responsive), (19, Título, input, title), (19, SubTitulo, input, sub_title), (19, Description, input, description), (19, Gráfica, image, image), (20, Título, input, title), (20, SubTitulo, input, sub_title), (20, Description, input, description), (21, Título, input, title), (21, SubTitulo, input, sub_title), (22, Título, input, title), (22, Descripción, editor_small, description), (22, Fondo, image, background), (22, Bot, image, image), (22, Speech, input, speech), (23, Fondo, image, background), (23, Titulo Image, image, image), (23, Descripción, input, description), (23, Imagen de Formulario, image, image_responsive), (24, Título, input, title), (24, SubTitulo, input, sub_title), (24, Description, input, description), (24, Gráfica, image, image), (25, Título, input, title), (25, SubTitulo, input, sub_title), (25, Description, input, description), (26, Título, input, title), (26, SubTitulo, input, sub_title), (27, Título, input, title), (27, Descripción, editor_small, description), (27, Fondo, image, background), (27, Bot, image, image), (27, Speech, input, speech), (28, Fondo, image, background), (28, Titulo Image, image, image), (28, Descripción, input, description), (28, Imagen de Formulario, image, image_responsive), (29, Título, input, title), (29, SubTitulo, input, sub_title), (29, Description, input, description), (29, Gráfica, image, image), (30, Título, input, title), (30, SubTitulo, input, sub_title), (30, Description, input, description), (31, Título, input, title), (31, SubTitulo, input, sub_title), (32, Título, input, title), (32, Descripción, editor_small, description), (32, Fondo, image, background), (32, Bot, image, image), (32, Speech, input, speech), (33, Banner, image, background), (33, Título, input, title), (34, Descripción, editor_large, description)) {"exception":"[object] (Illuminate\\Database\\QueryException(code: 23000): SQLSTATE[23000]: Integrity constraint violation: 1452 Cannot add or update a child row: a foreign key constraint fails (`playgroup_admin`.`master_fields`, CONSTRAINT `master_fields_master_section_id_foreign` FOREIGN KEY (`master_section_id`) REFERENCES `master_sections` (`id`)) (SQL: insert into `master_fields` (`master_section_id`, `name`, `type`, `variable`) values (1, Header, input, header), (1, Title, input, title), (1, Poster (para pantallas grandes), image, poster_image), (1, Premio, image, award_image_home), (1, Personaje Play (visible solo en pantallas pequeñas), image, play-character_image_home), (2, Imagen, image, image), (2, Título, input, title), (2, Subtítulo, input, sub_title), (2, Imagen Digital Performance, image, image_dp), (2, Texto de Digital Performance, input, text_dp), (2, Imagen de Creativity Hub, image, image_ch), (2, Texto de Creativity Hub, input, text_ch), (2, Imagen de Software Factory, image, image_sf), (2, Texto de Software Factory, input, text_sf), (3, Título, input, title), (3, Subtitulo, input, subitle), (4, Título, input, title), (4, Subtitulo, input, subtitle), (5, Título, input, title), (5, Subtitulo, input, subtitle), (6, Título, input, title), (6, Subtitulo, input, subtitle), (6, Frase, input, frase), (7, Header, input, header), (7, Título, input, title), (7, Imagen de Fondo (visible solo en pantallas grandes), image, image_blog), (7, Personaje Play, image, play-character_image_home), (8, Título, input, title), (8, Subtitulo, input, subtitle), (9, Header, input, header), (9, Título, input, title), (9, Personaje Play, image, play-character_image_home), (9, Imagen de Fondo (visible solo en pantallas grandes), image, image), (9, Item 1, image, image_1), (9, Texto para item 1, input, text_1), (9, Item 2, image, image_2), (9, Texto para item 2, input, text_2), (9, Item 3, image, image_3), (9, Texto para item 3, input, text_3), (9, Item 4, image, image_4), (9, Texto para item 4, input, text_4), (10, Título, input, title), (10, Subtitulo, input, subtitle), (10, Frase, input, frase), (11, Título, input, title), (11, Subtitulo, input, subtitle), (11, Frase, input, frase), (12, Título, input, title), (12, Subtitulo, input, subtitle), (12, Frase, input, frase), (13, Título, input, title), (13, Subtitulo, input, subtitle), (13, Frase, input, frase), (14, Imagen, image, image), (14, Descripción, input, description), (15, Título, input, title), (16, Título, input, title), (17, Fondo, image, background), (17, Título, input, title), (17, Descripción, editor_small, description), (18, Fondo, image, background), (18, Titulo Image, image, image), (18, Descripción, input, description), (18, Imagen de Formulario, image, image_responsive), (19, Título, input, title), (19, SubTitulo, input, sub_title), (19, Description, input, description), (19, Gráfica, image, image), (20, Título, input, title), (20, SubTitulo, input, sub_title), (20, Description, input, description), (21, Título, input, title), (21, SubTitulo, input, sub_title), (22, Título, input, title), (22, Descripción, editor_small, description), (22, Fondo, image, background), (22, Bot, image, image), (22, Speech, input, speech), (23, Fondo, image, background), (23, Titulo Image, image, image), (23, Descripción, input, description), (23, Imagen de Formulario, image, image_responsive), (24, Título, input, title), (24, SubTitulo, input, sub_title), (24, Description, input, description), (24, Gráfica, image, image), (25, Título, input, title), (25, SubTitulo, input, sub_title), (25, Description, input, description), (26, Título, input, title), (26, SubTitulo, input, sub_title), (27, Título, input, title), (27, Descripción, editor_small, description), (27, Fondo, image, background), (27, Bot, image, image), (27, Speech, input, speech), (28, Fondo, image, background), (28, Titulo Image, image, image), (28, Descripción, input, description), (28, Imagen de Formulario, image, image_responsive), (29, Título, input, title), (29, SubTitulo, input, sub_title), (29, Description, input, description), (29, Gráfica, image, image), (30, Título, input, title), (30, SubTitulo, input, sub_title), (30, Description, input, description), (31, Título, input, title), (31, SubTitulo, input, sub_title), (32, Título, input, title), (32, Descripción, editor_small, description), (32, Fondo, image, background), (32, Bot, image, image), (32, Speech, input, speech), (33, Banner, image, background), (33, Título, input, title), (34, Descripción, editor_large, description)) at /home/alejandro/play-work/playgroup-admin---laravel/vendor/laravel/framework/src/Illuminate/Database/Connection.php:669)
[stacktrace]
#0 /home/alejandro/play-work/playgroup-admin---laravel/vendor/laravel/framework/src/Illuminate/Database/Connection.php(629): Illuminate\\Database\\Connection->runQueryCallback()
#1 /home/alejandro/play-work/playgroup-admin---laravel/vendor/laravel/framework/src/Illuminate/Database/Connection.php(464): Illuminate\\Database\\Connection->run()
#2 /home/alejandro/play-work/playgroup-admin---laravel/vendor/laravel/framework/src/Illuminate/Database/Connection.php(416): Illuminate\\Database\\Connection->statement()
#3 /home/alejandro/play-work/playgroup-admin---laravel/vendor/laravel/framework/src/Illuminate/Database/Query/Builder.php(2661): Illuminate\\Database\\Connection->insert()
#4 /home/alejandro/play-work/playgroup-admin---laravel/database/seeds/MasterFieldsTableSeeder.php(18): Illuminate\\Database\\Query\\Builder->insert()
#5 /home/alejandro/play-work/playgroup-admin---laravel/vendor/laravel/framework/src/Illuminate/Container/BoundMethod.php(36): MasterFieldsTableSeeder->run()
#6 /home/alejandro/play-work/playgroup-admin---laravel/vendor/laravel/framework/src/Illuminate/Container/Util.php(37): Illuminate\\Container\\BoundMethod::Illuminate\\Container\\{closure}()
#7 /home/alejandro/play-work/playgroup-admin---laravel/vendor/laravel/framework/src/Illuminate/Container/BoundMethod.php(93): Illuminate\\Container\\Util::unwrapIfClosure()
#8 /home/alejandro/play-work/playgroup-admin---laravel/vendor/laravel/framework/src/Illuminate/Container/BoundMethod.php(37): Illuminate\\Container\\BoundMethod::callBoundMethod()
#9 /home/alejandro/play-work/playgroup-admin---laravel/vendor/laravel/framework/src/Illuminate/Container/Container.php(590): Illuminate\\Container\\BoundMethod::call()
#10 /home/alejandro/play-work/playgroup-admin---laravel/vendor/laravel/framework/src/Illuminate/Database/Seeder.php(134): Illuminate\\Container\\Container->call()
#11 /home/alejandro/play-work/playgroup-admin---laravel/vendor/laravel/framework/src/Illuminate/Database/Seeder.php(48): Illuminate\\Database\\Seeder->__invoke()
#12 /home/alejandro/play-work/playgroup-admin---laravel/database/seeds/DatabaseSeeder.php(25): Illuminate\\Database\\Seeder->call()
#13 /home/alejandro/play-work/playgroup-admin---laravel/vendor/laravel/framework/src/Illuminate/Container/BoundMethod.php(36): DatabaseSeeder->run()
#14 /home/alejandro/play-work/playgroup-admin---laravel/vendor/laravel/framework/src/Illuminate/Container/Util.php(37): Illuminate\\Container\\BoundMethod::Illuminate\\Container\\{closure}()
#15 /home/alejandro/play-work/playgroup-admin---laravel/vendor/laravel/framework/src/Illuminate/Container/BoundMethod.php(93): Illuminate\\Container\\Util::unwrapIfClosure()
#16 /home/alejandro/play-work/playgroup-admin---laravel/vendor/laravel/framework/src/Illuminate/Container/BoundMethod.php(37): Illuminate\\Container\\BoundMethod::callBoundMethod()
#17 /home/alejandro/play-work/playgroup-admin---laravel/vendor/laravel/framework/src/Illuminate/Container/Container.php(590): Illuminate\\Container\\BoundMethod::call()
#18 /home/alejandro/play-work/playgroup-admin---laravel/vendor/laravel/framework/src/Illuminate/Database/Seeder.php(134): Illuminate\\Container\\Container->call()
#19 /home/alejandro/play-work/playgroup-admin---laravel/vendor/laravel/framework/src/Illuminate/Database/Console/Seeds/SeedCommand.php(63): Illuminate\\Database\\Seeder->__invoke()
#20 /home/alejandro/play-work/playgroup-admin---laravel/vendor/laravel/framework/src/Illuminate/Database/Eloquent/Concerns/GuardsAttributes.php(129): Illuminate\\Database\\Console\\Seeds\\SeedCommand->Illuminate\\Database\\Console\\Seeds\\{closure}()
#21 /home/alejandro/play-work/playgroup-admin---laravel/vendor/laravel/framework/src/Illuminate/Database/Console/Seeds/SeedCommand.php(64): Illuminate\\Database\\Eloquent\\Model::unguarded()
#22 /home/alejandro/play-work/playgroup-admin---laravel/vendor/laravel/framework/src/Illuminate/Container/BoundMethod.php(36): Illuminate\\Database\\Console\\Seeds\\SeedCommand->handle()
#23 /home/alejandro/play-work/playgroup-admin---laravel/vendor/laravel/framework/src/Illuminate/Container/Util.php(37): Illuminate\\Container\\BoundMethod::Illuminate\\Container\\{closure}()
#24 /home/alejandro/play-work/playgroup-admin---laravel/vendor/laravel/framework/src/Illuminate/Container/BoundMethod.php(93): Illuminate\\Container\\Util::unwrapIfClosure()
#25 /home/alejandro/play-work/playgroup-admin---laravel/vendor/laravel/framework/src/Illuminate/Container/BoundMethod.php(37): Illuminate\\Container\\BoundMethod::callBoundMethod()
#26 /home/alejandro/play-work/playgroup-admin---laravel/vendor/laravel/framework/src/Illuminate/Container/Container.php(590): Illuminate\\Container\\BoundMethod::call()
#27 /home/alejandro/play-work/playgroup-admin---laravel/vendor/laravel/framework/src/Illuminate/Console/Command.php(134): Illuminate\\Container\\Container->call()
#28 /home/alejandro/play-work/playgroup-admin---laravel/vendor/symfony/console/Command/Command.php(255): Illuminate\\Console\\Command->execute()
#29 /home/alejandro/play-work/playgroup-admin---laravel/vendor/laravel/framework/src/Illuminate/Console/Command.php(121): Symfony\\Component\\Console\\Command\\Command->run()
#30 /home/alejandro/play-work/playgroup-admin---laravel/vendor/symfony/console/Application.php(1021): Illuminate\\Console\\Command->run()
#31 /home/alejandro/play-work/playgroup-admin---laravel/vendor/symfony/console/Application.php(275): Symfony\\Component\\Console\\Application->doRunCommand()
#32 /home/alejandro/play-work/playgroup-admin---laravel/vendor/symfony/console/Application.php(149): Symfony\\Component\\Console\\Application->doRun()
#33 /home/alejandro/play-work/playgroup-admin---laravel/vendor/laravel/framework/src/Illuminate/Console/Application.php(93): Symfony\\Component\\Console\\Application->run()
#34 /home/alejandro/play-work/playgroup-admin---laravel/vendor/laravel/framework/src/Illuminate/Foundation/Console/Kernel.php(131): Illuminate\\Console\\Application->run()
#35 /home/alejandro/play-work/playgroup-admin---laravel/artisan(37): Illuminate\\Foundation\\Console\\Kernel->handle()
#36 {main}

[previous exception] [object] (Doctrine\\DBAL\\Driver\\PDO\\Exception(code: 23000): SQLSTATE[23000]: Integrity constraint violation: 1452 Cannot add or update a child row: a foreign key constraint fails (`playgroup_admin`.`master_fields`, CONSTRAINT `master_fields_master_section_id_foreign` FOREIGN KEY (`master_section_id`) REFERENCES `master_sections` (`id`)) at /home/alejandro/play-work/playgroup-admin---laravel/vendor/doctrine/dbal/lib/Doctrine/DBAL/Driver/PDO/Exception.php:18)
[stacktrace]
#0 /home/alejandro/play-work/playgroup-admin---laravel/vendor/doctrine/dbal/lib/Doctrine/DBAL/Driver/PDOStatement.php(119): Doctrine\\DBAL\\Driver\\PDO\\Exception::new()
#1 /home/alejandro/play-work/playgroup-admin---laravel/vendor/laravel/framework/src/Illuminate/Database/Connection.php(463): Doctrine\\DBAL\\Driver\\PDOStatement->execute()
#2 /home/alejandro/play-work/playgroup-admin---laravel/vendor/laravel/framework/src/Illuminate/Database/Connection.php(662): Illuminate\\Database\\Connection->Illuminate\\Database\\{closure}()
#3 /home/alejandro/play-work/playgroup-admin---laravel/vendor/laravel/framework/src/Illuminate/Database/Connection.php(629): Illuminate\\Database\\Connection->runQueryCallback()
#4 /home/alejandro/play-work/playgroup-admin---laravel/vendor/laravel/framework/src/Illuminate/Database/Connection.php(464): Illuminate\\Database\\Connection->run()
#5 /home/alejandro/play-work/playgroup-admin---laravel/vendor/laravel/framework/src/Illuminate/Database/Connection.php(416): Illuminate\\Database\\Connection->statement()
#6 /home/alejandro/play-work/playgroup-admin---laravel/vendor/laravel/framework/src/Illuminate/Database/Query/Builder.php(2661): Illuminate\\Database\\Connection->insert()
#7 /home/alejandro/play-work/playgroup-admin---laravel/database/seeds/MasterFieldsTableSeeder.php(18): Illuminate\\Database\\Query\\Builder->insert()
#8 /home/alejandro/play-work/playgroup-admin---laravel/vendor/laravel/framework/src/Illuminate/Container/BoundMethod.php(36): MasterFieldsTableSeeder->run()
#9 /home/alejandro/play-work/playgroup-admin---laravel/vendor/laravel/framework/src/Illuminate/Container/Util.php(37): Illuminate\\Container\\BoundMethod::Illuminate\\Container\\{closure}()
#10 /home/alejandro/play-work/playgroup-admin---laravel/vendor/laravel/framework/src/Illuminate/Container/BoundMethod.php(93): Illuminate\\Container\\Util::unwrapIfClosure()
#11 /home/alejandro/play-work/playgroup-admin---laravel/vendor/laravel/framework/src/Illuminate/Container/BoundMethod.php(37): Illuminate\\Container\\BoundMethod::callBoundMethod()
#12 /home/alejandro/play-work/playgroup-admin---laravel/vendor/laravel/framework/src/Illuminate/Container/Container.php(590): Illuminate\\Container\\BoundMethod::call()
#13 /home/alejandro/play-work/playgroup-admin---laravel/vendor/laravel/framework/src/Illuminate/Database/Seeder.php(134): Illuminate\\Container\\Container->call()
#14 /home/alejandro/play-work/playgroup-admin---laravel/vendor/laravel/framework/src/Illuminate/Database/Seeder.php(48): Illuminate\\Database\\Seeder->__invoke()
#15 /home/alejandro/play-work/playgroup-admin---laravel/database/seeds/DatabaseSeeder.php(25): Illuminate\\Database\\Seeder->call()
#16 /home/alejandro/play-work/playgroup-admin---laravel/vendor/laravel/framework/src/Illuminate/Container/BoundMethod.php(36): DatabaseSeeder->run()
#17 /home/alejandro/play-work/playgroup-admin---laravel/vendor/laravel/framework/src/Illuminate/Container/Util.php(37): Illuminate\\Container\\BoundMethod::Illuminate\\Container\\{closure}()
#18 /home/alejandro/play-work/playgroup-admin---laravel/vendor/laravel/framework/src/Illuminate/Container/BoundMethod.php(93): Illuminate\\Container\\Util::unwrapIfClosure()
#19 /home/alejandro/play-work/playgroup-admin---laravel/vendor/laravel/framework/src/Illuminate/Container/BoundMethod.php(37): Illuminate\\Container\\BoundMethod::callBoundMethod()
#20 /home/alejandro/play-work/playgroup-admin---laravel/vendor/laravel/framework/src/Illuminate/Container/Container.php(590): Illuminate\\Container\\BoundMethod::call()
#21 /home/alejandro/play-work/playgroup-admin---laravel/vendor/laravel/framework/src/Illuminate/Database/Seeder.php(134): Illuminate\\Container\\Container->call()
#22 /home/alejandro/play-work/playgroup-admin---laravel/vendor/laravel/framework/src/Illuminate/Database/Console/Seeds/SeedCommand.php(63): Illuminate\\Database\\Seeder->__invoke()
#23 /home/alejandro/play-work/playgroup-admin---laravel/vendor/laravel/framework/src/Illuminate/Database/Eloquent/Concerns/GuardsAttributes.php(129): Illuminate\\Database\\Console\\Seeds\\SeedCommand->Illuminate\\Database\\Console\\Seeds\\{closure}()
#24 /home/alejandro/play-work/playgroup-admin---laravel/vendor/laravel/framework/src/Illuminate/Database/Console/Seeds/SeedCommand.php(64): Illuminate\\Database\\Eloquent\\Model::unguarded()
#25 /home/alejandro/play-work/playgroup-admin---laravel/vendor/laravel/framework/src/Illuminate/Container/BoundMethod.php(36): Illuminate\\Database\\Console\\Seeds\\SeedCommand->handle()
#26 /home/alejandro/play-work/playgroup-admin---laravel/vendor/laravel/framework/src/Illuminate/Container/Util.php(37): Illuminate\\Container\\BoundMethod::Illuminate\\Container\\{closure}()
#27 /home/alejandro/play-work/playgroup-admin---laravel/vendor/laravel/framework/src/Illuminate/Container/BoundMethod.php(93): Illuminate\\Container\\Util::unwrapIfClosure()
#28 /home/alejandro/play-work/playgroup-admin---laravel/vendor/laravel/framework/src/Illuminate/Container/BoundMethod.php(37): Illuminate\\Container\\BoundMethod::callBoundMethod()
#29 /home/alejandro/play-work/playgroup-admin---laravel/vendor/laravel/framework/src/Illuminate/Container/Container.php(590): Illuminate\\Container\\BoundMethod::call()
#30 /home/alejandro/play-work/playgroup-admin---laravel/vendor/laravel/framework/src/Illuminate/Console/Command.php(134): Illuminate\\Container\\Container->call()
#31 /home/alejandro/play-work/playgroup-admin---laravel/vendor/symfony/console/Command/Command.php(255): Illuminate\\Console\\Command->execute()
#32 /home/alejandro/play-work/playgroup-admin---laravel/vendor/laravel/framework/src/Illuminate/Console/Command.php(121): Symfony\\Component\\Console\\Command\\Command->run()
#33 /home/alejandro/play-work/playgroup-admin---laravel/vendor/symfony/console/Application.php(1021): Illuminate\\Console\\Command->run()
#34 /home/alejandro/play-work/playgroup-admin---laravel/vendor/symfony/console/Application.php(275): Symfony\\Component\\Console\\Application->doRunCommand()
#35 /home/alejandro/play-work/playgroup-admin---laravel/vendor/symfony/console/Application.php(149): Symfony\\Component\\Console\\Application->doRun()
#36 /home/alejandro/play-work/playgroup-admin---laravel/vendor/laravel/framework/src/Illuminate/Console/Application.php(93): Symfony\\Component\\Console\\Application->run()
#37 /home/alejandro/play-work/playgroup-admin---laravel/vendor/laravel/framework/src/Illuminate/Foundation/Console/Kernel.php(131): Illuminate\\Console\\Application->run()
#38 /home/alejandro/play-work/playgroup-admin---laravel/artisan(37): Illuminate\\Foundation\\Console\\Kernel->handle()
#39 {main}

[previous exception] [object] (PDOException(code: 23000): SQLSTATE[23000]: Integrity constraint violation: 1452 Cannot add or update a child row: a foreign key constraint fails (`playgroup_admin`.`master_fields`, CONSTRAINT `master_fields_master_section_id_foreign` FOREIGN KEY (`master_section_id`) REFERENCES `master_sections` (`id`)) at /home/alejandro/play-work/playgroup-admin---laravel/vendor/doctrine/dbal/lib/Doctrine/DBAL/Driver/PDOStatement.php:117)
[stacktrace]
#0 /home/alejandro/play-work/playgroup-admin---laravel/vendor/doctrine/dbal/lib/Doctrine/DBAL/Driver/PDOStatement.php(117): PDOStatement->execute()
#1 /home/alejandro/play-work/playgroup-admin---laravel/vendor/laravel/framework/src/Illuminate/Database/Connection.php(463): Doctrine\\DBAL\\Driver\\PDOStatement->execute()
#2 /home/alejandro/play-work/playgroup-admin---laravel/vendor/laravel/framework/src/Illuminate/Database/Connection.php(662): Illuminate\\Database\\Connection->Illuminate\\Database\\{closure}()
#3 /home/alejandro/play-work/playgroup-admin---laravel/vendor/laravel/framework/src/Illuminate/Database/Connection.php(629): Illuminate\\Database\\Connection->runQueryCallback()
#4 /home/alejandro/play-work/playgroup-admin---laravel/vendor/laravel/framework/src/Illuminate/Database/Connection.php(464): Illuminate\\Database\\Connection->run()
#5 /home/alejandro/play-work/playgroup-admin---laravel/vendor/laravel/framework/src/Illuminate/Database/Connection.php(416): Illuminate\\Database\\Connection->statement()
#6 /home/alejandro/play-work/playgroup-admin---laravel/vendor/laravel/framework/src/Illuminate/Database/Query/Builder.php(2661): Illuminate\\Database\\Connection->insert()
#7 /home/alejandro/play-work/playgroup-admin---laravel/database/seeds/MasterFieldsTableSeeder.php(18): Illuminate\\Database\\Query\\Builder->insert()
#8 /home/alejandro/play-work/playgroup-admin---laravel/vendor/laravel/framework/src/Illuminate/Container/BoundMethod.php(36): MasterFieldsTableSeeder->run()
#9 /home/alejandro/play-work/playgroup-admin---laravel/vendor/laravel/framework/src/Illuminate/Container/Util.php(37): Illuminate\\Container\\BoundMethod::Illuminate\\Container\\{closure}()
#10 /home/alejandro/play-work/playgroup-admin---laravel/vendor/laravel/framework/src/Illuminate/Container/BoundMethod.php(93): Illuminate\\Container\\Util::unwrapIfClosure()
#11 /home/alejandro/play-work/playgroup-admin---laravel/vendor/laravel/framework/src/Illuminate/Container/BoundMethod.php(37): Illuminate\\Container\\BoundMethod::callBoundMethod()
#12 /home/alejandro/play-work/playgroup-admin---laravel/vendor/laravel/framework/src/Illuminate/Container/Container.php(590): Illuminate\\Container\\BoundMethod::call()
#13 /home/alejandro/play-work/playgroup-admin---laravel/vendor/laravel/framework/src/Illuminate/Database/Seeder.php(134): Illuminate\\Container\\Container->call()
#14 /home/alejandro/play-work/playgroup-admin---laravel/vendor/laravel/framework/src/Illuminate/Database/Seeder.php(48): Illuminate\\Database\\Seeder->__invoke()
#15 /home/alejandro/play-work/playgroup-admin---laravel/database/seeds/DatabaseSeeder.php(25): Illuminate\\Database\\Seeder->call()
#16 /home/alejandro/play-work/playgroup-admin---laravel/vendor/laravel/framework/src/Illuminate/Container/BoundMethod.php(36): DatabaseSeeder->run()
#17 /home/alejandro/play-work/playgroup-admin---laravel/vendor/laravel/framework/src/Illuminate/Container/Util.php(37): Illuminate\\Container\\BoundMethod::Illuminate\\Container\\{closure}()
#18 /home/alejandro/play-work/playgroup-admin---laravel/vendor/laravel/framework/src/Illuminate/Container/BoundMethod.php(93): Illuminate\\Container\\Util::unwrapIfClosure()
#19 /home/alejandro/play-work/playgroup-admin---laravel/vendor/laravel/framework/src/Illuminate/Container/BoundMethod.php(37): Illuminate\\Container\\BoundMethod::callBoundMethod()
#20 /home/alejandro/play-work/playgroup-admin---laravel/vendor/laravel/framework/src/Illuminate/Container/Container.php(590): Illuminate\\Container\\BoundMethod::call()
#21 /home/alejandro/play-work/playgroup-admin---laravel/vendor/laravel/framework/src/Illuminate/Database/Seeder.php(134): Illuminate\\Container\\Container->call()
#22 /home/alejandro/play-work/playgroup-admin---laravel/vendor/laravel/framework/src/Illuminate/Database/Console/Seeds/SeedCommand.php(63): Illuminate\\Database\\Seeder->__invoke()
#23 /home/alejandro/play-work/playgroup-admin---laravel/vendor/laravel/framework/src/Illuminate/Database/Eloquent/Concerns/GuardsAttributes.php(129): Illuminate\\Database\\Console\\Seeds\\SeedCommand->Illuminate\\Database\\Console\\Seeds\\{closure}()
#24 /home/alejandro/play-work/playgroup-admin---laravel/vendor/laravel/framework/src/Illuminate/Database/Console/Seeds/SeedCommand.php(64): Illuminate\\Database\\Eloquent\\Model::unguarded()
#25 /home/alejandro/play-work/playgroup-admin---laravel/vendor/laravel/framework/src/Illuminate/Container/BoundMethod.php(36): Illuminate\\Database\\Console\\Seeds\\SeedCommand->handle()
#26 /home/alejandro/play-work/playgroup-admin---laravel/vendor/laravel/framework/src/Illuminate/Container/Util.php(37): Illuminate\\Container\\BoundMethod::Illuminate\\Container\\{closure}()
#27 /home/alejandro/play-work/playgroup-admin---laravel/vendor/laravel/framework/src/Illuminate/Container/BoundMethod.php(93): Illuminate\\Container\\Util::unwrapIfClosure()
#28 /home/alejandro/play-work/playgroup-admin---laravel/vendor/laravel/framework/src/Illuminate/Container/BoundMethod.php(37): Illuminate\\Container\\BoundMethod::callBoundMethod()
#29 /home/alejandro/play-work/playgroup-admin---laravel/vendor/laravel/framework/src/Illuminate/Container/Container.php(590): Illuminate\\Container\\BoundMethod::call()
#30 /home/alejandro/play-work/playgroup-admin---laravel/vendor/laravel/framework/src/Illuminate/Console/Command.php(134): Illuminate\\Container\\Container->call()
#31 /home/alejandro/play-work/playgroup-admin---laravel/vendor/symfony/console/Command/Command.php(255): Illuminate\\Console\\Command->execute()
#32 /home/alejandro/play-work/playgroup-admin---laravel/vendor/laravel/framework/src/Illuminate/Console/Command.php(121): Symfony\\Component\\Console\\Command\\Command->run()
#33 /home/alejandro/play-work/playgroup-admin---laravel/vendor/symfony/console/Application.php(1021): Illuminate\\Console\\Command->run()
#34 /home/alejandro/play-work/playgroup-admin---laravel/vendor/symfony/console/Application.php(275): Symfony\\Component\\Console\\Application->doRunCommand()
#35 /home/alejandro/play-work/playgroup-admin---laravel/vendor/symfony/console/Application.php(149): Symfony\\Component\\Console\\Application->doRun()
#36 /home/alejandro/play-work/playgroup-admin---laravel/vendor/laravel/framework/src/Illuminate/Console/Application.php(93): Symfony\\Component\\Console\\Application->run()
#37 /home/alejandro/play-work/playgroup-admin---laravel/vendor/laravel/framework/src/Illuminate/Foundation/Console/Kernel.php(131): Illuminate\\Console\\Application->run()
#38 /home/alejandro/play-work/playgroup-admin---laravel/artisan(37): Illuminate\\Foundation\\Console\\Kernel->handle()
#39 {main}
"} 
[2025-05-17 18:09:31] local.ERROR: SQLSTATE[23000]: Integrity constraint violation: 1452 Cannot add or update a child row: a foreign key constraint fails (`playgroup_admin`.`master_fields`, CONSTRAINT `master_fields_master_section_id_foreign` FOREIGN KEY (`master_section_id`) REFERENCES `master_sections` (`id`)) (SQL: insert into `master_fields` (`master_section_id`, `name`, `type`, `variable`) values (1, Header, input, header), (1, Title, input, title), (1, Poster (para pantallas grandes), image, poster_image), (1, Premio, image, award_image_home), (1, Personaje Play (visible solo en pantallas pequeñas), image, play-character_image_home), (2, Imagen, image, image), (2, Título, input, title), (2, Subtítulo, input, sub_title), (2, Imagen Digital Performance, image, image_dp), (2, Texto de Digital Performance, input, text_dp), (2, Imagen de Creativity Hub, image, image_ch), (2, Texto de Creativity Hub, input, text_ch), (2, Imagen de Software Factory, image, image_sf), (2, Texto de Software Factory, input, text_sf), (3, Título, input, title), (3, Subtitulo, input, subitle), (4, Título, input, title), (4, Subtitulo, input, subtitle), (5, Título, input, title), (5, Subtitulo, input, subtitle), (6, Título, input, title), (6, Subtitulo, input, subtitle), (6, Frase, input, frase), (7, Header, input, header), (7, Título, input, title), (7, Imagen de Fondo (visible solo en pantallas grandes), image, image_blog), (7, Personaje Play, image, play-character_image_home), (8, Título, input, title), (8, Subtitulo, input, subtitle), (9, Header, input, header), (9, Título, input, title), (9, Personaje Play, image, play-character_image_home), (9, Imagen de Fondo (visible solo en pantallas grandes), image, image), (9, Item 1, image, image_1), (9, Texto para item 1, input, text_1), (9, Item 2, image, image_2), (9, Texto para item 2, input, text_2), (9, Item 3, image, image_3), (9, Texto para item 3, input, text_3), (9, Item 4, image, image_4), (9, Texto para item 4, input, text_4), (10, Título, input, title), (10, Subtitulo, input, subtitle), (10, Frase, input, frase), (11, Título, input, title), (11, Subtitulo, input, subtitle), (11, Frase, input, frase), (12, Título, input, title), (12, Subtitulo, input, subtitle), (12, Frase, input, frase), (13, Título, input, title), (13, Subtitulo, input, subtitle), (13, Frase, input, frase), (14, Imagen, image, image), (14, Descripción, input, description), (15, Título, input, title), (16, Título, input, title), (17, Fondo, image, background), (17, Título, input, title), (17, Descripción, editor_small, description), (18, Fondo, image, background), (18, Titulo Image, image, image), (18, Descripción, input, description), (18, Imagen de Formulario, image, image_responsive), (19, Título, input, title), (19, SubTitulo, input, sub_title), (19, Description, input, description), (19, Gráfica, image, image), (20, Título, input, title), (20, SubTitulo, input, sub_title), (20, Description, input, description), (21, Título, input, title), (21, SubTitulo, input, sub_title), (22, Título, input, title), (22, Descripción, editor_small, description), (22, Fondo, image, background), (22, Bot, image, image), (22, Speech, input, speech), (23, Fondo, image, background), (23, Titulo Image, image, image), (23, Descripción, input, description), (23, Imagen de Formulario, image, image_responsive), (24, Título, input, title), (24, SubTitulo, input, sub_title), (24, Description, input, description), (24, Gráfica, image, image), (25, Título, input, title), (25, SubTitulo, input, sub_title), (25, Description, input, description), (26, Título, input, title), (26, SubTitulo, input, sub_title), (27, Título, input, title), (27, Descripción, editor_small, description), (27, Fondo, image, background), (27, Bot, image, image), (27, Speech, input, speech), (28, Fondo, image, background), (28, Titulo Image, image, image), (28, Descripción, input, description), (28, Imagen de Formulario, image, image_responsive), (29, Título, input, title), (29, SubTitulo, input, sub_title), (29, Description, input, description), (29, Gráfica, image, image), (30, Título, input, title), (30, SubTitulo, input, sub_title), (30, Description, input, description), (31, Título, input, title), (31, SubTitulo, input, sub_title), (32, Título, input, title), (32, Descripción, editor_small, description), (32, Fondo, image, background), (32, Bot, image, image), (32, Speech, input, speech), (33, Banner, image, background), (33, Título, input, title), (34, Descripción, editor_large, description)) {"exception":"[object] (Illuminate\\Database\\QueryException(code: 23000): SQLSTATE[23000]: Integrity constraint violation: 1452 Cannot add or update a child row: a foreign key constraint fails (`playgroup_admin`.`master_fields`, CONSTRAINT `master_fields_master_section_id_foreign` FOREIGN KEY (`master_section_id`) REFERENCES `master_sections` (`id`)) (SQL: insert into `master_fields` (`master_section_id`, `name`, `type`, `variable`) values (1, Header, input, header), (1, Title, input, title), (1, Poster (para pantallas grandes), image, poster_image), (1, Premio, image, award_image_home), (1, Personaje Play (visible solo en pantallas pequeñas), image, play-character_image_home), (2, Imagen, image, image), (2, Título, input, title), (2, Subtítulo, input, sub_title), (2, Imagen Digital Performance, image, image_dp), (2, Texto de Digital Performance, input, text_dp), (2, Imagen de Creativity Hub, image, image_ch), (2, Texto de Creativity Hub, input, text_ch), (2, Imagen de Software Factory, image, image_sf), (2, Texto de Software Factory, input, text_sf), (3, Título, input, title), (3, Subtitulo, input, subitle), (4, Título, input, title), (4, Subtitulo, input, subtitle), (5, Título, input, title), (5, Subtitulo, input, subtitle), (6, Título, input, title), (6, Subtitulo, input, subtitle), (6, Frase, input, frase), (7, Header, input, header), (7, Título, input, title), (7, Imagen de Fondo (visible solo en pantallas grandes), image, image_blog), (7, Personaje Play, image, play-character_image_home), (8, Título, input, title), (8, Subtitulo, input, subtitle), (9, Header, input, header), (9, Título, input, title), (9, Personaje Play, image, play-character_image_home), (9, Imagen de Fondo (visible solo en pantallas grandes), image, image), (9, Item 1, image, image_1), (9, Texto para item 1, input, text_1), (9, Item 2, image, image_2), (9, Texto para item 2, input, text_2), (9, Item 3, image, image_3), (9, Texto para item 3, input, text_3), (9, Item 4, image, image_4), (9, Texto para item 4, input, text_4), (10, Título, input, title), (10, Subtitulo, input, subtitle), (10, Frase, input, frase), (11, Título, input, title), (11, Subtitulo, input, subtitle), (11, Frase, input, frase), (12, Título, input, title), (12, Subtitulo, input, subtitle), (12, Frase, input, frase), (13, Título, input, title), (13, Subtitulo, input, subtitle), (13, Frase, input, frase), (14, Imagen, image, image), (14, Descripción, input, description), (15, Título, input, title), (16, Título, input, title), (17, Fondo, image, background), (17, Título, input, title), (17, Descripción, editor_small, description), (18, Fondo, image, background), (18, Titulo Image, image, image), (18, Descripción, input, description), (18, Imagen de Formulario, image, image_responsive), (19, Título, input, title), (19, SubTitulo, input, sub_title), (19, Description, input, description), (19, Gráfica, image, image), (20, Título, input, title), (20, SubTitulo, input, sub_title), (20, Description, input, description), (21, Título, input, title), (21, SubTitulo, input, sub_title), (22, Título, input, title), (22, Descripción, editor_small, description), (22, Fondo, image, background), (22, Bot, image, image), (22, Speech, input, speech), (23, Fondo, image, background), (23, Titulo Image, image, image), (23, Descripción, input, description), (23, Imagen de Formulario, image, image_responsive), (24, Título, input, title), (24, SubTitulo, input, sub_title), (24, Description, input, description), (24, Gráfica, image, image), (25, Título, input, title), (25, SubTitulo, input, sub_title), (25, Description, input, description), (26, Título, input, title), (26, SubTitulo, input, sub_title), (27, Título, input, title), (27, Descripción, editor_small, description), (27, Fondo, image, background), (27, Bot, image, image), (27, Speech, input, speech), (28, Fondo, image, background), (28, Titulo Image, image, image), (28, Descripción, input, description), (28, Imagen de Formulario, image, image_responsive), (29, Título, input, title), (29, SubTitulo, input, sub_title), (29, Description, input, description), (29, Gráfica, image, image), (30, Título, input, title), (30, SubTitulo, input, sub_title), (30, Description, input, description), (31, Título, input, title), (31, SubTitulo, input, sub_title), (32, Título, input, title), (32, Descripción, editor_small, description), (32, Fondo, image, background), (32, Bot, image, image), (32, Speech, input, speech), (33, Banner, image, background), (33, Título, input, title), (34, Descripción, editor_large, description)) at /home/alejandro/play-work/playgroup-admin---laravel/vendor/laravel/framework/src/Illuminate/Database/Connection.php:669)
[stacktrace]
#0 /home/alejandro/play-work/playgroup-admin---laravel/vendor/laravel/framework/src/Illuminate/Database/Connection.php(629): Illuminate\\Database\\Connection->runQueryCallback()
#1 /home/alejandro/play-work/playgroup-admin---laravel/vendor/laravel/framework/src/Illuminate/Database/Connection.php(464): Illuminate\\Database\\Connection->run()
#2 /home/alejandro/play-work/playgroup-admin---laravel/vendor/laravel/framework/src/Illuminate/Database/Connection.php(416): Illuminate\\Database\\Connection->statement()
#3 /home/alejandro/play-work/playgroup-admin---laravel/vendor/laravel/framework/src/Illuminate/Database/Query/Builder.php(2661): Illuminate\\Database\\Connection->insert()
#4 /home/alejandro/play-work/playgroup-admin---laravel/database/seeds/MasterFieldsTableSeeder.php(18): Illuminate\\Database\\Query\\Builder->insert()
#5 /home/alejandro/play-work/playgroup-admin---laravel/vendor/laravel/framework/src/Illuminate/Container/BoundMethod.php(36): MasterFieldsTableSeeder->run()
#6 /home/alejandro/play-work/playgroup-admin---laravel/vendor/laravel/framework/src/Illuminate/Container/Util.php(37): Illuminate\\Container\\BoundMethod::Illuminate\\Container\\{closure}()
#7 /home/alejandro/play-work/playgroup-admin---laravel/vendor/laravel/framework/src/Illuminate/Container/BoundMethod.php(93): Illuminate\\Container\\Util::unwrapIfClosure()
#8 /home/alejandro/play-work/playgroup-admin---laravel/vendor/laravel/framework/src/Illuminate/Container/BoundMethod.php(37): Illuminate\\Container\\BoundMethod::callBoundMethod()
#9 /home/alejandro/play-work/playgroup-admin---laravel/vendor/laravel/framework/src/Illuminate/Container/Container.php(590): Illuminate\\Container\\BoundMethod::call()
#10 /home/alejandro/play-work/playgroup-admin---laravel/vendor/laravel/framework/src/Illuminate/Database/Seeder.php(134): Illuminate\\Container\\Container->call()
#11 /home/alejandro/play-work/playgroup-admin---laravel/vendor/laravel/framework/src/Illuminate/Database/Seeder.php(48): Illuminate\\Database\\Seeder->__invoke()
#12 /home/alejandro/play-work/playgroup-admin---laravel/database/seeds/DatabaseSeeder.php(25): Illuminate\\Database\\Seeder->call()
#13 /home/alejandro/play-work/playgroup-admin---laravel/vendor/laravel/framework/src/Illuminate/Container/BoundMethod.php(36): DatabaseSeeder->run()
#14 /home/alejandro/play-work/playgroup-admin---laravel/vendor/laravel/framework/src/Illuminate/Container/Util.php(37): Illuminate\\Container\\BoundMethod::Illuminate\\Container\\{closure}()
#15 /home/alejandro/play-work/playgroup-admin---laravel/vendor/laravel/framework/src/Illuminate/Container/BoundMethod.php(93): Illuminate\\Container\\Util::unwrapIfClosure()
#16 /home/alejandro/play-work/playgroup-admin---laravel/vendor/laravel/framework/src/Illuminate/Container/BoundMethod.php(37): Illuminate\\Container\\BoundMethod::callBoundMethod()
#17 /home/alejandro/play-work/playgroup-admin---laravel/vendor/laravel/framework/src/Illuminate/Container/Container.php(590): Illuminate\\Container\\BoundMethod::call()
#18 /home/alejandro/play-work/playgroup-admin---laravel/vendor/laravel/framework/src/Illuminate/Database/Seeder.php(134): Illuminate\\Container\\Container->call()
#19 /home/alejandro/play-work/playgroup-admin---laravel/vendor/laravel/framework/src/Illuminate/Database/Console/Seeds/SeedCommand.php(63): Illuminate\\Database\\Seeder->__invoke()
#20 /home/alejandro/play-work/playgroup-admin---laravel/vendor/laravel/framework/src/Illuminate/Database/Eloquent/Concerns/GuardsAttributes.php(129): Illuminate\\Database\\Console\\Seeds\\SeedCommand->Illuminate\\Database\\Console\\Seeds\\{closure}()
#21 /home/alejandro/play-work/playgroup-admin---laravel/vendor/laravel/framework/src/Illuminate/Database/Console/Seeds/SeedCommand.php(64): Illuminate\\Database\\Eloquent\\Model::unguarded()
#22 /home/alejandro/play-work/playgroup-admin---laravel/vendor/laravel/framework/src/Illuminate/Container/BoundMethod.php(36): Illuminate\\Database\\Console\\Seeds\\SeedCommand->handle()
#23 /home/alejandro/play-work/playgroup-admin---laravel/vendor/laravel/framework/src/Illuminate/Container/Util.php(37): Illuminate\\Container\\BoundMethod::Illuminate\\Container\\{closure}()
#24 /home/alejandro/play-work/playgroup-admin---laravel/vendor/laravel/framework/src/Illuminate/Container/BoundMethod.php(93): Illuminate\\Container\\Util::unwrapIfClosure()
#25 /home/alejandro/play-work/playgroup-admin---laravel/vendor/laravel/framework/src/Illuminate/Container/BoundMethod.php(37): Illuminate\\Container\\BoundMethod::callBoundMethod()
#26 /home/alejandro/play-work/playgroup-admin---laravel/vendor/laravel/framework/src/Illuminate/Container/Container.php(590): Illuminate\\Container\\BoundMethod::call()
#27 /home/alejandro/play-work/playgroup-admin---laravel/vendor/laravel/framework/src/Illuminate/Console/Command.php(134): Illuminate\\Container\\Container->call()
#28 /home/alejandro/play-work/playgroup-admin---laravel/vendor/symfony/console/Command/Command.php(255): Illuminate\\Console\\Command->execute()
#29 /home/alejandro/play-work/playgroup-admin---laravel/vendor/laravel/framework/src/Illuminate/Console/Command.php(121): Symfony\\Component\\Console\\Command\\Command->run()
#30 /home/alejandro/play-work/playgroup-admin---laravel/vendor/laravel/framework/src/Illuminate/Console/Concerns/CallsCommands.php(56): Illuminate\\Console\\Command->run()
#31 /home/alejandro/play-work/playgroup-admin---laravel/vendor/laravel/framework/src/Illuminate/Console/Concerns/CallsCommands.php(28): Illuminate\\Console\\Command->runCommand()
#32 /home/alejandro/play-work/playgroup-admin---laravel/vendor/laravel/framework/src/Illuminate/Database/Console/Migrations/FreshCommand.php(79): Illuminate\\Console\\Command->call()
#33 /home/alejandro/play-work/playgroup-admin---laravel/vendor/laravel/framework/src/Illuminate/Database/Console/Migrations/FreshCommand.php(56): Illuminate\\Database\\Console\\Migrations\\FreshCommand->runSeeder()
#34 /home/alejandro/play-work/playgroup-admin---laravel/vendor/laravel/framework/src/Illuminate/Container/BoundMethod.php(36): Illuminate\\Database\\Console\\Migrations\\FreshCommand->handle()
#35 /home/alejandro/play-work/playgroup-admin---laravel/vendor/laravel/framework/src/Illuminate/Container/Util.php(37): Illuminate\\Container\\BoundMethod::Illuminate\\Container\\{closure}()
#36 /home/alejandro/play-work/playgroup-admin---laravel/vendor/laravel/framework/src/Illuminate/Container/BoundMethod.php(93): Illuminate\\Container\\Util::unwrapIfClosure()
#37 /home/alejandro/play-work/playgroup-admin---laravel/vendor/laravel/framework/src/Illuminate/Container/BoundMethod.php(37): Illuminate\\Container\\BoundMethod::callBoundMethod()
#38 /home/alejandro/play-work/playgroup-admin---laravel/vendor/laravel/framework/src/Illuminate/Container/Container.php(590): Illuminate\\Container\\BoundMethod::call()
#39 /home/alejandro/play-work/playgroup-admin---laravel/vendor/laravel/framework/src/Illuminate/Console/Command.php(134): Illuminate\\Container\\Container->call()
#40 /home/alejandro/play-work/playgroup-admin---laravel/vendor/symfony/console/Command/Command.php(255): Illuminate\\Console\\Command->execute()
#41 /home/alejandro/play-work/playgroup-admin---laravel/vendor/laravel/framework/src/Illuminate/Console/Command.php(121): Symfony\\Component\\Console\\Command\\Command->run()
#42 /home/alejandro/play-work/playgroup-admin---laravel/vendor/symfony/console/Application.php(1021): Illuminate\\Console\\Command->run()
#43 /home/alejandro/play-work/playgroup-admin---laravel/vendor/symfony/console/Application.php(275): Symfony\\Component\\Console\\Application->doRunCommand()
#44 /home/alejandro/play-work/playgroup-admin---laravel/vendor/symfony/console/Application.php(149): Symfony\\Component\\Console\\Application->doRun()
#45 /home/alejandro/play-work/playgroup-admin---laravel/vendor/laravel/framework/src/Illuminate/Console/Application.php(93): Symfony\\Component\\Console\\Application->run()
#46 /home/alejandro/play-work/playgroup-admin---laravel/vendor/laravel/framework/src/Illuminate/Foundation/Console/Kernel.php(131): Illuminate\\Console\\Application->run()
#47 /home/alejandro/play-work/playgroup-admin---laravel/artisan(37): Illuminate\\Foundation\\Console\\Kernel->handle()
#48 {main}

[previous exception] [object] (Doctrine\\DBAL\\Driver\\PDO\\Exception(code: 23000): SQLSTATE[23000]: Integrity constraint violation: 1452 Cannot add or update a child row: a foreign key constraint fails (`playgroup_admin`.`master_fields`, CONSTRAINT `master_fields_master_section_id_foreign` FOREIGN KEY (`master_section_id`) REFERENCES `master_sections` (`id`)) at /home/alejandro/play-work/playgroup-admin---laravel/vendor/doctrine/dbal/lib/Doctrine/DBAL/Driver/PDO/Exception.php:18)
[stacktrace]
#0 /home/alejandro/play-work/playgroup-admin---laravel/vendor/doctrine/dbal/lib/Doctrine/DBAL/Driver/PDOStatement.php(119): Doctrine\\DBAL\\Driver\\PDO\\Exception::new()
#1 /home/alejandro/play-work/playgroup-admin---laravel/vendor/laravel/framework/src/Illuminate/Database/Connection.php(463): Doctrine\\DBAL\\Driver\\PDOStatement->execute()
#2 /home/alejandro/play-work/playgroup-admin---laravel/vendor/laravel/framework/src/Illuminate/Database/Connection.php(662): Illuminate\\Database\\Connection->Illuminate\\Database\\{closure}()
#3 /home/alejandro/play-work/playgroup-admin---laravel/vendor/laravel/framework/src/Illuminate/Database/Connection.php(629): Illuminate\\Database\\Connection->runQueryCallback()
#4 /home/alejandro/play-work/playgroup-admin---laravel/vendor/laravel/framework/src/Illuminate/Database/Connection.php(464): Illuminate\\Database\\Connection->run()
#5 /home/alejandro/play-work/playgroup-admin---laravel/vendor/laravel/framework/src/Illuminate/Database/Connection.php(416): Illuminate\\Database\\Connection->statement()
#6 /home/alejandro/play-work/playgroup-admin---laravel/vendor/laravel/framework/src/Illuminate/Database/Query/Builder.php(2661): Illuminate\\Database\\Connection->insert()
#7 /home/alejandro/play-work/playgroup-admin---laravel/database/seeds/MasterFieldsTableSeeder.php(18): Illuminate\\Database\\Query\\Builder->insert()
#8 /home/alejandro/play-work/playgroup-admin---laravel/vendor/laravel/framework/src/Illuminate/Container/BoundMethod.php(36): MasterFieldsTableSeeder->run()
#9 /home/alejandro/play-work/playgroup-admin---laravel/vendor/laravel/framework/src/Illuminate/Container/Util.php(37): Illuminate\\Container\\BoundMethod::Illuminate\\Container\\{closure}()
#10 /home/alejandro/play-work/playgroup-admin---laravel/vendor/laravel/framework/src/Illuminate/Container/BoundMethod.php(93): Illuminate\\Container\\Util::unwrapIfClosure()
#11 /home/alejandro/play-work/playgroup-admin---laravel/vendor/laravel/framework/src/Illuminate/Container/BoundMethod.php(37): Illuminate\\Container\\BoundMethod::callBoundMethod()
#12 /home/alejandro/play-work/playgroup-admin---laravel/vendor/laravel/framework/src/Illuminate/Container/Container.php(590): Illuminate\\Container\\BoundMethod::call()
#13 /home/alejandro/play-work/playgroup-admin---laravel/vendor/laravel/framework/src/Illuminate/Database/Seeder.php(134): Illuminate\\Container\\Container->call()
#14 /home/alejandro/play-work/playgroup-admin---laravel/vendor/laravel/framework/src/Illuminate/Database/Seeder.php(48): Illuminate\\Database\\Seeder->__invoke()
#15 /home/alejandro/play-work/playgroup-admin---laravel/database/seeds/DatabaseSeeder.php(25): Illuminate\\Database\\Seeder->call()
#16 /home/alejandro/play-work/playgroup-admin---laravel/vendor/laravel/framework/src/Illuminate/Container/BoundMethod.php(36): DatabaseSeeder->run()
#17 /home/alejandro/play-work/playgroup-admin---laravel/vendor/laravel/framework/src/Illuminate/Container/Util.php(37): Illuminate\\Container\\BoundMethod::Illuminate\\Container\\{closure}()
#18 /home/alejandro/play-work/playgroup-admin---laravel/vendor/laravel/framework/src/Illuminate/Container/BoundMethod.php(93): Illuminate\\Container\\Util::unwrapIfClosure()
#19 /home/alejandro/play-work/playgroup-admin---laravel/vendor/laravel/framework/src/Illuminate/Container/BoundMethod.php(37): Illuminate\\Container\\BoundMethod::callBoundMethod()
#20 /home/alejandro/play-work/playgroup-admin---laravel/vendor/laravel/framework/src/Illuminate/Container/Container.php(590): Illuminate\\Container\\BoundMethod::call()
#21 /home/alejandro/play-work/playgroup-admin---laravel/vendor/laravel/framework/src/Illuminate/Database/Seeder.php(134): Illuminate\\Container\\Container->call()
#22 /home/alejandro/play-work/playgroup-admin---laravel/vendor/laravel/framework/src/Illuminate/Database/Console/Seeds/SeedCommand.php(63): Illuminate\\Database\\Seeder->__invoke()
#23 /home/alejandro/play-work/playgroup-admin---laravel/vendor/laravel/framework/src/Illuminate/Database/Eloquent/Concerns/GuardsAttributes.php(129): Illuminate\\Database\\Console\\Seeds\\SeedCommand->Illuminate\\Database\\Console\\Seeds\\{closure}()
#24 /home/alejandro/play-work/playgroup-admin---laravel/vendor/laravel/framework/src/Illuminate/Database/Console/Seeds/SeedCommand.php(64): Illuminate\\Database\\Eloquent\\Model::unguarded()
#25 /home/alejandro/play-work/playgroup-admin---laravel/vendor/laravel/framework/src/Illuminate/Container/BoundMethod.php(36): Illuminate\\Database\\Console\\Seeds\\SeedCommand->handle()
#26 /home/alejandro/play-work/playgroup-admin---laravel/vendor/laravel/framework/src/Illuminate/Container/Util.php(37): Illuminate\\Container\\BoundMethod::Illuminate\\Container\\{closure}()
#27 /home/alejandro/play-work/playgroup-admin---laravel/vendor/laravel/framework/src/Illuminate/Container/BoundMethod.php(93): Illuminate\\Container\\Util::unwrapIfClosure()
#28 /home/alejandro/play-work/playgroup-admin---laravel/vendor/laravel/framework/src/Illuminate/Container/BoundMethod.php(37): Illuminate\\Container\\BoundMethod::callBoundMethod()
#29 /home/alejandro/play-work/playgroup-admin---laravel/vendor/laravel/framework/src/Illuminate/Container/Container.php(590): Illuminate\\Container\\BoundMethod::call()
#30 /home/alejandro/play-work/playgroup-admin---laravel/vendor/laravel/framework/src/Illuminate/Console/Command.php(134): Illuminate\\Container\\Container->call()
#31 /home/alejandro/play-work/playgroup-admin---laravel/vendor/symfony/console/Command/Command.php(255): Illuminate\\Console\\Command->execute()
#32 /home/alejandro/play-work/playgroup-admin---laravel/vendor/laravel/framework/src/Illuminate/Console/Command.php(121): Symfony\\Component\\Console\\Command\\Command->run()
#33 /home/alejandro/play-work/playgroup-admin---laravel/vendor/laravel/framework/src/Illuminate/Console/Concerns/CallsCommands.php(56): Illuminate\\Console\\Command->run()
#34 /home/alejandro/play-work/playgroup-admin---laravel/vendor/laravel/framework/src/Illuminate/Console/Concerns/CallsCommands.php(28): Illuminate\\Console\\Command->runCommand()
#35 /home/alejandro/play-work/playgroup-admin---laravel/vendor/laravel/framework/src/Illuminate/Database/Console/Migrations/FreshCommand.php(79): Illuminate\\Console\\Command->call()
#36 /home/alejandro/play-work/playgroup-admin---laravel/vendor/laravel/framework/src/Illuminate/Database/Console/Migrations/FreshCommand.php(56): Illuminate\\Database\\Console\\Migrations\\FreshCommand->runSeeder()
#37 /home/alejandro/play-work/playgroup-admin---laravel/vendor/laravel/framework/src/Illuminate/Container/BoundMethod.php(36): Illuminate\\Database\\Console\\Migrations\\FreshCommand->handle()
#38 /home/alejandro/play-work/playgroup-admin---laravel/vendor/laravel/framework/src/Illuminate/Container/Util.php(37): Illuminate\\Container\\BoundMethod::Illuminate\\Container\\{closure}()
#39 /home/alejandro/play-work/playgroup-admin---laravel/vendor/laravel/framework/src/Illuminate/Container/BoundMethod.php(93): Illuminate\\Container\\Util::unwrapIfClosure()
#40 /home/alejandro/play-work/playgroup-admin---laravel/vendor/laravel/framework/src/Illuminate/Container/BoundMethod.php(37): Illuminate\\Container\\BoundMethod::callBoundMethod()
#41 /home/alejandro/play-work/playgroup-admin---laravel/vendor/laravel/framework/src/Illuminate/Container/Container.php(590): Illuminate\\Container\\BoundMethod::call()
#42 /home/alejandro/play-work/playgroup-admin---laravel/vendor/laravel/framework/src/Illuminate/Console/Command.php(134): Illuminate\\Container\\Container->call()
#43 /home/alejandro/play-work/playgroup-admin---laravel/vendor/symfony/console/Command/Command.php(255): Illuminate\\Console\\Command->execute()
#44 /home/alejandro/play-work/playgroup-admin---laravel/vendor/laravel/framework/src/Illuminate/Console/Command.php(121): Symfony\\Component\\Console\\Command\\Command->run()
#45 /home/alejandro/play-work/playgroup-admin---laravel/vendor/symfony/console/Application.php(1021): Illuminate\\Console\\Command->run()
#46 /home/alejandro/play-work/playgroup-admin---laravel/vendor/symfony/console/Application.php(275): Symfony\\Component\\Console\\Application->doRunCommand()
#47 /home/alejandro/play-work/playgroup-admin---laravel/vendor/symfony/console/Application.php(149): Symfony\\Component\\Console\\Application->doRun()
#48 /home/alejandro/play-work/playgroup-admin---laravel/vendor/laravel/framework/src/Illuminate/Console/Application.php(93): Symfony\\Component\\Console\\Application->run()
#49 /home/alejandro/play-work/playgroup-admin---laravel/vendor/laravel/framework/src/Illuminate/Foundation/Console/Kernel.php(131): Illuminate\\Console\\Application->run()
#50 /home/alejandro/play-work/playgroup-admin---laravel/artisan(37): Illuminate\\Foundation\\Console\\Kernel->handle()
#51 {main}

[previous exception] [object] (PDOException(code: 23000): SQLSTATE[23000]: Integrity constraint violation: 1452 Cannot add or update a child row: a foreign key constraint fails (`playgroup_admin`.`master_fields`, CONSTRAINT `master_fields_master_section_id_foreign` FOREIGN KEY (`master_section_id`) REFERENCES `master_sections` (`id`)) at /home/alejandro/play-work/playgroup-admin---laravel/vendor/doctrine/dbal/lib/Doctrine/DBAL/Driver/PDOStatement.php:117)
[stacktrace]
#0 /home/alejandro/play-work/playgroup-admin---laravel/vendor/doctrine/dbal/lib/Doctrine/DBAL/Driver/PDOStatement.php(117): PDOStatement->execute()
#1 /home/alejandro/play-work/playgroup-admin---laravel/vendor/laravel/framework/src/Illuminate/Database/Connection.php(463): Doctrine\\DBAL\\Driver\\PDOStatement->execute()
#2 /home/alejandro/play-work/playgroup-admin---laravel/vendor/laravel/framework/src/Illuminate/Database/Connection.php(662): Illuminate\\Database\\Connection->Illuminate\\Database\\{closure}()
#3 /home/alejandro/play-work/playgroup-admin---laravel/vendor/laravel/framework/src/Illuminate/Database/Connection.php(629): Illuminate\\Database\\Connection->runQueryCallback()
#4 /home/alejandro/play-work/playgroup-admin---laravel/vendor/laravel/framework/src/Illuminate/Database/Connection.php(464): Illuminate\\Database\\Connection->run()
#5 /home/alejandro/play-work/playgroup-admin---laravel/vendor/laravel/framework/src/Illuminate/Database/Connection.php(416): Illuminate\\Database\\Connection->statement()
#6 /home/alejandro/play-work/playgroup-admin---laravel/vendor/laravel/framework/src/Illuminate/Database/Query/Builder.php(2661): Illuminate\\Database\\Connection->insert()
#7 /home/alejandro/play-work/playgroup-admin---laravel/database/seeds/MasterFieldsTableSeeder.php(18): Illuminate\\Database\\Query\\Builder->insert()
#8 /home/alejandro/play-work/playgroup-admin---laravel/vendor/laravel/framework/src/Illuminate/Container/BoundMethod.php(36): MasterFieldsTableSeeder->run()
#9 /home/alejandro/play-work/playgroup-admin---laravel/vendor/laravel/framework/src/Illuminate/Container/Util.php(37): Illuminate\\Container\\BoundMethod::Illuminate\\Container\\{closure}()
#10 /home/alejandro/play-work/playgroup-admin---laravel/vendor/laravel/framework/src/Illuminate/Container/BoundMethod.php(93): Illuminate\\Container\\Util::unwrapIfClosure()
#11 /home/alejandro/play-work/playgroup-admin---laravel/vendor/laravel/framework/src/Illuminate/Container/BoundMethod.php(37): Illuminate\\Container\\BoundMethod::callBoundMethod()
#12 /home/alejandro/play-work/playgroup-admin---laravel/vendor/laravel/framework/src/Illuminate/Container/Container.php(590): Illuminate\\Container\\BoundMethod::call()
#13 /home/alejandro/play-work/playgroup-admin---laravel/vendor/laravel/framework/src/Illuminate/Database/Seeder.php(134): Illuminate\\Container\\Container->call()
#14 /home/alejandro/play-work/playgroup-admin---laravel/vendor/laravel/framework/src/Illuminate/Database/Seeder.php(48): Illuminate\\Database\\Seeder->__invoke()
#15 /home/alejandro/play-work/playgroup-admin---laravel/database/seeds/DatabaseSeeder.php(25): Illuminate\\Database\\Seeder->call()
#16 /home/alejandro/play-work/playgroup-admin---laravel/vendor/laravel/framework/src/Illuminate/Container/BoundMethod.php(36): DatabaseSeeder->run()
#17 /home/alejandro/play-work/playgroup-admin---laravel/vendor/laravel/framework/src/Illuminate/Container/Util.php(37): Illuminate\\Container\\BoundMethod::Illuminate\\Container\\{closure}()
#18 /home/alejandro/play-work/playgroup-admin---laravel/vendor/laravel/framework/src/Illuminate/Container/BoundMethod.php(93): Illuminate\\Container\\Util::unwrapIfClosure()
#19 /home/alejandro/play-work/playgroup-admin---laravel/vendor/laravel/framework/src/Illuminate/Container/BoundMethod.php(37): Illuminate\\Container\\BoundMethod::callBoundMethod()
#20 /home/alejandro/play-work/playgroup-admin---laravel/vendor/laravel/framework/src/Illuminate/Container/Container.php(590): Illuminate\\Container\\BoundMethod::call()
#21 /home/alejandro/play-work/playgroup-admin---laravel/vendor/laravel/framework/src/Illuminate/Database/Seeder.php(134): Illuminate\\Container\\Container->call()
#22 /home/alejandro/play-work/playgroup-admin---laravel/vendor/laravel/framework/src/Illuminate/Database/Console/Seeds/SeedCommand.php(63): Illuminate\\Database\\Seeder->__invoke()
#23 /home/alejandro/play-work/playgroup-admin---laravel/vendor/laravel/framework/src/Illuminate/Database/Eloquent/Concerns/GuardsAttributes.php(129): Illuminate\\Database\\Console\\Seeds\\SeedCommand->Illuminate\\Database\\Console\\Seeds\\{closure}()
#24 /home/alejandro/play-work/playgroup-admin---laravel/vendor/laravel/framework/src/Illuminate/Database/Console/Seeds/SeedCommand.php(64): Illuminate\\Database\\Eloquent\\Model::unguarded()
#25 /home/alejandro/play-work/playgroup-admin---laravel/vendor/laravel/framework/src/Illuminate/Container/BoundMethod.php(36): Illuminate\\Database\\Console\\Seeds\\SeedCommand->handle()
#26 /home/alejandro/play-work/playgroup-admin---laravel/vendor/laravel/framework/src/Illuminate/Container/Util.php(37): Illuminate\\Container\\BoundMethod::Illuminate\\Container\\{closure}()
#27 /home/alejandro/play-work/playgroup-admin---laravel/vendor/laravel/framework/src/Illuminate/Container/BoundMethod.php(93): Illuminate\\Container\\Util::unwrapIfClosure()
#28 /home/alejandro/play-work/playgroup-admin---laravel/vendor/laravel/framework/src/Illuminate/Container/BoundMethod.php(37): Illuminate\\Container\\BoundMethod::callBoundMethod()
#29 /home/alejandro/play-work/playgroup-admin---laravel/vendor/laravel/framework/src/Illuminate/Container/Container.php(590): Illuminate\\Container\\BoundMethod::call()
#30 /home/alejandro/play-work/playgroup-admin---laravel/vendor/laravel/framework/src/Illuminate/Console/Command.php(134): Illuminate\\Container\\Container->call()
#31 /home/alejandro/play-work/playgroup-admin---laravel/vendor/symfony/console/Command/Command.php(255): Illuminate\\Console\\Command->execute()
#32 /home/alejandro/play-work/playgroup-admin---laravel/vendor/laravel/framework/src/Illuminate/Console/Command.php(121): Symfony\\Component\\Console\\Command\\Command->run()
#33 /home/alejandro/play-work/playgroup-admin---laravel/vendor/laravel/framework/src/Illuminate/Console/Concerns/CallsCommands.php(56): Illuminate\\Console\\Command->run()
#34 /home/alejandro/play-work/playgroup-admin---laravel/vendor/laravel/framework/src/Illuminate/Console/Concerns/CallsCommands.php(28): Illuminate\\Console\\Command->runCommand()
#35 /home/alejandro/play-work/playgroup-admin---laravel/vendor/laravel/framework/src/Illuminate/Database/Console/Migrations/FreshCommand.php(79): Illuminate\\Console\\Command->call()
#36 /home/alejandro/play-work/playgroup-admin---laravel/vendor/laravel/framework/src/Illuminate/Database/Console/Migrations/FreshCommand.php(56): Illuminate\\Database\\Console\\Migrations\\FreshCommand->runSeeder()
#37 /home/alejandro/play-work/playgroup-admin---laravel/vendor/laravel/framework/src/Illuminate/Container/BoundMethod.php(36): Illuminate\\Database\\Console\\Migrations\\FreshCommand->handle()
#38 /home/alejandro/play-work/playgroup-admin---laravel/vendor/laravel/framework/src/Illuminate/Container/Util.php(37): Illuminate\\Container\\BoundMethod::Illuminate\\Container\\{closure}()
#39 /home/alejandro/play-work/playgroup-admin---laravel/vendor/laravel/framework/src/Illuminate/Container/BoundMethod.php(93): Illuminate\\Container\\Util::unwrapIfClosure()
#40 /home/alejandro/play-work/playgroup-admin---laravel/vendor/laravel/framework/src/Illuminate/Container/BoundMethod.php(37): Illuminate\\Container\\BoundMethod::callBoundMethod()
#41 /home/alejandro/play-work/playgroup-admin---laravel/vendor/laravel/framework/src/Illuminate/Container/Container.php(590): Illuminate\\Container\\BoundMethod::call()
#42 /home/alejandro/play-work/playgroup-admin---laravel/vendor/laravel/framework/src/Illuminate/Console/Command.php(134): Illuminate\\Container\\Container->call()
#43 /home/alejandro/play-work/playgroup-admin---laravel/vendor/symfony/console/Command/Command.php(255): Illuminate\\Console\\Command->execute()
#44 /home/alejandro/play-work/playgroup-admin---laravel/vendor/laravel/framework/src/Illuminate/Console/Command.php(121): Symfony\\Component\\Console\\Command\\Command->run()
#45 /home/alejandro/play-work/playgroup-admin---laravel/vendor/symfony/console/Application.php(1021): Illuminate\\Console\\Command->run()
#46 /home/alejandro/play-work/playgroup-admin---laravel/vendor/symfony/console/Application.php(275): Symfony\\Component\\Console\\Application->doRunCommand()
#47 /home/alejandro/play-work/playgroup-admin---laravel/vendor/symfony/console/Application.php(149): Symfony\\Component\\Console\\Application->doRun()
#48 /home/alejandro/play-work/playgroup-admin---laravel/vendor/laravel/framework/src/Illuminate/Console/Application.php(93): Symfony\\Component\\Console\\Application->run()
#49 /home/alejandro/play-work/playgroup-admin---laravel/vendor/laravel/framework/src/Illuminate/Foundation/Console/Kernel.php(131): Illuminate\\Console\\Application->run()
#50 /home/alejandro/play-work/playgroup-admin---laravel/artisan(37): Illuminate\\Foundation\\Console\\Kernel->handle()
#51 {main}
"} 
[2025-05-17 19:37:46] local.ERROR: SQLSTATE[23000]: Integrity constraint violation: 1062 Duplicate entry '29' for key 'master_sections.PRIMARY' (SQL: insert into `master_sections` (`id`, `master_page_id`, `name`) values (1, 1, Banner), (2, 1, Lineas de Negocio), (3, 1, Por qué Nosotros), (4, 1, Nuestros Clientes), (5, 1, Rompemos Fronteras), (6, 1, Notas de Prensa), (7, 5, Banner), (8, 8, Banner), (9, 6, Banner), (10, 6, Nuestra Historia), (11, 6, Nuestros Trofeos), (12, 6, Nuestros Players), (13, 6, Proceso de Calidad (Headers)), (14, 6, Hi,PLAY (Presentación)), (18, 2, Banner), (19, 2, Metodología), (20, 2, Casos de Éxito), (21, 2, Solución de Problemas), (22, 2, Contáctenos), (23, 3, Banner), (24, 3, Metodología), (25, 3, Casos de Éxito), (26, 3, Solución de Problemas), (27, 3, Contáctenos), (28, 4, Banner), (29, 4, Metodología), (30, 4, Casos de Éxito), (31, 4, Solución de Problemas), (29, 4, Contáctenos), (33, 7, Banner), (34, 7, Información)) {"exception":"[object] (Illuminate\\Database\\QueryException(code: 23000): SQLSTATE[23000]: Integrity constraint violation: 1062 Duplicate entry '29' for key 'master_sections.PRIMARY' (SQL: insert into `master_sections` (`id`, `master_page_id`, `name`) values (1, 1, Banner), (2, 1, Lineas de Negocio), (3, 1, Por qué Nosotros), (4, 1, Nuestros Clientes), (5, 1, Rompemos Fronteras), (6, 1, Notas de Prensa), (7, 5, Banner), (8, 8, Banner), (9, 6, Banner), (10, 6, Nuestra Historia), (11, 6, Nuestros Trofeos), (12, 6, Nuestros Players), (13, 6, Proceso de Calidad (Headers)), (14, 6, Hi,PLAY (Presentación)), (18, 2, Banner), (19, 2, Metodología), (20, 2, Casos de Éxito), (21, 2, Solución de Problemas), (22, 2, Contáctenos), (23, 3, Banner), (24, 3, Metodología), (25, 3, Casos de Éxito), (26, 3, Solución de Problemas), (27, 3, Contáctenos), (28, 4, Banner), (29, 4, Metodología), (30, 4, Casos de Éxito), (31, 4, Solución de Problemas), (29, 4, Contáctenos), (33, 7, Banner), (34, 7, Información)) at /home/alejandro/play-work/playgroup-admin---laravel/vendor/laravel/framework/src/Illuminate/Database/Connection.php:669)
[stacktrace]
#0 /home/alejandro/play-work/playgroup-admin---laravel/vendor/laravel/framework/src/Illuminate/Database/Connection.php(629): Illuminate\\Database\\Connection->runQueryCallback()
#1 /home/alejandro/play-work/playgroup-admin---laravel/vendor/laravel/framework/src/Illuminate/Database/Connection.php(464): Illuminate\\Database\\Connection->run()
#2 /home/alejandro/play-work/playgroup-admin---laravel/vendor/laravel/framework/src/Illuminate/Database/Connection.php(416): Illuminate\\Database\\Connection->statement()
#3 /home/alejandro/play-work/playgroup-admin---laravel/vendor/laravel/framework/src/Illuminate/Database/Query/Builder.php(2661): Illuminate\\Database\\Connection->insert()
#4 /home/alejandro/play-work/playgroup-admin---laravel/database/seeds/MasterSectionsTableSeeder.php(18): Illuminate\\Database\\Query\\Builder->insert()
#5 /home/alejandro/play-work/playgroup-admin---laravel/vendor/laravel/framework/src/Illuminate/Container/BoundMethod.php(36): MasterSectionsTableSeeder->run()
#6 /home/alejandro/play-work/playgroup-admin---laravel/vendor/laravel/framework/src/Illuminate/Container/Util.php(37): Illuminate\\Container\\BoundMethod::Illuminate\\Container\\{closure}()
#7 /home/alejandro/play-work/playgroup-admin---laravel/vendor/laravel/framework/src/Illuminate/Container/BoundMethod.php(93): Illuminate\\Container\\Util::unwrapIfClosure()
#8 /home/alejandro/play-work/playgroup-admin---laravel/vendor/laravel/framework/src/Illuminate/Container/BoundMethod.php(37): Illuminate\\Container\\BoundMethod::callBoundMethod()
#9 /home/alejandro/play-work/playgroup-admin---laravel/vendor/laravel/framework/src/Illuminate/Container/Container.php(590): Illuminate\\Container\\BoundMethod::call()
#10 /home/alejandro/play-work/playgroup-admin---laravel/vendor/laravel/framework/src/Illuminate/Database/Seeder.php(134): Illuminate\\Container\\Container->call()
#11 /home/alejandro/play-work/playgroup-admin---laravel/vendor/laravel/framework/src/Illuminate/Database/Seeder.php(48): Illuminate\\Database\\Seeder->__invoke()
#12 /home/alejandro/play-work/playgroup-admin---laravel/database/seeds/DatabaseSeeder.php(24): Illuminate\\Database\\Seeder->call()
#13 /home/alejandro/play-work/playgroup-admin---laravel/vendor/laravel/framework/src/Illuminate/Container/BoundMethod.php(36): DatabaseSeeder->run()
#14 /home/alejandro/play-work/playgroup-admin---laravel/vendor/laravel/framework/src/Illuminate/Container/Util.php(37): Illuminate\\Container\\BoundMethod::Illuminate\\Container\\{closure}()
#15 /home/alejandro/play-work/playgroup-admin---laravel/vendor/laravel/framework/src/Illuminate/Container/BoundMethod.php(93): Illuminate\\Container\\Util::unwrapIfClosure()
#16 /home/alejandro/play-work/playgroup-admin---laravel/vendor/laravel/framework/src/Illuminate/Container/BoundMethod.php(37): Illuminate\\Container\\BoundMethod::callBoundMethod()
#17 /home/alejandro/play-work/playgroup-admin---laravel/vendor/laravel/framework/src/Illuminate/Container/Container.php(590): Illuminate\\Container\\BoundMethod::call()
#18 /home/alejandro/play-work/playgroup-admin---laravel/vendor/laravel/framework/src/Illuminate/Database/Seeder.php(134): Illuminate\\Container\\Container->call()
#19 /home/alejandro/play-work/playgroup-admin---laravel/vendor/laravel/framework/src/Illuminate/Database/Console/Seeds/SeedCommand.php(63): Illuminate\\Database\\Seeder->__invoke()
#20 /home/alejandro/play-work/playgroup-admin---laravel/vendor/laravel/framework/src/Illuminate/Database/Eloquent/Concerns/GuardsAttributes.php(129): Illuminate\\Database\\Console\\Seeds\\SeedCommand->Illuminate\\Database\\Console\\Seeds\\{closure}()
#21 /home/alejandro/play-work/playgroup-admin---laravel/vendor/laravel/framework/src/Illuminate/Database/Console/Seeds/SeedCommand.php(64): Illuminate\\Database\\Eloquent\\Model::unguarded()
#22 /home/alejandro/play-work/playgroup-admin---laravel/vendor/laravel/framework/src/Illuminate/Container/BoundMethod.php(36): Illuminate\\Database\\Console\\Seeds\\SeedCommand->handle()
#23 /home/alejandro/play-work/playgroup-admin---laravel/vendor/laravel/framework/src/Illuminate/Container/Util.php(37): Illuminate\\Container\\BoundMethod::Illuminate\\Container\\{closure}()
#24 /home/alejandro/play-work/playgroup-admin---laravel/vendor/laravel/framework/src/Illuminate/Container/BoundMethod.php(93): Illuminate\\Container\\Util::unwrapIfClosure()
#25 /home/alejandro/play-work/playgroup-admin---laravel/vendor/laravel/framework/src/Illuminate/Container/BoundMethod.php(37): Illuminate\\Container\\BoundMethod::callBoundMethod()
#26 /home/alejandro/play-work/playgroup-admin---laravel/vendor/laravel/framework/src/Illuminate/Container/Container.php(590): Illuminate\\Container\\BoundMethod::call()
#27 /home/alejandro/play-work/playgroup-admin---laravel/vendor/laravel/framework/src/Illuminate/Console/Command.php(134): Illuminate\\Container\\Container->call()
#28 /home/alejandro/play-work/playgroup-admin---laravel/vendor/symfony/console/Command/Command.php(255): Illuminate\\Console\\Command->execute()
#29 /home/alejandro/play-work/playgroup-admin---laravel/vendor/laravel/framework/src/Illuminate/Console/Command.php(121): Symfony\\Component\\Console\\Command\\Command->run()
#30 /home/alejandro/play-work/playgroup-admin---laravel/vendor/laravel/framework/src/Illuminate/Console/Concerns/CallsCommands.php(56): Illuminate\\Console\\Command->run()
#31 /home/alejandro/play-work/playgroup-admin---laravel/vendor/laravel/framework/src/Illuminate/Console/Concerns/CallsCommands.php(28): Illuminate\\Console\\Command->runCommand()
#32 /home/alejandro/play-work/playgroup-admin---laravel/vendor/laravel/framework/src/Illuminate/Database/Console/Migrations/FreshCommand.php(79): Illuminate\\Console\\Command->call()
#33 /home/alejandro/play-work/playgroup-admin---laravel/vendor/laravel/framework/src/Illuminate/Database/Console/Migrations/FreshCommand.php(56): Illuminate\\Database\\Console\\Migrations\\FreshCommand->runSeeder()
#34 /home/alejandro/play-work/playgroup-admin---laravel/vendor/laravel/framework/src/Illuminate/Container/BoundMethod.php(36): Illuminate\\Database\\Console\\Migrations\\FreshCommand->handle()
#35 /home/alejandro/play-work/playgroup-admin---laravel/vendor/laravel/framework/src/Illuminate/Container/Util.php(37): Illuminate\\Container\\BoundMethod::Illuminate\\Container\\{closure}()
#36 /home/alejandro/play-work/playgroup-admin---laravel/vendor/laravel/framework/src/Illuminate/Container/BoundMethod.php(93): Illuminate\\Container\\Util::unwrapIfClosure()
#37 /home/alejandro/play-work/playgroup-admin---laravel/vendor/laravel/framework/src/Illuminate/Container/BoundMethod.php(37): Illuminate\\Container\\BoundMethod::callBoundMethod()
#38 /home/alejandro/play-work/playgroup-admin---laravel/vendor/laravel/framework/src/Illuminate/Container/Container.php(590): Illuminate\\Container\\BoundMethod::call()
#39 /home/alejandro/play-work/playgroup-admin---laravel/vendor/laravel/framework/src/Illuminate/Console/Command.php(134): Illuminate\\Container\\Container->call()
#40 /home/alejandro/play-work/playgroup-admin---laravel/vendor/symfony/console/Command/Command.php(255): Illuminate\\Console\\Command->execute()
#41 /home/alejandro/play-work/playgroup-admin---laravel/vendor/laravel/framework/src/Illuminate/Console/Command.php(121): Symfony\\Component\\Console\\Command\\Command->run()
#42 /home/alejandro/play-work/playgroup-admin---laravel/vendor/symfony/console/Application.php(1021): Illuminate\\Console\\Command->run()
#43 /home/alejandro/play-work/playgroup-admin---laravel/vendor/symfony/console/Application.php(275): Symfony\\Component\\Console\\Application->doRunCommand()
#44 /home/alejandro/play-work/playgroup-admin---laravel/vendor/symfony/console/Application.php(149): Symfony\\Component\\Console\\Application->doRun()
#45 /home/alejandro/play-work/playgroup-admin---laravel/vendor/laravel/framework/src/Illuminate/Console/Application.php(93): Symfony\\Component\\Console\\Application->run()
#46 /home/alejandro/play-work/playgroup-admin---laravel/vendor/laravel/framework/src/Illuminate/Foundation/Console/Kernel.php(131): Illuminate\\Console\\Application->run()
#47 /home/alejandro/play-work/playgroup-admin---laravel/artisan(37): Illuminate\\Foundation\\Console\\Kernel->handle()
#48 {main}

[previous exception] [object] (Doctrine\\DBAL\\Driver\\PDO\\Exception(code: 23000): SQLSTATE[23000]: Integrity constraint violation: 1062 Duplicate entry '29' for key 'master_sections.PRIMARY' at /home/alejandro/play-work/playgroup-admin---laravel/vendor/doctrine/dbal/lib/Doctrine/DBAL/Driver/PDO/Exception.php:18)
[stacktrace]
#0 /home/alejandro/play-work/playgroup-admin---laravel/vendor/doctrine/dbal/lib/Doctrine/DBAL/Driver/PDOStatement.php(119): Doctrine\\DBAL\\Driver\\PDO\\Exception::new()
#1 /home/alejandro/play-work/playgroup-admin---laravel/vendor/laravel/framework/src/Illuminate/Database/Connection.php(463): Doctrine\\DBAL\\Driver\\PDOStatement->execute()
#2 /home/alejandro/play-work/playgroup-admin---laravel/vendor/laravel/framework/src/Illuminate/Database/Connection.php(662): Illuminate\\Database\\Connection->Illuminate\\Database\\{closure}()
#3 /home/alejandro/play-work/playgroup-admin---laravel/vendor/laravel/framework/src/Illuminate/Database/Connection.php(629): Illuminate\\Database\\Connection->runQueryCallback()
#4 /home/alejandro/play-work/playgroup-admin---laravel/vendor/laravel/framework/src/Illuminate/Database/Connection.php(464): Illuminate\\Database\\Connection->run()
#5 /home/alejandro/play-work/playgroup-admin---laravel/vendor/laravel/framework/src/Illuminate/Database/Connection.php(416): Illuminate\\Database\\Connection->statement()
#6 /home/alejandro/play-work/playgroup-admin---laravel/vendor/laravel/framework/src/Illuminate/Database/Query/Builder.php(2661): Illuminate\\Database\\Connection->insert()
#7 /home/alejandro/play-work/playgroup-admin---laravel/database/seeds/MasterSectionsTableSeeder.php(18): Illuminate\\Database\\Query\\Builder->insert()
#8 /home/alejandro/play-work/playgroup-admin---laravel/vendor/laravel/framework/src/Illuminate/Container/BoundMethod.php(36): MasterSectionsTableSeeder->run()
#9 /home/alejandro/play-work/playgroup-admin---laravel/vendor/laravel/framework/src/Illuminate/Container/Util.php(37): Illuminate\\Container\\BoundMethod::Illuminate\\Container\\{closure}()
#10 /home/alejandro/play-work/playgroup-admin---laravel/vendor/laravel/framework/src/Illuminate/Container/BoundMethod.php(93): Illuminate\\Container\\Util::unwrapIfClosure()
#11 /home/alejandro/play-work/playgroup-admin---laravel/vendor/laravel/framework/src/Illuminate/Container/BoundMethod.php(37): Illuminate\\Container\\BoundMethod::callBoundMethod()
#12 /home/alejandro/play-work/playgroup-admin---laravel/vendor/laravel/framework/src/Illuminate/Container/Container.php(590): Illuminate\\Container\\BoundMethod::call()
#13 /home/alejandro/play-work/playgroup-admin---laravel/vendor/laravel/framework/src/Illuminate/Database/Seeder.php(134): Illuminate\\Container\\Container->call()
#14 /home/alejandro/play-work/playgroup-admin---laravel/vendor/laravel/framework/src/Illuminate/Database/Seeder.php(48): Illuminate\\Database\\Seeder->__invoke()
#15 /home/alejandro/play-work/playgroup-admin---laravel/database/seeds/DatabaseSeeder.php(24): Illuminate\\Database\\Seeder->call()
#16 /home/alejandro/play-work/playgroup-admin---laravel/vendor/laravel/framework/src/Illuminate/Container/BoundMethod.php(36): DatabaseSeeder->run()
#17 /home/alejandro/play-work/playgroup-admin---laravel/vendor/laravel/framework/src/Illuminate/Container/Util.php(37): Illuminate\\Container\\BoundMethod::Illuminate\\Container\\{closure}()
#18 /home/alejandro/play-work/playgroup-admin---laravel/vendor/laravel/framework/src/Illuminate/Container/BoundMethod.php(93): Illuminate\\Container\\Util::unwrapIfClosure()
#19 /home/alejandro/play-work/playgroup-admin---laravel/vendor/laravel/framework/src/Illuminate/Container/BoundMethod.php(37): Illuminate\\Container\\BoundMethod::callBoundMethod()
#20 /home/alejandro/play-work/playgroup-admin---laravel/vendor/laravel/framework/src/Illuminate/Container/Container.php(590): Illuminate\\Container\\BoundMethod::call()
#21 /home/alejandro/play-work/playgroup-admin---laravel/vendor/laravel/framework/src/Illuminate/Database/Seeder.php(134): Illuminate\\Container\\Container->call()
#22 /home/alejandro/play-work/playgroup-admin---laravel/vendor/laravel/framework/src/Illuminate/Database/Console/Seeds/SeedCommand.php(63): Illuminate\\Database\\Seeder->__invoke()
#23 /home/alejandro/play-work/playgroup-admin---laravel/vendor/laravel/framework/src/Illuminate/Database/Eloquent/Concerns/GuardsAttributes.php(129): Illuminate\\Database\\Console\\Seeds\\SeedCommand->Illuminate\\Database\\Console\\Seeds\\{closure}()
#24 /home/alejandro/play-work/playgroup-admin---laravel/vendor/laravel/framework/src/Illuminate/Database/Console/Seeds/SeedCommand.php(64): Illuminate\\Database\\Eloquent\\Model::unguarded()
#25 /home/alejandro/play-work/playgroup-admin---laravel/vendor/laravel/framework/src/Illuminate/Container/BoundMethod.php(36): Illuminate\\Database\\Console\\Seeds\\SeedCommand->handle()
#26 /home/alejandro/play-work/playgroup-admin---laravel/vendor/laravel/framework/src/Illuminate/Container/Util.php(37): Illuminate\\Container\\BoundMethod::Illuminate\\Container\\{closure}()
#27 /home/alejandro/play-work/playgroup-admin---laravel/vendor/laravel/framework/src/Illuminate/Container/BoundMethod.php(93): Illuminate\\Container\\Util::unwrapIfClosure()
#28 /home/alejandro/play-work/playgroup-admin---laravel/vendor/laravel/framework/src/Illuminate/Container/BoundMethod.php(37): Illuminate\\Container\\BoundMethod::callBoundMethod()
#29 /home/alejandro/play-work/playgroup-admin---laravel/vendor/laravel/framework/src/Illuminate/Container/Container.php(590): Illuminate\\Container\\BoundMethod::call()
#30 /home/alejandro/play-work/playgroup-admin---laravel/vendor/laravel/framework/src/Illuminate/Console/Command.php(134): Illuminate\\Container\\Container->call()
#31 /home/alejandro/play-work/playgroup-admin---laravel/vendor/symfony/console/Command/Command.php(255): Illuminate\\Console\\Command->execute()
#32 /home/alejandro/play-work/playgroup-admin---laravel/vendor/laravel/framework/src/Illuminate/Console/Command.php(121): Symfony\\Component\\Console\\Command\\Command->run()
#33 /home/alejandro/play-work/playgroup-admin---laravel/vendor/laravel/framework/src/Illuminate/Console/Concerns/CallsCommands.php(56): Illuminate\\Console\\Command->run()
#34 /home/alejandro/play-work/playgroup-admin---laravel/vendor/laravel/framework/src/Illuminate/Console/Concerns/CallsCommands.php(28): Illuminate\\Console\\Command->runCommand()
#35 /home/alejandro/play-work/playgroup-admin---laravel/vendor/laravel/framework/src/Illuminate/Database/Console/Migrations/FreshCommand.php(79): Illuminate\\Console\\Command->call()
#36 /home/alejandro/play-work/playgroup-admin---laravel/vendor/laravel/framework/src/Illuminate/Database/Console/Migrations/FreshCommand.php(56): Illuminate\\Database\\Console\\Migrations\\FreshCommand->runSeeder()
#37 /home/alejandro/play-work/playgroup-admin---laravel/vendor/laravel/framework/src/Illuminate/Container/BoundMethod.php(36): Illuminate\\Database\\Console\\Migrations\\FreshCommand->handle()
#38 /home/alejandro/play-work/playgroup-admin---laravel/vendor/laravel/framework/src/Illuminate/Container/Util.php(37): Illuminate\\Container\\BoundMethod::Illuminate\\Container\\{closure}()
#39 /home/alejandro/play-work/playgroup-admin---laravel/vendor/laravel/framework/src/Illuminate/Container/BoundMethod.php(93): Illuminate\\Container\\Util::unwrapIfClosure()
#40 /home/alejandro/play-work/playgroup-admin---laravel/vendor/laravel/framework/src/Illuminate/Container/BoundMethod.php(37): Illuminate\\Container\\BoundMethod::callBoundMethod()
#41 /home/alejandro/play-work/playgroup-admin---laravel/vendor/laravel/framework/src/Illuminate/Container/Container.php(590): Illuminate\\Container\\BoundMethod::call()
#42 /home/alejandro/play-work/playgroup-admin---laravel/vendor/laravel/framework/src/Illuminate/Console/Command.php(134): Illuminate\\Container\\Container->call()
#43 /home/alejandro/play-work/playgroup-admin---laravel/vendor/symfony/console/Command/Command.php(255): Illuminate\\Console\\Command->execute()
#44 /home/alejandro/play-work/playgroup-admin---laravel/vendor/laravel/framework/src/Illuminate/Console/Command.php(121): Symfony\\Component\\Console\\Command\\Command->run()
#45 /home/alejandro/play-work/playgroup-admin---laravel/vendor/symfony/console/Application.php(1021): Illuminate\\Console\\Command->run()
#46 /home/alejandro/play-work/playgroup-admin---laravel/vendor/symfony/console/Application.php(275): Symfony\\Component\\Console\\Application->doRunCommand()
#47 /home/alejandro/play-work/playgroup-admin---laravel/vendor/symfony/console/Application.php(149): Symfony\\Component\\Console\\Application->doRun()
#48 /home/alejandro/play-work/playgroup-admin---laravel/vendor/laravel/framework/src/Illuminate/Console/Application.php(93): Symfony\\Component\\Console\\Application->run()
#49 /home/alejandro/play-work/playgroup-admin---laravel/vendor/laravel/framework/src/Illuminate/Foundation/Console/Kernel.php(131): Illuminate\\Console\\Application->run()
#50 /home/alejandro/play-work/playgroup-admin---laravel/artisan(37): Illuminate\\Foundation\\Console\\Kernel->handle()
#51 {main}

[previous exception] [object] (PDOException(code: 23000): SQLSTATE[23000]: Integrity constraint violation: 1062 Duplicate entry '29' for key 'master_sections.PRIMARY' at /home/alejandro/play-work/playgroup-admin---laravel/vendor/doctrine/dbal/lib/Doctrine/DBAL/Driver/PDOStatement.php:117)
[stacktrace]
#0 /home/alejandro/play-work/playgroup-admin---laravel/vendor/doctrine/dbal/lib/Doctrine/DBAL/Driver/PDOStatement.php(117): PDOStatement->execute()
#1 /home/alejandro/play-work/playgroup-admin---laravel/vendor/laravel/framework/src/Illuminate/Database/Connection.php(463): Doctrine\\DBAL\\Driver\\PDOStatement->execute()
#2 /home/alejandro/play-work/playgroup-admin---laravel/vendor/laravel/framework/src/Illuminate/Database/Connection.php(662): Illuminate\\Database\\Connection->Illuminate\\Database\\{closure}()
#3 /home/alejandro/play-work/playgroup-admin---laravel/vendor/laravel/framework/src/Illuminate/Database/Connection.php(629): Illuminate\\Database\\Connection->runQueryCallback()
#4 /home/alejandro/play-work/playgroup-admin---laravel/vendor/laravel/framework/src/Illuminate/Database/Connection.php(464): Illuminate\\Database\\Connection->run()
#5 /home/alejandro/play-work/playgroup-admin---laravel/vendor/laravel/framework/src/Illuminate/Database/Connection.php(416): Illuminate\\Database\\Connection->statement()
#6 /home/alejandro/play-work/playgroup-admin---laravel/vendor/laravel/framework/src/Illuminate/Database/Query/Builder.php(2661): Illuminate\\Database\\Connection->insert()
#7 /home/alejandro/play-work/playgroup-admin---laravel/database/seeds/MasterSectionsTableSeeder.php(18): Illuminate\\Database\\Query\\Builder->insert()
#8 /home/alejandro/play-work/playgroup-admin---laravel/vendor/laravel/framework/src/Illuminate/Container/BoundMethod.php(36): MasterSectionsTableSeeder->run()
#9 /home/alejandro/play-work/playgroup-admin---laravel/vendor/laravel/framework/src/Illuminate/Container/Util.php(37): Illuminate\\Container\\BoundMethod::Illuminate\\Container\\{closure}()
#10 /home/alejandro/play-work/playgroup-admin---laravel/vendor/laravel/framework/src/Illuminate/Container/BoundMethod.php(93): Illuminate\\Container\\Util::unwrapIfClosure()
#11 /home/alejandro/play-work/playgroup-admin---laravel/vendor/laravel/framework/src/Illuminate/Container/BoundMethod.php(37): Illuminate\\Container\\BoundMethod::callBoundMethod()
#12 /home/alejandro/play-work/playgroup-admin---laravel/vendor/laravel/framework/src/Illuminate/Container/Container.php(590): Illuminate\\Container\\BoundMethod::call()
#13 /home/alejandro/play-work/playgroup-admin---laravel/vendor/laravel/framework/src/Illuminate/Database/Seeder.php(134): Illuminate\\Container\\Container->call()
#14 /home/alejandro/play-work/playgroup-admin---laravel/vendor/laravel/framework/src/Illuminate/Database/Seeder.php(48): Illuminate\\Database\\Seeder->__invoke()
#15 /home/alejandro/play-work/playgroup-admin---laravel/database/seeds/DatabaseSeeder.php(24): Illuminate\\Database\\Seeder->call()
#16 /home/alejandro/play-work/playgroup-admin---laravel/vendor/laravel/framework/src/Illuminate/Container/BoundMethod.php(36): DatabaseSeeder->run()
#17 /home/alejandro/play-work/playgroup-admin---laravel/vendor/laravel/framework/src/Illuminate/Container/Util.php(37): Illuminate\\Container\\BoundMethod::Illuminate\\Container\\{closure}()
#18 /home/alejandro/play-work/playgroup-admin---laravel/vendor/laravel/framework/src/Illuminate/Container/BoundMethod.php(93): Illuminate\\Container\\Util::unwrapIfClosure()
#19 /home/alejandro/play-work/playgroup-admin---laravel/vendor/laravel/framework/src/Illuminate/Container/BoundMethod.php(37): Illuminate\\Container\\BoundMethod::callBoundMethod()
#20 /home/alejandro/play-work/playgroup-admin---laravel/vendor/laravel/framework/src/Illuminate/Container/Container.php(590): Illuminate\\Container\\BoundMethod::call()
#21 /home/alejandro/play-work/playgroup-admin---laravel/vendor/laravel/framework/src/Illuminate/Database/Seeder.php(134): Illuminate\\Container\\Container->call()
#22 /home/alejandro/play-work/playgroup-admin---laravel/vendor/laravel/framework/src/Illuminate/Database/Console/Seeds/SeedCommand.php(63): Illuminate\\Database\\Seeder->__invoke()
#23 /home/alejandro/play-work/playgroup-admin---laravel/vendor/laravel/framework/src/Illuminate/Database/Eloquent/Concerns/GuardsAttributes.php(129): Illuminate\\Database\\Console\\Seeds\\SeedCommand->Illuminate\\Database\\Console\\Seeds\\{closure}()
#24 /home/alejandro/play-work/playgroup-admin---laravel/vendor/laravel/framework/src/Illuminate/Database/Console/Seeds/SeedCommand.php(64): Illuminate\\Database\\Eloquent\\Model::unguarded()
#25 /home/alejandro/play-work/playgroup-admin---laravel/vendor/laravel/framework/src/Illuminate/Container/BoundMethod.php(36): Illuminate\\Database\\Console\\Seeds\\SeedCommand->handle()
#26 /home/alejandro/play-work/playgroup-admin---laravel/vendor/laravel/framework/src/Illuminate/Container/Util.php(37): Illuminate\\Container\\BoundMethod::Illuminate\\Container\\{closure}()
#27 /home/alejandro/play-work/playgroup-admin---laravel/vendor/laravel/framework/src/Illuminate/Container/BoundMethod.php(93): Illuminate\\Container\\Util::unwrapIfClosure()
#28 /home/alejandro/play-work/playgroup-admin---laravel/vendor/laravel/framework/src/Illuminate/Container/BoundMethod.php(37): Illuminate\\Container\\BoundMethod::callBoundMethod()
#29 /home/alejandro/play-work/playgroup-admin---laravel/vendor/laravel/framework/src/Illuminate/Container/Container.php(590): Illuminate\\Container\\BoundMethod::call()
#30 /home/alejandro/play-work/playgroup-admin---laravel/vendor/laravel/framework/src/Illuminate/Console/Command.php(134): Illuminate\\Container\\Container->call()
#31 /home/alejandro/play-work/playgroup-admin---laravel/vendor/symfony/console/Command/Command.php(255): Illuminate\\Console\\Command->execute()
#32 /home/alejandro/play-work/playgroup-admin---laravel/vendor/laravel/framework/src/Illuminate/Console/Command.php(121): Symfony\\Component\\Console\\Command\\Command->run()
#33 /home/alejandro/play-work/playgroup-admin---laravel/vendor/laravel/framework/src/Illuminate/Console/Concerns/CallsCommands.php(56): Illuminate\\Console\\Command->run()
#34 /home/alejandro/play-work/playgroup-admin---laravel/vendor/laravel/framework/src/Illuminate/Console/Concerns/CallsCommands.php(28): Illuminate\\Console\\Command->runCommand()
#35 /home/alejandro/play-work/playgroup-admin---laravel/vendor/laravel/framework/src/Illuminate/Database/Console/Migrations/FreshCommand.php(79): Illuminate\\Console\\Command->call()
#36 /home/alejandro/play-work/playgroup-admin---laravel/vendor/laravel/framework/src/Illuminate/Database/Console/Migrations/FreshCommand.php(56): Illuminate\\Database\\Console\\Migrations\\FreshCommand->runSeeder()
#37 /home/alejandro/play-work/playgroup-admin---laravel/vendor/laravel/framework/src/Illuminate/Container/BoundMethod.php(36): Illuminate\\Database\\Console\\Migrations\\FreshCommand->handle()
#38 /home/alejandro/play-work/playgroup-admin---laravel/vendor/laravel/framework/src/Illuminate/Container/Util.php(37): Illuminate\\Container\\BoundMethod::Illuminate\\Container\\{closure}()
#39 /home/alejandro/play-work/playgroup-admin---laravel/vendor/laravel/framework/src/Illuminate/Container/BoundMethod.php(93): Illuminate\\Container\\Util::unwrapIfClosure()
#40 /home/alejandro/play-work/playgroup-admin---laravel/vendor/laravel/framework/src/Illuminate/Container/BoundMethod.php(37): Illuminate\\Container\\BoundMethod::callBoundMethod()
#41 /home/alejandro/play-work/playgroup-admin---laravel/vendor/laravel/framework/src/Illuminate/Container/Container.php(590): Illuminate\\Container\\BoundMethod::call()
#42 /home/alejandro/play-work/playgroup-admin---laravel/vendor/laravel/framework/src/Illuminate/Console/Command.php(134): Illuminate\\Container\\Container->call()
#43 /home/alejandro/play-work/playgroup-admin---laravel/vendor/symfony/console/Command/Command.php(255): Illuminate\\Console\\Command->execute()
#44 /home/alejandro/play-work/playgroup-admin---laravel/vendor/laravel/framework/src/Illuminate/Console/Command.php(121): Symfony\\Component\\Console\\Command\\Command->run()
#45 /home/alejandro/play-work/playgroup-admin---laravel/vendor/symfony/console/Application.php(1021): Illuminate\\Console\\Command->run()
#46 /home/alejandro/play-work/playgroup-admin---laravel/vendor/symfony/console/Application.php(275): Symfony\\Component\\Console\\Application->doRunCommand()
#47 /home/alejandro/play-work/playgroup-admin---laravel/vendor/symfony/console/Application.php(149): Symfony\\Component\\Console\\Application->doRun()
#48 /home/alejandro/play-work/playgroup-admin---laravel/vendor/laravel/framework/src/Illuminate/Console/Application.php(93): Symfony\\Component\\Console\\Application->run()
#49 /home/alejandro/play-work/playgroup-admin---laravel/vendor/laravel/framework/src/Illuminate/Foundation/Console/Kernel.php(131): Illuminate\\Console\\Application->run()
#50 /home/alejandro/play-work/playgroup-admin---laravel/artisan(37): Illuminate\\Foundation\\Console\\Kernel->handle()
#51 {main}
"} 
[2025-05-17 19:40:38] local.ERROR: SQLSTATE[23000]: Integrity constraint violation: 1452 Cannot add or update a child row: a foreign key constraint fails (`playgroup_admin`.`master_fields`, CONSTRAINT `master_fields_master_section_id_foreign` FOREIGN KEY (`master_section_id`) REFERENCES `master_sections` (`id`)) (SQL: insert into `master_fields` (`master_section_id`, `name`, `type`, `variable`) values (37, Titulo Objetivo 1, input, title), (37, Descripción del objetivo 1, input, description), (37, Titulo Objetivo 2, input, title_2), (37, Descripción del objetivo 2, input, description_2), (37, Titulo Objetivo 3, input, title_3), (37, Descripción del objetivo 3, input, description_3), (37, Titulo Objetivo 4, input, title_4), (37, Descripción del objetivo 4, input, description_4), (38, Titulo Objetivo 1, input, title), (38, Descripción del objetivo 1, input, description), (38, Titulo Objetivo 2, input, title_2), (38, Descripción del objetivo 2, input, description_2), (38, Titulo Objetivo 3, input, title_3), (38, Descripción del objetivo 3, input, description_3), (38, Titulo Objetivo 4, input, title_4), (38, Descripción del objetivo 4, input, description_4), (39, Titulo Objetivo 1, input, title), (39, Descripción del objetivo 1, input, description), (39, Titulo Objetivo 2, input, title_2), (39, Descripción del objetivo 2, input, description_2), (39, Titulo Objetivo 3, input, title_3), (39, Descripción del objetivo 3, input, description_3), (39, Titulo Objetivo 4, input, title_4), (39, Descripción del objetivo 4, input, description_4)) {"exception":"[object] (Illuminate\\Database\\QueryException(code: 23000): SQLSTATE[23000]: Integrity constraint violation: 1452 Cannot add or update a child row: a foreign key constraint fails (`playgroup_admin`.`master_fields`, CONSTRAINT `master_fields_master_section_id_foreign` FOREIGN KEY (`master_section_id`) REFERENCES `master_sections` (`id`)) (SQL: insert into `master_fields` (`master_section_id`, `name`, `type`, `variable`) values (37, Titulo Objetivo 1, input, title), (37, Descripción del objetivo 1, input, description), (37, Titulo Objetivo 2, input, title_2), (37, Descripción del objetivo 2, input, description_2), (37, Titulo Objetivo 3, input, title_3), (37, Descripción del objetivo 3, input, description_3), (37, Titulo Objetivo 4, input, title_4), (37, Descripción del objetivo 4, input, description_4), (38, Titulo Objetivo 1, input, title), (38, Descripción del objetivo 1, input, description), (38, Titulo Objetivo 2, input, title_2), (38, Descripción del objetivo 2, input, description_2), (38, Titulo Objetivo 3, input, title_3), (38, Descripción del objetivo 3, input, description_3), (38, Titulo Objetivo 4, input, title_4), (38, Descripción del objetivo 4, input, description_4), (39, Titulo Objetivo 1, input, title), (39, Descripción del objetivo 1, input, description), (39, Titulo Objetivo 2, input, title_2), (39, Descripción del objetivo 2, input, description_2), (39, Titulo Objetivo 3, input, title_3), (39, Descripción del objetivo 3, input, description_3), (39, Titulo Objetivo 4, input, title_4), (39, Descripción del objetivo 4, input, description_4)) at /home/alejandro/play-work/playgroup-admin---laravel/vendor/laravel/framework/src/Illuminate/Database/Connection.php:669)
[stacktrace]
#0 /home/alejandro/play-work/playgroup-admin---laravel/vendor/laravel/framework/src/Illuminate/Database/Connection.php(629): Illuminate\\Database\\Connection->runQueryCallback()
#1 /home/alejandro/play-work/playgroup-admin---laravel/vendor/laravel/framework/src/Illuminate/Database/Connection.php(464): Illuminate\\Database\\Connection->run()
#2 /home/alejandro/play-work/playgroup-admin---laravel/vendor/laravel/framework/src/Illuminate/Database/Connection.php(416): Illuminate\\Database\\Connection->statement()
#3 /home/alejandro/play-work/playgroup-admin---laravel/vendor/laravel/framework/src/Illuminate/Database/Query/Builder.php(2661): Illuminate\\Database\\Connection->insert()
#4 /home/alejandro/play-work/playgroup-admin---laravel/database/seeds/MasterFieldsTableSeeder4.php(16): Illuminate\\Database\\Query\\Builder->insert()
#5 /home/alejandro/play-work/playgroup-admin---laravel/vendor/laravel/framework/src/Illuminate/Container/BoundMethod.php(36): MasterFieldsTableSeeder4->run()
#6 /home/alejandro/play-work/playgroup-admin---laravel/vendor/laravel/framework/src/Illuminate/Container/Util.php(37): Illuminate\\Container\\BoundMethod::Illuminate\\Container\\{closure}()
#7 /home/alejandro/play-work/playgroup-admin---laravel/vendor/laravel/framework/src/Illuminate/Container/BoundMethod.php(93): Illuminate\\Container\\Util::unwrapIfClosure()
#8 /home/alejandro/play-work/playgroup-admin---laravel/vendor/laravel/framework/src/Illuminate/Container/BoundMethod.php(37): Illuminate\\Container\\BoundMethod::callBoundMethod()
#9 /home/alejandro/play-work/playgroup-admin---laravel/vendor/laravel/framework/src/Illuminate/Container/Container.php(590): Illuminate\\Container\\BoundMethod::call()
#10 /home/alejandro/play-work/playgroup-admin---laravel/vendor/laravel/framework/src/Illuminate/Database/Seeder.php(134): Illuminate\\Container\\Container->call()
#11 /home/alejandro/play-work/playgroup-admin---laravel/vendor/laravel/framework/src/Illuminate/Database/Seeder.php(48): Illuminate\\Database\\Seeder->__invoke()
#12 /home/alejandro/play-work/playgroup-admin---laravel/database/seeds/DatabaseSeeder.php(41): Illuminate\\Database\\Seeder->call()
#13 /home/alejandro/play-work/playgroup-admin---laravel/vendor/laravel/framework/src/Illuminate/Container/BoundMethod.php(36): DatabaseSeeder->run()
#14 /home/alejandro/play-work/playgroup-admin---laravel/vendor/laravel/framework/src/Illuminate/Container/Util.php(37): Illuminate\\Container\\BoundMethod::Illuminate\\Container\\{closure}()
#15 /home/alejandro/play-work/playgroup-admin---laravel/vendor/laravel/framework/src/Illuminate/Container/BoundMethod.php(93): Illuminate\\Container\\Util::unwrapIfClosure()
#16 /home/alejandro/play-work/playgroup-admin---laravel/vendor/laravel/framework/src/Illuminate/Container/BoundMethod.php(37): Illuminate\\Container\\BoundMethod::callBoundMethod()
#17 /home/alejandro/play-work/playgroup-admin---laravel/vendor/laravel/framework/src/Illuminate/Container/Container.php(590): Illuminate\\Container\\BoundMethod::call()
#18 /home/alejandro/play-work/playgroup-admin---laravel/vendor/laravel/framework/src/Illuminate/Database/Seeder.php(134): Illuminate\\Container\\Container->call()
#19 /home/alejandro/play-work/playgroup-admin---laravel/vendor/laravel/framework/src/Illuminate/Database/Console/Seeds/SeedCommand.php(63): Illuminate\\Database\\Seeder->__invoke()
#20 /home/alejandro/play-work/playgroup-admin---laravel/vendor/laravel/framework/src/Illuminate/Database/Eloquent/Concerns/GuardsAttributes.php(129): Illuminate\\Database\\Console\\Seeds\\SeedCommand->Illuminate\\Database\\Console\\Seeds\\{closure}()
#21 /home/alejandro/play-work/playgroup-admin---laravel/vendor/laravel/framework/src/Illuminate/Database/Console/Seeds/SeedCommand.php(64): Illuminate\\Database\\Eloquent\\Model::unguarded()
#22 /home/alejandro/play-work/playgroup-admin---laravel/vendor/laravel/framework/src/Illuminate/Container/BoundMethod.php(36): Illuminate\\Database\\Console\\Seeds\\SeedCommand->handle()
#23 /home/alejandro/play-work/playgroup-admin---laravel/vendor/laravel/framework/src/Illuminate/Container/Util.php(37): Illuminate\\Container\\BoundMethod::Illuminate\\Container\\{closure}()
#24 /home/alejandro/play-work/playgroup-admin---laravel/vendor/laravel/framework/src/Illuminate/Container/BoundMethod.php(93): Illuminate\\Container\\Util::unwrapIfClosure()
#25 /home/alejandro/play-work/playgroup-admin---laravel/vendor/laravel/framework/src/Illuminate/Container/BoundMethod.php(37): Illuminate\\Container\\BoundMethod::callBoundMethod()
#26 /home/alejandro/play-work/playgroup-admin---laravel/vendor/laravel/framework/src/Illuminate/Container/Container.php(590): Illuminate\\Container\\BoundMethod::call()
#27 /home/alejandro/play-work/playgroup-admin---laravel/vendor/laravel/framework/src/Illuminate/Console/Command.php(134): Illuminate\\Container\\Container->call()
#28 /home/alejandro/play-work/playgroup-admin---laravel/vendor/symfony/console/Command/Command.php(255): Illuminate\\Console\\Command->execute()
#29 /home/alejandro/play-work/playgroup-admin---laravel/vendor/laravel/framework/src/Illuminate/Console/Command.php(121): Symfony\\Component\\Console\\Command\\Command->run()
#30 /home/alejandro/play-work/playgroup-admin---laravel/vendor/laravel/framework/src/Illuminate/Console/Concerns/CallsCommands.php(56): Illuminate\\Console\\Command->run()
#31 /home/alejandro/play-work/playgroup-admin---laravel/vendor/laravel/framework/src/Illuminate/Console/Concerns/CallsCommands.php(28): Illuminate\\Console\\Command->runCommand()
#32 /home/alejandro/play-work/playgroup-admin---laravel/vendor/laravel/framework/src/Illuminate/Database/Console/Migrations/FreshCommand.php(79): Illuminate\\Console\\Command->call()
#33 /home/alejandro/play-work/playgroup-admin---laravel/vendor/laravel/framework/src/Illuminate/Database/Console/Migrations/FreshCommand.php(56): Illuminate\\Database\\Console\\Migrations\\FreshCommand->runSeeder()
#34 /home/alejandro/play-work/playgroup-admin---laravel/vendor/laravel/framework/src/Illuminate/Container/BoundMethod.php(36): Illuminate\\Database\\Console\\Migrations\\FreshCommand->handle()
#35 /home/alejandro/play-work/playgroup-admin---laravel/vendor/laravel/framework/src/Illuminate/Container/Util.php(37): Illuminate\\Container\\BoundMethod::Illuminate\\Container\\{closure}()
#36 /home/alejandro/play-work/playgroup-admin---laravel/vendor/laravel/framework/src/Illuminate/Container/BoundMethod.php(93): Illuminate\\Container\\Util::unwrapIfClosure()
#37 /home/alejandro/play-work/playgroup-admin---laravel/vendor/laravel/framework/src/Illuminate/Container/BoundMethod.php(37): Illuminate\\Container\\BoundMethod::callBoundMethod()
#38 /home/alejandro/play-work/playgroup-admin---laravel/vendor/laravel/framework/src/Illuminate/Container/Container.php(590): Illuminate\\Container\\BoundMethod::call()
#39 /home/alejandro/play-work/playgroup-admin---laravel/vendor/laravel/framework/src/Illuminate/Console/Command.php(134): Illuminate\\Container\\Container->call()
#40 /home/alejandro/play-work/playgroup-admin---laravel/vendor/symfony/console/Command/Command.php(255): Illuminate\\Console\\Command->execute()
#41 /home/alejandro/play-work/playgroup-admin---laravel/vendor/laravel/framework/src/Illuminate/Console/Command.php(121): Symfony\\Component\\Console\\Command\\Command->run()
#42 /home/alejandro/play-work/playgroup-admin---laravel/vendor/symfony/console/Application.php(1021): Illuminate\\Console\\Command->run()
#43 /home/alejandro/play-work/playgroup-admin---laravel/vendor/symfony/console/Application.php(275): Symfony\\Component\\Console\\Application->doRunCommand()
#44 /home/alejandro/play-work/playgroup-admin---laravel/vendor/symfony/console/Application.php(149): Symfony\\Component\\Console\\Application->doRun()
#45 /home/alejandro/play-work/playgroup-admin---laravel/vendor/laravel/framework/src/Illuminate/Console/Application.php(93): Symfony\\Component\\Console\\Application->run()
#46 /home/alejandro/play-work/playgroup-admin---laravel/vendor/laravel/framework/src/Illuminate/Foundation/Console/Kernel.php(131): Illuminate\\Console\\Application->run()
#47 /home/alejandro/play-work/playgroup-admin---laravel/artisan(37): Illuminate\\Foundation\\Console\\Kernel->handle()
#48 {main}

[previous exception] [object] (Doctrine\\DBAL\\Driver\\PDO\\Exception(code: 23000): SQLSTATE[23000]: Integrity constraint violation: 1452 Cannot add or update a child row: a foreign key constraint fails (`playgroup_admin`.`master_fields`, CONSTRAINT `master_fields_master_section_id_foreign` FOREIGN KEY (`master_section_id`) REFERENCES `master_sections` (`id`)) at /home/alejandro/play-work/playgroup-admin---laravel/vendor/doctrine/dbal/lib/Doctrine/DBAL/Driver/PDO/Exception.php:18)
[stacktrace]
#0 /home/alejandro/play-work/playgroup-admin---laravel/vendor/doctrine/dbal/lib/Doctrine/DBAL/Driver/PDOStatement.php(119): Doctrine\\DBAL\\Driver\\PDO\\Exception::new()
#1 /home/alejandro/play-work/playgroup-admin---laravel/vendor/laravel/framework/src/Illuminate/Database/Connection.php(463): Doctrine\\DBAL\\Driver\\PDOStatement->execute()
#2 /home/alejandro/play-work/playgroup-admin---laravel/vendor/laravel/framework/src/Illuminate/Database/Connection.php(662): Illuminate\\Database\\Connection->Illuminate\\Database\\{closure}()
#3 /home/alejandro/play-work/playgroup-admin---laravel/vendor/laravel/framework/src/Illuminate/Database/Connection.php(629): Illuminate\\Database\\Connection->runQueryCallback()
#4 /home/alejandro/play-work/playgroup-admin---laravel/vendor/laravel/framework/src/Illuminate/Database/Connection.php(464): Illuminate\\Database\\Connection->run()
#5 /home/alejandro/play-work/playgroup-admin---laravel/vendor/laravel/framework/src/Illuminate/Database/Connection.php(416): Illuminate\\Database\\Connection->statement()
#6 /home/alejandro/play-work/playgroup-admin---laravel/vendor/laravel/framework/src/Illuminate/Database/Query/Builder.php(2661): Illuminate\\Database\\Connection->insert()
#7 /home/alejandro/play-work/playgroup-admin---laravel/database/seeds/MasterFieldsTableSeeder4.php(16): Illuminate\\Database\\Query\\Builder->insert()
#8 /home/alejandro/play-work/playgroup-admin---laravel/vendor/laravel/framework/src/Illuminate/Container/BoundMethod.php(36): MasterFieldsTableSeeder4->run()
#9 /home/alejandro/play-work/playgroup-admin---laravel/vendor/laravel/framework/src/Illuminate/Container/Util.php(37): Illuminate\\Container\\BoundMethod::Illuminate\\Container\\{closure}()
#10 /home/alejandro/play-work/playgroup-admin---laravel/vendor/laravel/framework/src/Illuminate/Container/BoundMethod.php(93): Illuminate\\Container\\Util::unwrapIfClosure()
#11 /home/alejandro/play-work/playgroup-admin---laravel/vendor/laravel/framework/src/Illuminate/Container/BoundMethod.php(37): Illuminate\\Container\\BoundMethod::callBoundMethod()
#12 /home/alejandro/play-work/playgroup-admin---laravel/vendor/laravel/framework/src/Illuminate/Container/Container.php(590): Illuminate\\Container\\BoundMethod::call()
#13 /home/alejandro/play-work/playgroup-admin---laravel/vendor/laravel/framework/src/Illuminate/Database/Seeder.php(134): Illuminate\\Container\\Container->call()
#14 /home/alejandro/play-work/playgroup-admin---laravel/vendor/laravel/framework/src/Illuminate/Database/Seeder.php(48): Illuminate\\Database\\Seeder->__invoke()
#15 /home/alejandro/play-work/playgroup-admin---laravel/database/seeds/DatabaseSeeder.php(41): Illuminate\\Database\\Seeder->call()
#16 /home/alejandro/play-work/playgroup-admin---laravel/vendor/laravel/framework/src/Illuminate/Container/BoundMethod.php(36): DatabaseSeeder->run()
#17 /home/alejandro/play-work/playgroup-admin---laravel/vendor/laravel/framework/src/Illuminate/Container/Util.php(37): Illuminate\\Container\\BoundMethod::Illuminate\\Container\\{closure}()
#18 /home/alejandro/play-work/playgroup-admin---laravel/vendor/laravel/framework/src/Illuminate/Container/BoundMethod.php(93): Illuminate\\Container\\Util::unwrapIfClosure()
#19 /home/alejandro/play-work/playgroup-admin---laravel/vendor/laravel/framework/src/Illuminate/Container/BoundMethod.php(37): Illuminate\\Container\\BoundMethod::callBoundMethod()
#20 /home/alejandro/play-work/playgroup-admin---laravel/vendor/laravel/framework/src/Illuminate/Container/Container.php(590): Illuminate\\Container\\BoundMethod::call()
#21 /home/alejandro/play-work/playgroup-admin---laravel/vendor/laravel/framework/src/Illuminate/Database/Seeder.php(134): Illuminate\\Container\\Container->call()
#22 /home/alejandro/play-work/playgroup-admin---laravel/vendor/laravel/framework/src/Illuminate/Database/Console/Seeds/SeedCommand.php(63): Illuminate\\Database\\Seeder->__invoke()
#23 /home/alejandro/play-work/playgroup-admin---laravel/vendor/laravel/framework/src/Illuminate/Database/Eloquent/Concerns/GuardsAttributes.php(129): Illuminate\\Database\\Console\\Seeds\\SeedCommand->Illuminate\\Database\\Console\\Seeds\\{closure}()
#24 /home/alejandro/play-work/playgroup-admin---laravel/vendor/laravel/framework/src/Illuminate/Database/Console/Seeds/SeedCommand.php(64): Illuminate\\Database\\Eloquent\\Model::unguarded()
#25 /home/alejandro/play-work/playgroup-admin---laravel/vendor/laravel/framework/src/Illuminate/Container/BoundMethod.php(36): Illuminate\\Database\\Console\\Seeds\\SeedCommand->handle()
#26 /home/alejandro/play-work/playgroup-admin---laravel/vendor/laravel/framework/src/Illuminate/Container/Util.php(37): Illuminate\\Container\\BoundMethod::Illuminate\\Container\\{closure}()
#27 /home/alejandro/play-work/playgroup-admin---laravel/vendor/laravel/framework/src/Illuminate/Container/BoundMethod.php(93): Illuminate\\Container\\Util::unwrapIfClosure()
#28 /home/alejandro/play-work/playgroup-admin---laravel/vendor/laravel/framework/src/Illuminate/Container/BoundMethod.php(37): Illuminate\\Container\\BoundMethod::callBoundMethod()
#29 /home/alejandro/play-work/playgroup-admin---laravel/vendor/laravel/framework/src/Illuminate/Container/Container.php(590): Illuminate\\Container\\BoundMethod::call()
#30 /home/alejandro/play-work/playgroup-admin---laravel/vendor/laravel/framework/src/Illuminate/Console/Command.php(134): Illuminate\\Container\\Container->call()
#31 /home/alejandro/play-work/playgroup-admin---laravel/vendor/symfony/console/Command/Command.php(255): Illuminate\\Console\\Command->execute()
#32 /home/alejandro/play-work/playgroup-admin---laravel/vendor/laravel/framework/src/Illuminate/Console/Command.php(121): Symfony\\Component\\Console\\Command\\Command->run()
#33 /home/alejandro/play-work/playgroup-admin---laravel/vendor/laravel/framework/src/Illuminate/Console/Concerns/CallsCommands.php(56): Illuminate\\Console\\Command->run()
#34 /home/alejandro/play-work/playgroup-admin---laravel/vendor/laravel/framework/src/Illuminate/Console/Concerns/CallsCommands.php(28): Illuminate\\Console\\Command->runCommand()
#35 /home/alejandro/play-work/playgroup-admin---laravel/vendor/laravel/framework/src/Illuminate/Database/Console/Migrations/FreshCommand.php(79): Illuminate\\Console\\Command->call()
#36 /home/alejandro/play-work/playgroup-admin---laravel/vendor/laravel/framework/src/Illuminate/Database/Console/Migrations/FreshCommand.php(56): Illuminate\\Database\\Console\\Migrations\\FreshCommand->runSeeder()
#37 /home/alejandro/play-work/playgroup-admin---laravel/vendor/laravel/framework/src/Illuminate/Container/BoundMethod.php(36): Illuminate\\Database\\Console\\Migrations\\FreshCommand->handle()
#38 /home/alejandro/play-work/playgroup-admin---laravel/vendor/laravel/framework/src/Illuminate/Container/Util.php(37): Illuminate\\Container\\BoundMethod::Illuminate\\Container\\{closure}()
#39 /home/alejandro/play-work/playgroup-admin---laravel/vendor/laravel/framework/src/Illuminate/Container/BoundMethod.php(93): Illuminate\\Container\\Util::unwrapIfClosure()
#40 /home/alejandro/play-work/playgroup-admin---laravel/vendor/laravel/framework/src/Illuminate/Container/BoundMethod.php(37): Illuminate\\Container\\BoundMethod::callBoundMethod()
#41 /home/alejandro/play-work/playgroup-admin---laravel/vendor/laravel/framework/src/Illuminate/Container/Container.php(590): Illuminate\\Container\\BoundMethod::call()
#42 /home/alejandro/play-work/playgroup-admin---laravel/vendor/laravel/framework/src/Illuminate/Console/Command.php(134): Illuminate\\Container\\Container->call()
#43 /home/alejandro/play-work/playgroup-admin---laravel/vendor/symfony/console/Command/Command.php(255): Illuminate\\Console\\Command->execute()
#44 /home/alejandro/play-work/playgroup-admin---laravel/vendor/laravel/framework/src/Illuminate/Console/Command.php(121): Symfony\\Component\\Console\\Command\\Command->run()
#45 /home/alejandro/play-work/playgroup-admin---laravel/vendor/symfony/console/Application.php(1021): Illuminate\\Console\\Command->run()
#46 /home/alejandro/play-work/playgroup-admin---laravel/vendor/symfony/console/Application.php(275): Symfony\\Component\\Console\\Application->doRunCommand()
#47 /home/alejandro/play-work/playgroup-admin---laravel/vendor/symfony/console/Application.php(149): Symfony\\Component\\Console\\Application->doRun()
#48 /home/alejandro/play-work/playgroup-admin---laravel/vendor/laravel/framework/src/Illuminate/Console/Application.php(93): Symfony\\Component\\Console\\Application->run()
#49 /home/alejandro/play-work/playgroup-admin---laravel/vendor/laravel/framework/src/Illuminate/Foundation/Console/Kernel.php(131): Illuminate\\Console\\Application->run()
#50 /home/alejandro/play-work/playgroup-admin---laravel/artisan(37): Illuminate\\Foundation\\Console\\Kernel->handle()
#51 {main}

[previous exception] [object] (PDOException(code: 23000): SQLSTATE[23000]: Integrity constraint violation: 1452 Cannot add or update a child row: a foreign key constraint fails (`playgroup_admin`.`master_fields`, CONSTRAINT `master_fields_master_section_id_foreign` FOREIGN KEY (`master_section_id`) REFERENCES `master_sections` (`id`)) at /home/alejandro/play-work/playgroup-admin---laravel/vendor/doctrine/dbal/lib/Doctrine/DBAL/Driver/PDOStatement.php:117)
[stacktrace]
#0 /home/alejandro/play-work/playgroup-admin---laravel/vendor/doctrine/dbal/lib/Doctrine/DBAL/Driver/PDOStatement.php(117): PDOStatement->execute()
#1 /home/alejandro/play-work/playgroup-admin---laravel/vendor/laravel/framework/src/Illuminate/Database/Connection.php(463): Doctrine\\DBAL\\Driver\\PDOStatement->execute()
#2 /home/alejandro/play-work/playgroup-admin---laravel/vendor/laravel/framework/src/Illuminate/Database/Connection.php(662): Illuminate\\Database\\Connection->Illuminate\\Database\\{closure}()
#3 /home/alejandro/play-work/playgroup-admin---laravel/vendor/laravel/framework/src/Illuminate/Database/Connection.php(629): Illuminate\\Database\\Connection->runQueryCallback()
#4 /home/alejandro/play-work/playgroup-admin---laravel/vendor/laravel/framework/src/Illuminate/Database/Connection.php(464): Illuminate\\Database\\Connection->run()
#5 /home/alejandro/play-work/playgroup-admin---laravel/vendor/laravel/framework/src/Illuminate/Database/Connection.php(416): Illuminate\\Database\\Connection->statement()
#6 /home/alejandro/play-work/playgroup-admin---laravel/vendor/laravel/framework/src/Illuminate/Database/Query/Builder.php(2661): Illuminate\\Database\\Connection->insert()
#7 /home/alejandro/play-work/playgroup-admin---laravel/database/seeds/MasterFieldsTableSeeder4.php(16): Illuminate\\Database\\Query\\Builder->insert()
#8 /home/alejandro/play-work/playgroup-admin---laravel/vendor/laravel/framework/src/Illuminate/Container/BoundMethod.php(36): MasterFieldsTableSeeder4->run()
#9 /home/alejandro/play-work/playgroup-admin---laravel/vendor/laravel/framework/src/Illuminate/Container/Util.php(37): Illuminate\\Container\\BoundMethod::Illuminate\\Container\\{closure}()
#10 /home/alejandro/play-work/playgroup-admin---laravel/vendor/laravel/framework/src/Illuminate/Container/BoundMethod.php(93): Illuminate\\Container\\Util::unwrapIfClosure()
#11 /home/alejandro/play-work/playgroup-admin---laravel/vendor/laravel/framework/src/Illuminate/Container/BoundMethod.php(37): Illuminate\\Container\\BoundMethod::callBoundMethod()
#12 /home/alejandro/play-work/playgroup-admin---laravel/vendor/laravel/framework/src/Illuminate/Container/Container.php(590): Illuminate\\Container\\BoundMethod::call()
#13 /home/alejandro/play-work/playgroup-admin---laravel/vendor/laravel/framework/src/Illuminate/Database/Seeder.php(134): Illuminate\\Container\\Container->call()
#14 /home/alejandro/play-work/playgroup-admin---laravel/vendor/laravel/framework/src/Illuminate/Database/Seeder.php(48): Illuminate\\Database\\Seeder->__invoke()
#15 /home/alejandro/play-work/playgroup-admin---laravel/database/seeds/DatabaseSeeder.php(41): Illuminate\\Database\\Seeder->call()
#16 /home/alejandro/play-work/playgroup-admin---laravel/vendor/laravel/framework/src/Illuminate/Container/BoundMethod.php(36): DatabaseSeeder->run()
#17 /home/alejandro/play-work/playgroup-admin---laravel/vendor/laravel/framework/src/Illuminate/Container/Util.php(37): Illuminate\\Container\\BoundMethod::Illuminate\\Container\\{closure}()
#18 /home/alejandro/play-work/playgroup-admin---laravel/vendor/laravel/framework/src/Illuminate/Container/BoundMethod.php(93): Illuminate\\Container\\Util::unwrapIfClosure()
#19 /home/alejandro/play-work/playgroup-admin---laravel/vendor/laravel/framework/src/Illuminate/Container/BoundMethod.php(37): Illuminate\\Container\\BoundMethod::callBoundMethod()
#20 /home/alejandro/play-work/playgroup-admin---laravel/vendor/laravel/framework/src/Illuminate/Container/Container.php(590): Illuminate\\Container\\BoundMethod::call()
#21 /home/alejandro/play-work/playgroup-admin---laravel/vendor/laravel/framework/src/Illuminate/Database/Seeder.php(134): Illuminate\\Container\\Container->call()
#22 /home/alejandro/play-work/playgroup-admin---laravel/vendor/laravel/framework/src/Illuminate/Database/Console/Seeds/SeedCommand.php(63): Illuminate\\Database\\Seeder->__invoke()
#23 /home/alejandro/play-work/playgroup-admin---laravel/vendor/laravel/framework/src/Illuminate/Database/Eloquent/Concerns/GuardsAttributes.php(129): Illuminate\\Database\\Console\\Seeds\\SeedCommand->Illuminate\\Database\\Console\\Seeds\\{closure}()
#24 /home/alejandro/play-work/playgroup-admin---laravel/vendor/laravel/framework/src/Illuminate/Database/Console/Seeds/SeedCommand.php(64): Illuminate\\Database\\Eloquent\\Model::unguarded()
#25 /home/alejandro/play-work/playgroup-admin---laravel/vendor/laravel/framework/src/Illuminate/Container/BoundMethod.php(36): Illuminate\\Database\\Console\\Seeds\\SeedCommand->handle()
#26 /home/alejandro/play-work/playgroup-admin---laravel/vendor/laravel/framework/src/Illuminate/Container/Util.php(37): Illuminate\\Container\\BoundMethod::Illuminate\\Container\\{closure}()
#27 /home/alejandro/play-work/playgroup-admin---laravel/vendor/laravel/framework/src/Illuminate/Container/BoundMethod.php(93): Illuminate\\Container\\Util::unwrapIfClosure()
#28 /home/alejandro/play-work/playgroup-admin---laravel/vendor/laravel/framework/src/Illuminate/Container/BoundMethod.php(37): Illuminate\\Container\\BoundMethod::callBoundMethod()
#29 /home/alejandro/play-work/playgroup-admin---laravel/vendor/laravel/framework/src/Illuminate/Container/Container.php(590): Illuminate\\Container\\BoundMethod::call()
#30 /home/alejandro/play-work/playgroup-admin---laravel/vendor/laravel/framework/src/Illuminate/Console/Command.php(134): Illuminate\\Container\\Container->call()
#31 /home/alejandro/play-work/playgroup-admin---laravel/vendor/symfony/console/Command/Command.php(255): Illuminate\\Console\\Command->execute()
#32 /home/alejandro/play-work/playgroup-admin---laravel/vendor/laravel/framework/src/Illuminate/Console/Command.php(121): Symfony\\Component\\Console\\Command\\Command->run()
#33 /home/alejandro/play-work/playgroup-admin---laravel/vendor/laravel/framework/src/Illuminate/Console/Concerns/CallsCommands.php(56): Illuminate\\Console\\Command->run()
#34 /home/alejandro/play-work/playgroup-admin---laravel/vendor/laravel/framework/src/Illuminate/Console/Concerns/CallsCommands.php(28): Illuminate\\Console\\Command->runCommand()
#35 /home/alejandro/play-work/playgroup-admin---laravel/vendor/laravel/framework/src/Illuminate/Database/Console/Migrations/FreshCommand.php(79): Illuminate\\Console\\Command->call()
#36 /home/alejandro/play-work/playgroup-admin---laravel/vendor/laravel/framework/src/Illuminate/Database/Console/Migrations/FreshCommand.php(56): Illuminate\\Database\\Console\\Migrations\\FreshCommand->runSeeder()
#37 /home/alejandro/play-work/playgroup-admin---laravel/vendor/laravel/framework/src/Illuminate/Container/BoundMethod.php(36): Illuminate\\Database\\Console\\Migrations\\FreshCommand->handle()
#38 /home/alejandro/play-work/playgroup-admin---laravel/vendor/laravel/framework/src/Illuminate/Container/Util.php(37): Illuminate\\Container\\BoundMethod::Illuminate\\Container\\{closure}()
#39 /home/alejandro/play-work/playgroup-admin---laravel/vendor/laravel/framework/src/Illuminate/Container/BoundMethod.php(93): Illuminate\\Container\\Util::unwrapIfClosure()
#40 /home/alejandro/play-work/playgroup-admin---laravel/vendor/laravel/framework/src/Illuminate/Container/BoundMethod.php(37): Illuminate\\Container\\BoundMethod::callBoundMethod()
#41 /home/alejandro/play-work/playgroup-admin---laravel/vendor/laravel/framework/src/Illuminate/Container/Container.php(590): Illuminate\\Container\\BoundMethod::call()
#42 /home/alejandro/play-work/playgroup-admin---laravel/vendor/laravel/framework/src/Illuminate/Console/Command.php(134): Illuminate\\Container\\Container->call()
#43 /home/alejandro/play-work/playgroup-admin---laravel/vendor/symfony/console/Command/Command.php(255): Illuminate\\Console\\Command->execute()
#44 /home/alejandro/play-work/playgroup-admin---laravel/vendor/laravel/framework/src/Illuminate/Console/Command.php(121): Symfony\\Component\\Console\\Command\\Command->run()
#45 /home/alejandro/play-work/playgroup-admin---laravel/vendor/symfony/console/Application.php(1021): Illuminate\\Console\\Command->run()
#46 /home/alejandro/play-work/playgroup-admin---laravel/vendor/symfony/console/Application.php(275): Symfony\\Component\\Console\\Application->doRunCommand()
#47 /home/alejandro/play-work/playgroup-admin---laravel/vendor/symfony/console/Application.php(149): Symfony\\Component\\Console\\Application->doRun()
#48 /home/alejandro/play-work/playgroup-admin---laravel/vendor/laravel/framework/src/Illuminate/Console/Application.php(93): Symfony\\Component\\Console\\Application->run()
#49 /home/alejandro/play-work/playgroup-admin---laravel/vendor/laravel/framework/src/Illuminate/Foundation/Console/Kernel.php(131): Illuminate\\Console\\Application->run()
#50 /home/alejandro/play-work/playgroup-admin---laravel/artisan(37): Illuminate\\Foundation\\Console\\Kernel->handle()
#51 {main}
"} 
[2025-05-17 22:36:44] local.ERROR: Call to a member function unsetRelation() on null {"exception":"[object] (Symfony\\Component\\Debug\\Exception\\FatalThrowableError(code: 0): Call to a member function unsetRelation() on null at /home/alejandro/play-work/playgroup-admin---laravel/app/Http/Controllers/Api/PageController.php:45)
[stacktrace]
#0 /home/alejandro/play-work/playgroup-admin---laravel/vendor/laravel/framework/src/Illuminate/Routing/Controller.php(54): App\\Http\\Controllers\\Api\\PageController->getPodcasts()
#1 /home/alejandro/play-work/playgroup-admin---laravel/vendor/laravel/framework/src/Illuminate/Routing/ControllerDispatcher.php(45): Illuminate\\Routing\\Controller->callAction()
#2 /home/alejandro/play-work/playgroup-admin---laravel/vendor/laravel/framework/src/Illuminate/Routing/Route.php(219): Illuminate\\Routing\\ControllerDispatcher->dispatch()
#3 /home/alejandro/play-work/playgroup-admin---laravel/vendor/laravel/framework/src/Illuminate/Routing/Route.php(176): Illuminate\\Routing\\Route->runController()
#4 /home/alejandro/play-work/playgroup-admin---laravel/vendor/laravel/framework/src/Illuminate/Routing/Router.php(681): Illuminate\\Routing\\Route->run()
#5 /home/alejandro/play-work/playgroup-admin---laravel/vendor/laravel/framework/src/Illuminate/Pipeline/Pipeline.php(130): Illuminate\\Routing\\Router->Illuminate\\Routing\\{closure}()
#6 /home/alejandro/play-work/playgroup-admin---laravel/vendor/laravel/framework/src/Illuminate/Routing/Middleware/SubstituteBindings.php(41): Illuminate\\Pipeline\\Pipeline->Illuminate\\Pipeline\\{closure}()
#7 /home/alejandro/play-work/playgroup-admin---laravel/vendor/laravel/framework/src/Illuminate/Pipeline/Pipeline.php(171): Illuminate\\Routing\\Middleware\\SubstituteBindings->handle()
#8 /home/alejandro/play-work/playgroup-admin---laravel/vendor/laravel/framework/src/Illuminate/Pipeline/Pipeline.php(105): Illuminate\\Pipeline\\Pipeline->Illuminate\\Pipeline\\{closure}()
#9 /home/alejandro/play-work/playgroup-admin---laravel/vendor/laravel/framework/src/Illuminate/Routing/Router.php(683): Illuminate\\Pipeline\\Pipeline->then()
#10 /home/alejandro/play-work/playgroup-admin---laravel/vendor/laravel/framework/src/Illuminate/Routing/Router.php(658): Illuminate\\Routing\\Router->runRouteWithinStack()
#11 /home/alejandro/play-work/playgroup-admin---laravel/vendor/laravel/framework/src/Illuminate/Routing/Router.php(624): Illuminate\\Routing\\Router->runRoute()
#12 /home/alejandro/play-work/playgroup-admin---laravel/vendor/laravel/framework/src/Illuminate/Routing/Router.php(613): Illuminate\\Routing\\Router->dispatchToRoute()
#13 /home/alejandro/play-work/playgroup-admin---laravel/vendor/laravel/framework/src/Illuminate/Foundation/Http/Kernel.php(170): Illuminate\\Routing\\Router->dispatch()
#14 /home/alejandro/play-work/playgroup-admin---laravel/vendor/laravel/framework/src/Illuminate/Pipeline/Pipeline.php(130): Illuminate\\Foundation\\Http\\Kernel->Illuminate\\Foundation\\Http\\{closure}()
#15 /home/alejandro/play-work/playgroup-admin---laravel/vendor/laravel/framework/src/Illuminate/Foundation/Http/Middleware/TransformsRequest.php(21): Illuminate\\Pipeline\\Pipeline->Illuminate\\Pipeline\\{closure}()
#16 /home/alejandro/play-work/playgroup-admin---laravel/vendor/laravel/framework/src/Illuminate/Pipeline/Pipeline.php(171): Illuminate\\Foundation\\Http\\Middleware\\TransformsRequest->handle()
#17 /home/alejandro/play-work/playgroup-admin---laravel/vendor/laravel/framework/src/Illuminate/Foundation/Http/Middleware/TransformsRequest.php(21): Illuminate\\Pipeline\\Pipeline->Illuminate\\Pipeline\\{closure}()
#18 /home/alejandro/play-work/playgroup-admin---laravel/vendor/laravel/framework/src/Illuminate/Pipeline/Pipeline.php(171): Illuminate\\Foundation\\Http\\Middleware\\TransformsRequest->handle()
#19 /home/alejandro/play-work/playgroup-admin---laravel/vendor/laravel/framework/src/Illuminate/Foundation/Http/Middleware/ValidatePostSize.php(27): Illuminate\\Pipeline\\Pipeline->Illuminate\\Pipeline\\{closure}()
#20 /home/alejandro/play-work/playgroup-admin---laravel/vendor/laravel/framework/src/Illuminate/Pipeline/Pipeline.php(171): Illuminate\\Foundation\\Http\\Middleware\\ValidatePostSize->handle()
#21 /home/alejandro/play-work/playgroup-admin---laravel/vendor/laravel/framework/src/Illuminate/Foundation/Http/Middleware/CheckForMaintenanceMode.php(63): Illuminate\\Pipeline\\Pipeline->Illuminate\\Pipeline\\{closure}()
#22 /home/alejandro/play-work/playgroup-admin---laravel/vendor/laravel/framework/src/Illuminate/Pipeline/Pipeline.php(171): Illuminate\\Foundation\\Http\\Middleware\\CheckForMaintenanceMode->handle()
#23 /home/alejandro/play-work/playgroup-admin---laravel/vendor/fideloper/proxy/src/TrustProxies.php(57): Illuminate\\Pipeline\\Pipeline->Illuminate\\Pipeline\\{closure}()
#24 /home/alejandro/play-work/playgroup-admin---laravel/vendor/laravel/framework/src/Illuminate/Pipeline/Pipeline.php(171): Fideloper\\Proxy\\TrustProxies->handle()
#25 /home/alejandro/play-work/playgroup-admin---laravel/vendor/laravel/framework/src/Illuminate/Pipeline/Pipeline.php(105): Illuminate\\Pipeline\\Pipeline->Illuminate\\Pipeline\\{closure}()
#26 /home/alejandro/play-work/playgroup-admin---laravel/vendor/laravel/framework/src/Illuminate/Foundation/Http/Kernel.php(145): Illuminate\\Pipeline\\Pipeline->then()
#27 /home/alejandro/play-work/playgroup-admin---laravel/vendor/laravel/framework/src/Illuminate/Foundation/Http/Kernel.php(110): Illuminate\\Foundation\\Http\\Kernel->sendRequestThroughRouter()
#28 /home/alejandro/play-work/playgroup-admin---laravel/public/index.php(55): Illuminate\\Foundation\\Http\\Kernel->handle()
#29 /home/alejandro/play-work/playgroup-admin---laravel/server.php(21): require_once('/home/alejandro...')
#30 {main}
"} 
[2025-05-17 22:36:44] local.ERROR: Trying to get property 'content' of non-object {"exception":"[object] (ErrorException(code: 0): Trying to get property 'content' of non-object at /home/alejandro/play-work/playgroup-admin---laravel/app/Http/Controllers/Api/ApiController.php:80)
[stacktrace]
#0 /home/alejandro/play-work/playgroup-admin---laravel/app/Http/Controllers/Api/ApiController.php(80): Illuminate\\Foundation\\Bootstrap\\HandleExceptions->handleError()
#1 /home/alejandro/play-work/playgroup-admin---laravel/vendor/laravel/framework/src/Illuminate/Routing/Controller.php(54): App\\Http\\Controllers\\Api\\ApiController->qualityProcessData()
#2 /home/alejandro/play-work/playgroup-admin---laravel/vendor/laravel/framework/src/Illuminate/Routing/ControllerDispatcher.php(45): Illuminate\\Routing\\Controller->callAction()
#3 /home/alejandro/play-work/playgroup-admin---laravel/vendor/laravel/framework/src/Illuminate/Routing/Route.php(219): Illuminate\\Routing\\ControllerDispatcher->dispatch()
#4 /home/alejandro/play-work/playgroup-admin---laravel/vendor/laravel/framework/src/Illuminate/Routing/Route.php(176): Illuminate\\Routing\\Route->runController()
#5 /home/alejandro/play-work/playgroup-admin---laravel/vendor/laravel/framework/src/Illuminate/Routing/Router.php(681): Illuminate\\Routing\\Route->run()
#6 /home/alejandro/play-work/playgroup-admin---laravel/vendor/laravel/framework/src/Illuminate/Pipeline/Pipeline.php(130): Illuminate\\Routing\\Router->Illuminate\\Routing\\{closure}()
#7 /home/alejandro/play-work/playgroup-admin---laravel/vendor/laravel/framework/src/Illuminate/Routing/Middleware/SubstituteBindings.php(41): Illuminate\\Pipeline\\Pipeline->Illuminate\\Pipeline\\{closure}()
#8 /home/alejandro/play-work/playgroup-admin---laravel/vendor/laravel/framework/src/Illuminate/Pipeline/Pipeline.php(171): Illuminate\\Routing\\Middleware\\SubstituteBindings->handle()
#9 /home/alejandro/play-work/playgroup-admin---laravel/vendor/laravel/framework/src/Illuminate/Pipeline/Pipeline.php(105): Illuminate\\Pipeline\\Pipeline->Illuminate\\Pipeline\\{closure}()
#10 /home/alejandro/play-work/playgroup-admin---laravel/vendor/laravel/framework/src/Illuminate/Routing/Router.php(683): Illuminate\\Pipeline\\Pipeline->then()
#11 /home/alejandro/play-work/playgroup-admin---laravel/vendor/laravel/framework/src/Illuminate/Routing/Router.php(658): Illuminate\\Routing\\Router->runRouteWithinStack()
#12 /home/alejandro/play-work/playgroup-admin---laravel/vendor/laravel/framework/src/Illuminate/Routing/Router.php(624): Illuminate\\Routing\\Router->runRoute()
#13 /home/alejandro/play-work/playgroup-admin---laravel/vendor/laravel/framework/src/Illuminate/Routing/Router.php(613): Illuminate\\Routing\\Router->dispatchToRoute()
#14 /home/alejandro/play-work/playgroup-admin---laravel/vendor/laravel/framework/src/Illuminate/Foundation/Http/Kernel.php(170): Illuminate\\Routing\\Router->dispatch()
#15 /home/alejandro/play-work/playgroup-admin---laravel/vendor/laravel/framework/src/Illuminate/Pipeline/Pipeline.php(130): Illuminate\\Foundation\\Http\\Kernel->Illuminate\\Foundation\\Http\\{closure}()
#16 /home/alejandro/play-work/playgroup-admin---laravel/vendor/laravel/framework/src/Illuminate/Foundation/Http/Middleware/TransformsRequest.php(21): Illuminate\\Pipeline\\Pipeline->Illuminate\\Pipeline\\{closure}()
#17 /home/alejandro/play-work/playgroup-admin---laravel/vendor/laravel/framework/src/Illuminate/Pipeline/Pipeline.php(171): Illuminate\\Foundation\\Http\\Middleware\\TransformsRequest->handle()
#18 /home/alejandro/play-work/playgroup-admin---laravel/vendor/laravel/framework/src/Illuminate/Foundation/Http/Middleware/TransformsRequest.php(21): Illuminate\\Pipeline\\Pipeline->Illuminate\\Pipeline\\{closure}()
#19 /home/alejandro/play-work/playgroup-admin---laravel/vendor/laravel/framework/src/Illuminate/Pipeline/Pipeline.php(171): Illuminate\\Foundation\\Http\\Middleware\\TransformsRequest->handle()
#20 /home/alejandro/play-work/playgroup-admin---laravel/vendor/laravel/framework/src/Illuminate/Foundation/Http/Middleware/ValidatePostSize.php(27): Illuminate\\Pipeline\\Pipeline->Illuminate\\Pipeline\\{closure}()
#21 /home/alejandro/play-work/playgroup-admin---laravel/vendor/laravel/framework/src/Illuminate/Pipeline/Pipeline.php(171): Illuminate\\Foundation\\Http\\Middleware\\ValidatePostSize->handle()
#22 /home/alejandro/play-work/playgroup-admin---laravel/vendor/laravel/framework/src/Illuminate/Foundation/Http/Middleware/CheckForMaintenanceMode.php(63): Illuminate\\Pipeline\\Pipeline->Illuminate\\Pipeline\\{closure}()
#23 /home/alejandro/play-work/playgroup-admin---laravel/vendor/laravel/framework/src/Illuminate/Pipeline/Pipeline.php(171): Illuminate\\Foundation\\Http\\Middleware\\CheckForMaintenanceMode->handle()
#24 /home/alejandro/play-work/playgroup-admin---laravel/vendor/fideloper/proxy/src/TrustProxies.php(57): Illuminate\\Pipeline\\Pipeline->Illuminate\\Pipeline\\{closure}()
#25 /home/alejandro/play-work/playgroup-admin---laravel/vendor/laravel/framework/src/Illuminate/Pipeline/Pipeline.php(171): Fideloper\\Proxy\\TrustProxies->handle()
#26 /home/alejandro/play-work/playgroup-admin---laravel/vendor/laravel/framework/src/Illuminate/Pipeline/Pipeline.php(105): Illuminate\\Pipeline\\Pipeline->Illuminate\\Pipeline\\{closure}()
#27 /home/alejandro/play-work/playgroup-admin---laravel/vendor/laravel/framework/src/Illuminate/Foundation/Http/Kernel.php(145): Illuminate\\Pipeline\\Pipeline->then()
#28 /home/alejandro/play-work/playgroup-admin---laravel/vendor/laravel/framework/src/Illuminate/Foundation/Http/Kernel.php(110): Illuminate\\Foundation\\Http\\Kernel->sendRequestThroughRouter()
#29 /home/alejandro/play-work/playgroup-admin---laravel/public/index.php(55): Illuminate\\Foundation\\Http\\Kernel->handle()
#30 /home/alejandro/play-work/playgroup-admin---laravel/server.php(21): require_once('/home/alejandro...')
#31 {main}
"} 
[2025-05-17 22:36:44] local.ERROR: Call to a member function unsetRelation() on null {"exception":"[object] (Symfony\\Component\\Debug\\Exception\\FatalThrowableError(code: 0): Call to a member function unsetRelation() on null at /home/alejandro/play-work/playgroup-admin---laravel/app/Http/Controllers/Api/PageController.php:45)
[stacktrace]
#0 /home/alejandro/play-work/playgroup-admin---laravel/vendor/laravel/framework/src/Illuminate/Routing/Controller.php(54): App\\Http\\Controllers\\Api\\PageController->getPodcasts()
#1 /home/alejandro/play-work/playgroup-admin---laravel/vendor/laravel/framework/src/Illuminate/Routing/ControllerDispatcher.php(45): Illuminate\\Routing\\Controller->callAction()
#2 /home/alejandro/play-work/playgroup-admin---laravel/vendor/laravel/framework/src/Illuminate/Routing/Route.php(219): Illuminate\\Routing\\ControllerDispatcher->dispatch()
#3 /home/alejandro/play-work/playgroup-admin---laravel/vendor/laravel/framework/src/Illuminate/Routing/Route.php(176): Illuminate\\Routing\\Route->runController()
#4 /home/alejandro/play-work/playgroup-admin---laravel/vendor/laravel/framework/src/Illuminate/Routing/Router.php(681): Illuminate\\Routing\\Route->run()
#5 /home/alejandro/play-work/playgroup-admin---laravel/vendor/laravel/framework/src/Illuminate/Pipeline/Pipeline.php(130): Illuminate\\Routing\\Router->Illuminate\\Routing\\{closure}()
#6 /home/alejandro/play-work/playgroup-admin---laravel/vendor/laravel/framework/src/Illuminate/Routing/Middleware/SubstituteBindings.php(41): Illuminate\\Pipeline\\Pipeline->Illuminate\\Pipeline\\{closure}()
#7 /home/alejandro/play-work/playgroup-admin---laravel/vendor/laravel/framework/src/Illuminate/Pipeline/Pipeline.php(171): Illuminate\\Routing\\Middleware\\SubstituteBindings->handle()
#8 /home/alejandro/play-work/playgroup-admin---laravel/vendor/laravel/framework/src/Illuminate/Pipeline/Pipeline.php(105): Illuminate\\Pipeline\\Pipeline->Illuminate\\Pipeline\\{closure}()
#9 /home/alejandro/play-work/playgroup-admin---laravel/vendor/laravel/framework/src/Illuminate/Routing/Router.php(683): Illuminate\\Pipeline\\Pipeline->then()
#10 /home/alejandro/play-work/playgroup-admin---laravel/vendor/laravel/framework/src/Illuminate/Routing/Router.php(658): Illuminate\\Routing\\Router->runRouteWithinStack()
#11 /home/alejandro/play-work/playgroup-admin---laravel/vendor/laravel/framework/src/Illuminate/Routing/Router.php(624): Illuminate\\Routing\\Router->runRoute()
#12 /home/alejandro/play-work/playgroup-admin---laravel/vendor/laravel/framework/src/Illuminate/Routing/Router.php(613): Illuminate\\Routing\\Router->dispatchToRoute()
#13 /home/alejandro/play-work/playgroup-admin---laravel/vendor/laravel/framework/src/Illuminate/Foundation/Http/Kernel.php(170): Illuminate\\Routing\\Router->dispatch()
#14 /home/alejandro/play-work/playgroup-admin---laravel/vendor/laravel/framework/src/Illuminate/Pipeline/Pipeline.php(130): Illuminate\\Foundation\\Http\\Kernel->Illuminate\\Foundation\\Http\\{closure}()
#15 /home/alejandro/play-work/playgroup-admin---laravel/vendor/laravel/framework/src/Illuminate/Foundation/Http/Middleware/TransformsRequest.php(21): Illuminate\\Pipeline\\Pipeline->Illuminate\\Pipeline\\{closure}()
#16 /home/alejandro/play-work/playgroup-admin---laravel/vendor/laravel/framework/src/Illuminate/Pipeline/Pipeline.php(171): Illuminate\\Foundation\\Http\\Middleware\\TransformsRequest->handle()
#17 /home/alejandro/play-work/playgroup-admin---laravel/vendor/laravel/framework/src/Illuminate/Foundation/Http/Middleware/TransformsRequest.php(21): Illuminate\\Pipeline\\Pipeline->Illuminate\\Pipeline\\{closure}()
#18 /home/alejandro/play-work/playgroup-admin---laravel/vendor/laravel/framework/src/Illuminate/Pipeline/Pipeline.php(171): Illuminate\\Foundation\\Http\\Middleware\\TransformsRequest->handle()
#19 /home/alejandro/play-work/playgroup-admin---laravel/vendor/laravel/framework/src/Illuminate/Foundation/Http/Middleware/ValidatePostSize.php(27): Illuminate\\Pipeline\\Pipeline->Illuminate\\Pipeline\\{closure}()
#20 /home/alejandro/play-work/playgroup-admin---laravel/vendor/laravel/framework/src/Illuminate/Pipeline/Pipeline.php(171): Illuminate\\Foundation\\Http\\Middleware\\ValidatePostSize->handle()
#21 /home/alejandro/play-work/playgroup-admin---laravel/vendor/laravel/framework/src/Illuminate/Foundation/Http/Middleware/CheckForMaintenanceMode.php(63): Illuminate\\Pipeline\\Pipeline->Illuminate\\Pipeline\\{closure}()
#22 /home/alejandro/play-work/playgroup-admin---laravel/vendor/laravel/framework/src/Illuminate/Pipeline/Pipeline.php(171): Illuminate\\Foundation\\Http\\Middleware\\CheckForMaintenanceMode->handle()
#23 /home/alejandro/play-work/playgroup-admin---laravel/vendor/fideloper/proxy/src/TrustProxies.php(57): Illuminate\\Pipeline\\Pipeline->Illuminate\\Pipeline\\{closure}()
#24 /home/alejandro/play-work/playgroup-admin---laravel/vendor/laravel/framework/src/Illuminate/Pipeline/Pipeline.php(171): Fideloper\\Proxy\\TrustProxies->handle()
#25 /home/alejandro/play-work/playgroup-admin---laravel/vendor/laravel/framework/src/Illuminate/Pipeline/Pipeline.php(105): Illuminate\\Pipeline\\Pipeline->Illuminate\\Pipeline\\{closure}()
#26 /home/alejandro/play-work/playgroup-admin---laravel/vendor/laravel/framework/src/Illuminate/Foundation/Http/Kernel.php(145): Illuminate\\Pipeline\\Pipeline->then()
#27 /home/alejandro/play-work/playgroup-admin---laravel/vendor/laravel/framework/src/Illuminate/Foundation/Http/Kernel.php(110): Illuminate\\Foundation\\Http\\Kernel->sendRequestThroughRouter()
#28 /home/alejandro/play-work/playgroup-admin---laravel/public/index.php(55): Illuminate\\Foundation\\Http\\Kernel->handle()
#29 /home/alejandro/play-work/playgroup-admin---laravel/server.php(21): require_once('/home/alejandro...')
#30 {main}
"} 
[2025-05-17 22:36:44] local.ERROR: Trying to get property 'content' of non-object {"exception":"[object] (ErrorException(code: 0): Trying to get property 'content' of non-object at /home/alejandro/play-work/playgroup-admin---laravel/app/Http/Controllers/Api/ApiController.php:80)
[stacktrace]
#0 /home/alejandro/play-work/playgroup-admin---laravel/app/Http/Controllers/Api/ApiController.php(80): Illuminate\\Foundation\\Bootstrap\\HandleExceptions->handleError()
#1 /home/alejandro/play-work/playgroup-admin---laravel/vendor/laravel/framework/src/Illuminate/Routing/Controller.php(54): App\\Http\\Controllers\\Api\\ApiController->qualityProcessData()
#2 /home/alejandro/play-work/playgroup-admin---laravel/vendor/laravel/framework/src/Illuminate/Routing/ControllerDispatcher.php(45): Illuminate\\Routing\\Controller->callAction()
#3 /home/alejandro/play-work/playgroup-admin---laravel/vendor/laravel/framework/src/Illuminate/Routing/Route.php(219): Illuminate\\Routing\\ControllerDispatcher->dispatch()
#4 /home/alejandro/play-work/playgroup-admin---laravel/vendor/laravel/framework/src/Illuminate/Routing/Route.php(176): Illuminate\\Routing\\Route->runController()
#5 /home/alejandro/play-work/playgroup-admin---laravel/vendor/laravel/framework/src/Illuminate/Routing/Router.php(681): Illuminate\\Routing\\Route->run()
#6 /home/alejandro/play-work/playgroup-admin---laravel/vendor/laravel/framework/src/Illuminate/Pipeline/Pipeline.php(130): Illuminate\\Routing\\Router->Illuminate\\Routing\\{closure}()
#7 /home/alejandro/play-work/playgroup-admin---laravel/vendor/laravel/framework/src/Illuminate/Routing/Middleware/SubstituteBindings.php(41): Illuminate\\Pipeline\\Pipeline->Illuminate\\Pipeline\\{closure}()
#8 /home/alejandro/play-work/playgroup-admin---laravel/vendor/laravel/framework/src/Illuminate/Pipeline/Pipeline.php(171): Illuminate\\Routing\\Middleware\\SubstituteBindings->handle()
#9 /home/alejandro/play-work/playgroup-admin---laravel/vendor/laravel/framework/src/Illuminate/Pipeline/Pipeline.php(105): Illuminate\\Pipeline\\Pipeline->Illuminate\\Pipeline\\{closure}()
#10 /home/alejandro/play-work/playgroup-admin---laravel/vendor/laravel/framework/src/Illuminate/Routing/Router.php(683): Illuminate\\Pipeline\\Pipeline->then()
#11 /home/alejandro/play-work/playgroup-admin---laravel/vendor/laravel/framework/src/Illuminate/Routing/Router.php(658): Illuminate\\Routing\\Router->runRouteWithinStack()
#12 /home/alejandro/play-work/playgroup-admin---laravel/vendor/laravel/framework/src/Illuminate/Routing/Router.php(624): Illuminate\\Routing\\Router->runRoute()
#13 /home/alejandro/play-work/playgroup-admin---laravel/vendor/laravel/framework/src/Illuminate/Routing/Router.php(613): Illuminate\\Routing\\Router->dispatchToRoute()
#14 /home/alejandro/play-work/playgroup-admin---laravel/vendor/laravel/framework/src/Illuminate/Foundation/Http/Kernel.php(170): Illuminate\\Routing\\Router->dispatch()
#15 /home/alejandro/play-work/playgroup-admin---laravel/vendor/laravel/framework/src/Illuminate/Pipeline/Pipeline.php(130): Illuminate\\Foundation\\Http\\Kernel->Illuminate\\Foundation\\Http\\{closure}()
#16 /home/alejandro/play-work/playgroup-admin---laravel/vendor/laravel/framework/src/Illuminate/Foundation/Http/Middleware/TransformsRequest.php(21): Illuminate\\Pipeline\\Pipeline->Illuminate\\Pipeline\\{closure}()
#17 /home/alejandro/play-work/playgroup-admin---laravel/vendor/laravel/framework/src/Illuminate/Pipeline/Pipeline.php(171): Illuminate\\Foundation\\Http\\Middleware\\TransformsRequest->handle()
#18 /home/alejandro/play-work/playgroup-admin---laravel/vendor/laravel/framework/src/Illuminate/Foundation/Http/Middleware/TransformsRequest.php(21): Illuminate\\Pipeline\\Pipeline->Illuminate\\Pipeline\\{closure}()
#19 /home/alejandro/play-work/playgroup-admin---laravel/vendor/laravel/framework/src/Illuminate/Pipeline/Pipeline.php(171): Illuminate\\Foundation\\Http\\Middleware\\TransformsRequest->handle()
#20 /home/alejandro/play-work/playgroup-admin---laravel/vendor/laravel/framework/src/Illuminate/Foundation/Http/Middleware/ValidatePostSize.php(27): Illuminate\\Pipeline\\Pipeline->Illuminate\\Pipeline\\{closure}()
#21 /home/alejandro/play-work/playgroup-admin---laravel/vendor/laravel/framework/src/Illuminate/Pipeline/Pipeline.php(171): Illuminate\\Foundation\\Http\\Middleware\\ValidatePostSize->handle()
#22 /home/alejandro/play-work/playgroup-admin---laravel/vendor/laravel/framework/src/Illuminate/Foundation/Http/Middleware/CheckForMaintenanceMode.php(63): Illuminate\\Pipeline\\Pipeline->Illuminate\\Pipeline\\{closure}()
#23 /home/alejandro/play-work/playgroup-admin---laravel/vendor/laravel/framework/src/Illuminate/Pipeline/Pipeline.php(171): Illuminate\\Foundation\\Http\\Middleware\\CheckForMaintenanceMode->handle()
#24 /home/alejandro/play-work/playgroup-admin---laravel/vendor/fideloper/proxy/src/TrustProxies.php(57): Illuminate\\Pipeline\\Pipeline->Illuminate\\Pipeline\\{closure}()
#25 /home/alejandro/play-work/playgroup-admin---laravel/vendor/laravel/framework/src/Illuminate/Pipeline/Pipeline.php(171): Fideloper\\Proxy\\TrustProxies->handle()
#26 /home/alejandro/play-work/playgroup-admin---laravel/vendor/laravel/framework/src/Illuminate/Pipeline/Pipeline.php(105): Illuminate\\Pipeline\\Pipeline->Illuminate\\Pipeline\\{closure}()
#27 /home/alejandro/play-work/playgroup-admin---laravel/vendor/laravel/framework/src/Illuminate/Foundation/Http/Kernel.php(145): Illuminate\\Pipeline\\Pipeline->then()
#28 /home/alejandro/play-work/playgroup-admin---laravel/vendor/laravel/framework/src/Illuminate/Foundation/Http/Kernel.php(110): Illuminate\\Foundation\\Http\\Kernel->sendRequestThroughRouter()
#29 /home/alejandro/play-work/playgroup-admin---laravel/public/index.php(55): Illuminate\\Foundation\\Http\\Kernel->handle()
#30 /home/alejandro/play-work/playgroup-admin---laravel/server.php(21): require_once('/home/alejandro...')
#31 {main}
"} 
[2025-05-17 22:38:28] local.ERROR: Call to a member function unsetRelation() on null {"exception":"[object] (Symfony\\Component\\Debug\\Exception\\FatalThrowableError(code: 0): Call to a member function unsetRelation() on null at /home/alejandro/play-work/playgroup-admin---laravel/app/Http/Controllers/Api/PageController.php:45)
[stacktrace]
#0 /home/alejandro/play-work/playgroup-admin---laravel/vendor/laravel/framework/src/Illuminate/Routing/Controller.php(54): App\\Http\\Controllers\\Api\\PageController->getPodcasts()
#1 /home/alejandro/play-work/playgroup-admin---laravel/vendor/laravel/framework/src/Illuminate/Routing/ControllerDispatcher.php(45): Illuminate\\Routing\\Controller->callAction()
#2 /home/alejandro/play-work/playgroup-admin---laravel/vendor/laravel/framework/src/Illuminate/Routing/Route.php(219): Illuminate\\Routing\\ControllerDispatcher->dispatch()
#3 /home/alejandro/play-work/playgroup-admin---laravel/vendor/laravel/framework/src/Illuminate/Routing/Route.php(176): Illuminate\\Routing\\Route->runController()
#4 /home/alejandro/play-work/playgroup-admin---laravel/vendor/laravel/framework/src/Illuminate/Routing/Router.php(681): Illuminate\\Routing\\Route->run()
#5 /home/alejandro/play-work/playgroup-admin---laravel/vendor/laravel/framework/src/Illuminate/Pipeline/Pipeline.php(130): Illuminate\\Routing\\Router->Illuminate\\Routing\\{closure}()
#6 /home/alejandro/play-work/playgroup-admin---laravel/vendor/laravel/framework/src/Illuminate/Routing/Middleware/SubstituteBindings.php(41): Illuminate\\Pipeline\\Pipeline->Illuminate\\Pipeline\\{closure}()
#7 /home/alejandro/play-work/playgroup-admin---laravel/vendor/laravel/framework/src/Illuminate/Pipeline/Pipeline.php(171): Illuminate\\Routing\\Middleware\\SubstituteBindings->handle()
#8 /home/alejandro/play-work/playgroup-admin---laravel/vendor/laravel/framework/src/Illuminate/Pipeline/Pipeline.php(105): Illuminate\\Pipeline\\Pipeline->Illuminate\\Pipeline\\{closure}()
#9 /home/alejandro/play-work/playgroup-admin---laravel/vendor/laravel/framework/src/Illuminate/Routing/Router.php(683): Illuminate\\Pipeline\\Pipeline->then()
#10 /home/alejandro/play-work/playgroup-admin---laravel/vendor/laravel/framework/src/Illuminate/Routing/Router.php(658): Illuminate\\Routing\\Router->runRouteWithinStack()
#11 /home/alejandro/play-work/playgroup-admin---laravel/vendor/laravel/framework/src/Illuminate/Routing/Router.php(624): Illuminate\\Routing\\Router->runRoute()
#12 /home/alejandro/play-work/playgroup-admin---laravel/vendor/laravel/framework/src/Illuminate/Routing/Router.php(613): Illuminate\\Routing\\Router->dispatchToRoute()
#13 /home/alejandro/play-work/playgroup-admin---laravel/vendor/laravel/framework/src/Illuminate/Foundation/Http/Kernel.php(170): Illuminate\\Routing\\Router->dispatch()
#14 /home/alejandro/play-work/playgroup-admin---laravel/vendor/laravel/framework/src/Illuminate/Pipeline/Pipeline.php(130): Illuminate\\Foundation\\Http\\Kernel->Illuminate\\Foundation\\Http\\{closure}()
#15 /home/alejandro/play-work/playgroup-admin---laravel/vendor/laravel/framework/src/Illuminate/Foundation/Http/Middleware/TransformsRequest.php(21): Illuminate\\Pipeline\\Pipeline->Illuminate\\Pipeline\\{closure}()
#16 /home/alejandro/play-work/playgroup-admin---laravel/vendor/laravel/framework/src/Illuminate/Pipeline/Pipeline.php(171): Illuminate\\Foundation\\Http\\Middleware\\TransformsRequest->handle()
#17 /home/alejandro/play-work/playgroup-admin---laravel/vendor/laravel/framework/src/Illuminate/Foundation/Http/Middleware/TransformsRequest.php(21): Illuminate\\Pipeline\\Pipeline->Illuminate\\Pipeline\\{closure}()
#18 /home/alejandro/play-work/playgroup-admin---laravel/vendor/laravel/framework/src/Illuminate/Pipeline/Pipeline.php(171): Illuminate\\Foundation\\Http\\Middleware\\TransformsRequest->handle()
#19 /home/alejandro/play-work/playgroup-admin---laravel/vendor/laravel/framework/src/Illuminate/Foundation/Http/Middleware/ValidatePostSize.php(27): Illuminate\\Pipeline\\Pipeline->Illuminate\\Pipeline\\{closure}()
#20 /home/alejandro/play-work/playgroup-admin---laravel/vendor/laravel/framework/src/Illuminate/Pipeline/Pipeline.php(171): Illuminate\\Foundation\\Http\\Middleware\\ValidatePostSize->handle()
#21 /home/alejandro/play-work/playgroup-admin---laravel/vendor/laravel/framework/src/Illuminate/Foundation/Http/Middleware/CheckForMaintenanceMode.php(63): Illuminate\\Pipeline\\Pipeline->Illuminate\\Pipeline\\{closure}()
#22 /home/alejandro/play-work/playgroup-admin---laravel/vendor/laravel/framework/src/Illuminate/Pipeline/Pipeline.php(171): Illuminate\\Foundation\\Http\\Middleware\\CheckForMaintenanceMode->handle()
#23 /home/alejandro/play-work/playgroup-admin---laravel/vendor/fideloper/proxy/src/TrustProxies.php(57): Illuminate\\Pipeline\\Pipeline->Illuminate\\Pipeline\\{closure}()
#24 /home/alejandro/play-work/playgroup-admin---laravel/vendor/laravel/framework/src/Illuminate/Pipeline/Pipeline.php(171): Fideloper\\Proxy\\TrustProxies->handle()
#25 /home/alejandro/play-work/playgroup-admin---laravel/vendor/laravel/framework/src/Illuminate/Pipeline/Pipeline.php(105): Illuminate\\Pipeline\\Pipeline->Illuminate\\Pipeline\\{closure}()
#26 /home/alejandro/play-work/playgroup-admin---laravel/vendor/laravel/framework/src/Illuminate/Foundation/Http/Kernel.php(145): Illuminate\\Pipeline\\Pipeline->then()
#27 /home/alejandro/play-work/playgroup-admin---laravel/vendor/laravel/framework/src/Illuminate/Foundation/Http/Kernel.php(110): Illuminate\\Foundation\\Http\\Kernel->sendRequestThroughRouter()
#28 /home/alejandro/play-work/playgroup-admin---laravel/public/index.php(55): Illuminate\\Foundation\\Http\\Kernel->handle()
#29 /home/alejandro/play-work/playgroup-admin---laravel/server.php(21): require_once('/home/alejandro...')
#30 {main}
"} 
[2025-05-17 22:38:28] local.ERROR: Trying to get property 'content' of non-object {"exception":"[object] (ErrorException(code: 0): Trying to get property 'content' of non-object at /home/alejandro/play-work/playgroup-admin---laravel/app/Http/Controllers/Api/ApiController.php:80)
[stacktrace]
#0 /home/alejandro/play-work/playgroup-admin---laravel/app/Http/Controllers/Api/ApiController.php(80): Illuminate\\Foundation\\Bootstrap\\HandleExceptions->handleError()
#1 /home/alejandro/play-work/playgroup-admin---laravel/vendor/laravel/framework/src/Illuminate/Routing/Controller.php(54): App\\Http\\Controllers\\Api\\ApiController->qualityProcessData()
#2 /home/alejandro/play-work/playgroup-admin---laravel/vendor/laravel/framework/src/Illuminate/Routing/ControllerDispatcher.php(45): Illuminate\\Routing\\Controller->callAction()
#3 /home/alejandro/play-work/playgroup-admin---laravel/vendor/laravel/framework/src/Illuminate/Routing/Route.php(219): Illuminate\\Routing\\ControllerDispatcher->dispatch()
#4 /home/alejandro/play-work/playgroup-admin---laravel/vendor/laravel/framework/src/Illuminate/Routing/Route.php(176): Illuminate\\Routing\\Route->runController()
#5 /home/alejandro/play-work/playgroup-admin---laravel/vendor/laravel/framework/src/Illuminate/Routing/Router.php(681): Illuminate\\Routing\\Route->run()
#6 /home/alejandro/play-work/playgroup-admin---laravel/vendor/laravel/framework/src/Illuminate/Pipeline/Pipeline.php(130): Illuminate\\Routing\\Router->Illuminate\\Routing\\{closure}()
#7 /home/alejandro/play-work/playgroup-admin---laravel/vendor/laravel/framework/src/Illuminate/Routing/Middleware/SubstituteBindings.php(41): Illuminate\\Pipeline\\Pipeline->Illuminate\\Pipeline\\{closure}()
#8 /home/alejandro/play-work/playgroup-admin---laravel/vendor/laravel/framework/src/Illuminate/Pipeline/Pipeline.php(171): Illuminate\\Routing\\Middleware\\SubstituteBindings->handle()
#9 /home/alejandro/play-work/playgroup-admin---laravel/vendor/laravel/framework/src/Illuminate/Pipeline/Pipeline.php(105): Illuminate\\Pipeline\\Pipeline->Illuminate\\Pipeline\\{closure}()
#10 /home/alejandro/play-work/playgroup-admin---laravel/vendor/laravel/framework/src/Illuminate/Routing/Router.php(683): Illuminate\\Pipeline\\Pipeline->then()
#11 /home/alejandro/play-work/playgroup-admin---laravel/vendor/laravel/framework/src/Illuminate/Routing/Router.php(658): Illuminate\\Routing\\Router->runRouteWithinStack()
#12 /home/alejandro/play-work/playgroup-admin---laravel/vendor/laravel/framework/src/Illuminate/Routing/Router.php(624): Illuminate\\Routing\\Router->runRoute()
#13 /home/alejandro/play-work/playgroup-admin---laravel/vendor/laravel/framework/src/Illuminate/Routing/Router.php(613): Illuminate\\Routing\\Router->dispatchToRoute()
#14 /home/alejandro/play-work/playgroup-admin---laravel/vendor/laravel/framework/src/Illuminate/Foundation/Http/Kernel.php(170): Illuminate\\Routing\\Router->dispatch()
#15 /home/alejandro/play-work/playgroup-admin---laravel/vendor/laravel/framework/src/Illuminate/Pipeline/Pipeline.php(130): Illuminate\\Foundation\\Http\\Kernel->Illuminate\\Foundation\\Http\\{closure}()
#16 /home/alejandro/play-work/playgroup-admin---laravel/vendor/laravel/framework/src/Illuminate/Foundation/Http/Middleware/TransformsRequest.php(21): Illuminate\\Pipeline\\Pipeline->Illuminate\\Pipeline\\{closure}()
#17 /home/alejandro/play-work/playgroup-admin---laravel/vendor/laravel/framework/src/Illuminate/Pipeline/Pipeline.php(171): Illuminate\\Foundation\\Http\\Middleware\\TransformsRequest->handle()
#18 /home/alejandro/play-work/playgroup-admin---laravel/vendor/laravel/framework/src/Illuminate/Foundation/Http/Middleware/TransformsRequest.php(21): Illuminate\\Pipeline\\Pipeline->Illuminate\\Pipeline\\{closure}()
#19 /home/alejandro/play-work/playgroup-admin---laravel/vendor/laravel/framework/src/Illuminate/Pipeline/Pipeline.php(171): Illuminate\\Foundation\\Http\\Middleware\\TransformsRequest->handle()
#20 /home/alejandro/play-work/playgroup-admin---laravel/vendor/laravel/framework/src/Illuminate/Foundation/Http/Middleware/ValidatePostSize.php(27): Illuminate\\Pipeline\\Pipeline->Illuminate\\Pipeline\\{closure}()
#21 /home/alejandro/play-work/playgroup-admin---laravel/vendor/laravel/framework/src/Illuminate/Pipeline/Pipeline.php(171): Illuminate\\Foundation\\Http\\Middleware\\ValidatePostSize->handle()
#22 /home/alejandro/play-work/playgroup-admin---laravel/vendor/laravel/framework/src/Illuminate/Foundation/Http/Middleware/CheckForMaintenanceMode.php(63): Illuminate\\Pipeline\\Pipeline->Illuminate\\Pipeline\\{closure}()
#23 /home/alejandro/play-work/playgroup-admin---laravel/vendor/laravel/framework/src/Illuminate/Pipeline/Pipeline.php(171): Illuminate\\Foundation\\Http\\Middleware\\CheckForMaintenanceMode->handle()
#24 /home/alejandro/play-work/playgroup-admin---laravel/vendor/fideloper/proxy/src/TrustProxies.php(57): Illuminate\\Pipeline\\Pipeline->Illuminate\\Pipeline\\{closure}()
#25 /home/alejandro/play-work/playgroup-admin---laravel/vendor/laravel/framework/src/Illuminate/Pipeline/Pipeline.php(171): Fideloper\\Proxy\\TrustProxies->handle()
#26 /home/alejandro/play-work/playgroup-admin---laravel/vendor/laravel/framework/src/Illuminate/Pipeline/Pipeline.php(105): Illuminate\\Pipeline\\Pipeline->Illuminate\\Pipeline\\{closure}()
#27 /home/alejandro/play-work/playgroup-admin---laravel/vendor/laravel/framework/src/Illuminate/Foundation/Http/Kernel.php(145): Illuminate\\Pipeline\\Pipeline->then()
#28 /home/alejandro/play-work/playgroup-admin---laravel/vendor/laravel/framework/src/Illuminate/Foundation/Http/Kernel.php(110): Illuminate\\Foundation\\Http\\Kernel->sendRequestThroughRouter()
#29 /home/alejandro/play-work/playgroup-admin---laravel/public/index.php(55): Illuminate\\Foundation\\Http\\Kernel->handle()
#30 /home/alejandro/play-work/playgroup-admin---laravel/server.php(21): require_once('/home/alejandro...')
#31 {main}
"} 
[2025-05-17 22:38:28] local.ERROR: Call to a member function unsetRelation() on null {"exception":"[object] (Symfony\\Component\\Debug\\Exception\\FatalThrowableError(code: 0): Call to a member function unsetRelation() on null at /home/alejandro/play-work/playgroup-admin---laravel/app/Http/Controllers/Api/PageController.php:45)
[stacktrace]
#0 /home/alejandro/play-work/playgroup-admin---laravel/vendor/laravel/framework/src/Illuminate/Routing/Controller.php(54): App\\Http\\Controllers\\Api\\PageController->getPodcasts()
#1 /home/alejandro/play-work/playgroup-admin---laravel/vendor/laravel/framework/src/Illuminate/Routing/ControllerDispatcher.php(45): Illuminate\\Routing\\Controller->callAction()
#2 /home/alejandro/play-work/playgroup-admin---laravel/vendor/laravel/framework/src/Illuminate/Routing/Route.php(219): Illuminate\\Routing\\ControllerDispatcher->dispatch()
#3 /home/alejandro/play-work/playgroup-admin---laravel/vendor/laravel/framework/src/Illuminate/Routing/Route.php(176): Illuminate\\Routing\\Route->runController()
#4 /home/alejandro/play-work/playgroup-admin---laravel/vendor/laravel/framework/src/Illuminate/Routing/Router.php(681): Illuminate\\Routing\\Route->run()
#5 /home/alejandro/play-work/playgroup-admin---laravel/vendor/laravel/framework/src/Illuminate/Pipeline/Pipeline.php(130): Illuminate\\Routing\\Router->Illuminate\\Routing\\{closure}()
#6 /home/alejandro/play-work/playgroup-admin---laravel/vendor/laravel/framework/src/Illuminate/Routing/Middleware/SubstituteBindings.php(41): Illuminate\\Pipeline\\Pipeline->Illuminate\\Pipeline\\{closure}()
#7 /home/alejandro/play-work/playgroup-admin---laravel/vendor/laravel/framework/src/Illuminate/Pipeline/Pipeline.php(171): Illuminate\\Routing\\Middleware\\SubstituteBindings->handle()
#8 /home/alejandro/play-work/playgroup-admin---laravel/vendor/laravel/framework/src/Illuminate/Pipeline/Pipeline.php(105): Illuminate\\Pipeline\\Pipeline->Illuminate\\Pipeline\\{closure}()
#9 /home/alejandro/play-work/playgroup-admin---laravel/vendor/laravel/framework/src/Illuminate/Routing/Router.php(683): Illuminate\\Pipeline\\Pipeline->then()
#10 /home/alejandro/play-work/playgroup-admin---laravel/vendor/laravel/framework/src/Illuminate/Routing/Router.php(658): Illuminate\\Routing\\Router->runRouteWithinStack()
#11 /home/alejandro/play-work/playgroup-admin---laravel/vendor/laravel/framework/src/Illuminate/Routing/Router.php(624): Illuminate\\Routing\\Router->runRoute()
#12 /home/alejandro/play-work/playgroup-admin---laravel/vendor/laravel/framework/src/Illuminate/Routing/Router.php(613): Illuminate\\Routing\\Router->dispatchToRoute()
#13 /home/alejandro/play-work/playgroup-admin---laravel/vendor/laravel/framework/src/Illuminate/Foundation/Http/Kernel.php(170): Illuminate\\Routing\\Router->dispatch()
#14 /home/alejandro/play-work/playgroup-admin---laravel/vendor/laravel/framework/src/Illuminate/Pipeline/Pipeline.php(130): Illuminate\\Foundation\\Http\\Kernel->Illuminate\\Foundation\\Http\\{closure}()
#15 /home/alejandro/play-work/playgroup-admin---laravel/vendor/laravel/framework/src/Illuminate/Foundation/Http/Middleware/TransformsRequest.php(21): Illuminate\\Pipeline\\Pipeline->Illuminate\\Pipeline\\{closure}()
#16 /home/alejandro/play-work/playgroup-admin---laravel/vendor/laravel/framework/src/Illuminate/Pipeline/Pipeline.php(171): Illuminate\\Foundation\\Http\\Middleware\\TransformsRequest->handle()
#17 /home/alejandro/play-work/playgroup-admin---laravel/vendor/laravel/framework/src/Illuminate/Foundation/Http/Middleware/TransformsRequest.php(21): Illuminate\\Pipeline\\Pipeline->Illuminate\\Pipeline\\{closure}()
#18 /home/alejandro/play-work/playgroup-admin---laravel/vendor/laravel/framework/src/Illuminate/Pipeline/Pipeline.php(171): Illuminate\\Foundation\\Http\\Middleware\\TransformsRequest->handle()
#19 /home/alejandro/play-work/playgroup-admin---laravel/vendor/laravel/framework/src/Illuminate/Foundation/Http/Middleware/ValidatePostSize.php(27): Illuminate\\Pipeline\\Pipeline->Illuminate\\Pipeline\\{closure}()
#20 /home/alejandro/play-work/playgroup-admin---laravel/vendor/laravel/framework/src/Illuminate/Pipeline/Pipeline.php(171): Illuminate\\Foundation\\Http\\Middleware\\ValidatePostSize->handle()
#21 /home/alejandro/play-work/playgroup-admin---laravel/vendor/laravel/framework/src/Illuminate/Foundation/Http/Middleware/CheckForMaintenanceMode.php(63): Illuminate\\Pipeline\\Pipeline->Illuminate\\Pipeline\\{closure}()
#22 /home/alejandro/play-work/playgroup-admin---laravel/vendor/laravel/framework/src/Illuminate/Pipeline/Pipeline.php(171): Illuminate\\Foundation\\Http\\Middleware\\CheckForMaintenanceMode->handle()
#23 /home/alejandro/play-work/playgroup-admin---laravel/vendor/fideloper/proxy/src/TrustProxies.php(57): Illuminate\\Pipeline\\Pipeline->Illuminate\\Pipeline\\{closure}()
#24 /home/alejandro/play-work/playgroup-admin---laravel/vendor/laravel/framework/src/Illuminate/Pipeline/Pipeline.php(171): Fideloper\\Proxy\\TrustProxies->handle()
#25 /home/alejandro/play-work/playgroup-admin---laravel/vendor/laravel/framework/src/Illuminate/Pipeline/Pipeline.php(105): Illuminate\\Pipeline\\Pipeline->Illuminate\\Pipeline\\{closure}()
#26 /home/alejandro/play-work/playgroup-admin---laravel/vendor/laravel/framework/src/Illuminate/Foundation/Http/Kernel.php(145): Illuminate\\Pipeline\\Pipeline->then()
#27 /home/alejandro/play-work/playgroup-admin---laravel/vendor/laravel/framework/src/Illuminate/Foundation/Http/Kernel.php(110): Illuminate\\Foundation\\Http\\Kernel->sendRequestThroughRouter()
#28 /home/alejandro/play-work/playgroup-admin---laravel/public/index.php(55): Illuminate\\Foundation\\Http\\Kernel->handle()
#29 /home/alejandro/play-work/playgroup-admin---laravel/server.php(21): require_once('/home/alejandro...')
#30 {main}
"} 
[2025-05-17 22:38:28] local.ERROR: Trying to get property 'content' of non-object {"exception":"[object] (ErrorException(code: 0): Trying to get property 'content' of non-object at /home/alejandro/play-work/playgroup-admin---laravel/app/Http/Controllers/Api/ApiController.php:80)
[stacktrace]
#0 /home/alejandro/play-work/playgroup-admin---laravel/app/Http/Controllers/Api/ApiController.php(80): Illuminate\\Foundation\\Bootstrap\\HandleExceptions->handleError()
#1 /home/alejandro/play-work/playgroup-admin---laravel/vendor/laravel/framework/src/Illuminate/Routing/Controller.php(54): App\\Http\\Controllers\\Api\\ApiController->qualityProcessData()
#2 /home/alejandro/play-work/playgroup-admin---laravel/vendor/laravel/framework/src/Illuminate/Routing/ControllerDispatcher.php(45): Illuminate\\Routing\\Controller->callAction()
#3 /home/alejandro/play-work/playgroup-admin---laravel/vendor/laravel/framework/src/Illuminate/Routing/Route.php(219): Illuminate\\Routing\\ControllerDispatcher->dispatch()
#4 /home/alejandro/play-work/playgroup-admin---laravel/vendor/laravel/framework/src/Illuminate/Routing/Route.php(176): Illuminate\\Routing\\Route->runController()
#5 /home/alejandro/play-work/playgroup-admin---laravel/vendor/laravel/framework/src/Illuminate/Routing/Router.php(681): Illuminate\\Routing\\Route->run()
#6 /home/alejandro/play-work/playgroup-admin---laravel/vendor/laravel/framework/src/Illuminate/Pipeline/Pipeline.php(130): Illuminate\\Routing\\Router->Illuminate\\Routing\\{closure}()
#7 /home/alejandro/play-work/playgroup-admin---laravel/vendor/laravel/framework/src/Illuminate/Routing/Middleware/SubstituteBindings.php(41): Illuminate\\Pipeline\\Pipeline->Illuminate\\Pipeline\\{closure}()
#8 /home/alejandro/play-work/playgroup-admin---laravel/vendor/laravel/framework/src/Illuminate/Pipeline/Pipeline.php(171): Illuminate\\Routing\\Middleware\\SubstituteBindings->handle()
#9 /home/alejandro/play-work/playgroup-admin---laravel/vendor/laravel/framework/src/Illuminate/Pipeline/Pipeline.php(105): Illuminate\\Pipeline\\Pipeline->Illuminate\\Pipeline\\{closure}()
#10 /home/alejandro/play-work/playgroup-admin---laravel/vendor/laravel/framework/src/Illuminate/Routing/Router.php(683): Illuminate\\Pipeline\\Pipeline->then()
#11 /home/alejandro/play-work/playgroup-admin---laravel/vendor/laravel/framework/src/Illuminate/Routing/Router.php(658): Illuminate\\Routing\\Router->runRouteWithinStack()
#12 /home/alejandro/play-work/playgroup-admin---laravel/vendor/laravel/framework/src/Illuminate/Routing/Router.php(624): Illuminate\\Routing\\Router->runRoute()
#13 /home/alejandro/play-work/playgroup-admin---laravel/vendor/laravel/framework/src/Illuminate/Routing/Router.php(613): Illuminate\\Routing\\Router->dispatchToRoute()
#14 /home/alejandro/play-work/playgroup-admin---laravel/vendor/laravel/framework/src/Illuminate/Foundation/Http/Kernel.php(170): Illuminate\\Routing\\Router->dispatch()
#15 /home/alejandro/play-work/playgroup-admin---laravel/vendor/laravel/framework/src/Illuminate/Pipeline/Pipeline.php(130): Illuminate\\Foundation\\Http\\Kernel->Illuminate\\Foundation\\Http\\{closure}()
#16 /home/alejandro/play-work/playgroup-admin---laravel/vendor/laravel/framework/src/Illuminate/Foundation/Http/Middleware/TransformsRequest.php(21): Illuminate\\Pipeline\\Pipeline->Illuminate\\Pipeline\\{closure}()
#17 /home/alejandro/play-work/playgroup-admin---laravel/vendor/laravel/framework/src/Illuminate/Pipeline/Pipeline.php(171): Illuminate\\Foundation\\Http\\Middleware\\TransformsRequest->handle()
#18 /home/alejandro/play-work/playgroup-admin---laravel/vendor/laravel/framework/src/Illuminate/Foundation/Http/Middleware/TransformsRequest.php(21): Illuminate\\Pipeline\\Pipeline->Illuminate\\Pipeline\\{closure}()
#19 /home/alejandro/play-work/playgroup-admin---laravel/vendor/laravel/framework/src/Illuminate/Pipeline/Pipeline.php(171): Illuminate\\Foundation\\Http\\Middleware\\TransformsRequest->handle()
#20 /home/alejandro/play-work/playgroup-admin---laravel/vendor/laravel/framework/src/Illuminate/Foundation/Http/Middleware/ValidatePostSize.php(27): Illuminate\\Pipeline\\Pipeline->Illuminate\\Pipeline\\{closure}()
#21 /home/alejandro/play-work/playgroup-admin---laravel/vendor/laravel/framework/src/Illuminate/Pipeline/Pipeline.php(171): Illuminate\\Foundation\\Http\\Middleware\\ValidatePostSize->handle()
#22 /home/alejandro/play-work/playgroup-admin---laravel/vendor/laravel/framework/src/Illuminate/Foundation/Http/Middleware/CheckForMaintenanceMode.php(63): Illuminate\\Pipeline\\Pipeline->Illuminate\\Pipeline\\{closure}()
#23 /home/alejandro/play-work/playgroup-admin---laravel/vendor/laravel/framework/src/Illuminate/Pipeline/Pipeline.php(171): Illuminate\\Foundation\\Http\\Middleware\\CheckForMaintenanceMode->handle()
#24 /home/alejandro/play-work/playgroup-admin---laravel/vendor/fideloper/proxy/src/TrustProxies.php(57): Illuminate\\Pipeline\\Pipeline->Illuminate\\Pipeline\\{closure}()
#25 /home/alejandro/play-work/playgroup-admin---laravel/vendor/laravel/framework/src/Illuminate/Pipeline/Pipeline.php(171): Fideloper\\Proxy\\TrustProxies->handle()
#26 /home/alejandro/play-work/playgroup-admin---laravel/vendor/laravel/framework/src/Illuminate/Pipeline/Pipeline.php(105): Illuminate\\Pipeline\\Pipeline->Illuminate\\Pipeline\\{closure}()
#27 /home/alejandro/play-work/playgroup-admin---laravel/vendor/laravel/framework/src/Illuminate/Foundation/Http/Kernel.php(145): Illuminate\\Pipeline\\Pipeline->then()
#28 /home/alejandro/play-work/playgroup-admin---laravel/vendor/laravel/framework/src/Illuminate/Foundation/Http/Kernel.php(110): Illuminate\\Foundation\\Http\\Kernel->sendRequestThroughRouter()
#29 /home/alejandro/play-work/playgroup-admin---laravel/public/index.php(55): Illuminate\\Foundation\\Http\\Kernel->handle()
#30 /home/alejandro/play-work/playgroup-admin---laravel/server.php(21): require_once('/home/alejandro...')
#31 {main}
"} 
[2025-05-17 22:38:38] local.ERROR: Call to a member function unsetRelation() on null {"exception":"[object] (Symfony\\Component\\Debug\\Exception\\FatalThrowableError(code: 0): Call to a member function unsetRelation() on null at /home/alejandro/play-work/playgroup-admin---laravel/app/Http/Controllers/Api/PageController.php:45)
[stacktrace]
#0 /home/alejandro/play-work/playgroup-admin---laravel/vendor/laravel/framework/src/Illuminate/Routing/Controller.php(54): App\\Http\\Controllers\\Api\\PageController->getPodcasts()
#1 /home/alejandro/play-work/playgroup-admin---laravel/vendor/laravel/framework/src/Illuminate/Routing/ControllerDispatcher.php(45): Illuminate\\Routing\\Controller->callAction()
#2 /home/alejandro/play-work/playgroup-admin---laravel/vendor/laravel/framework/src/Illuminate/Routing/Route.php(219): Illuminate\\Routing\\ControllerDispatcher->dispatch()
#3 /home/alejandro/play-work/playgroup-admin---laravel/vendor/laravel/framework/src/Illuminate/Routing/Route.php(176): Illuminate\\Routing\\Route->runController()
#4 /home/alejandro/play-work/playgroup-admin---laravel/vendor/laravel/framework/src/Illuminate/Routing/Router.php(681): Illuminate\\Routing\\Route->run()
#5 /home/alejandro/play-work/playgroup-admin---laravel/vendor/laravel/framework/src/Illuminate/Pipeline/Pipeline.php(130): Illuminate\\Routing\\Router->Illuminate\\Routing\\{closure}()
#6 /home/alejandro/play-work/playgroup-admin---laravel/vendor/laravel/framework/src/Illuminate/Routing/Middleware/SubstituteBindings.php(41): Illuminate\\Pipeline\\Pipeline->Illuminate\\Pipeline\\{closure}()
#7 /home/alejandro/play-work/playgroup-admin---laravel/vendor/laravel/framework/src/Illuminate/Pipeline/Pipeline.php(171): Illuminate\\Routing\\Middleware\\SubstituteBindings->handle()
#8 /home/alejandro/play-work/playgroup-admin---laravel/vendor/laravel/framework/src/Illuminate/Pipeline/Pipeline.php(105): Illuminate\\Pipeline\\Pipeline->Illuminate\\Pipeline\\{closure}()
#9 /home/alejandro/play-work/playgroup-admin---laravel/vendor/laravel/framework/src/Illuminate/Routing/Router.php(683): Illuminate\\Pipeline\\Pipeline->then()
#10 /home/alejandro/play-work/playgroup-admin---laravel/vendor/laravel/framework/src/Illuminate/Routing/Router.php(658): Illuminate\\Routing\\Router->runRouteWithinStack()
#11 /home/alejandro/play-work/playgroup-admin---laravel/vendor/laravel/framework/src/Illuminate/Routing/Router.php(624): Illuminate\\Routing\\Router->runRoute()
#12 /home/alejandro/play-work/playgroup-admin---laravel/vendor/laravel/framework/src/Illuminate/Routing/Router.php(613): Illuminate\\Routing\\Router->dispatchToRoute()
#13 /home/alejandro/play-work/playgroup-admin---laravel/vendor/laravel/framework/src/Illuminate/Foundation/Http/Kernel.php(170): Illuminate\\Routing\\Router->dispatch()
#14 /home/alejandro/play-work/playgroup-admin---laravel/vendor/laravel/framework/src/Illuminate/Pipeline/Pipeline.php(130): Illuminate\\Foundation\\Http\\Kernel->Illuminate\\Foundation\\Http\\{closure}()
#15 /home/alejandro/play-work/playgroup-admin---laravel/vendor/laravel/framework/src/Illuminate/Foundation/Http/Middleware/TransformsRequest.php(21): Illuminate\\Pipeline\\Pipeline->Illuminate\\Pipeline\\{closure}()
#16 /home/alejandro/play-work/playgroup-admin---laravel/vendor/laravel/framework/src/Illuminate/Pipeline/Pipeline.php(171): Illuminate\\Foundation\\Http\\Middleware\\TransformsRequest->handle()
#17 /home/alejandro/play-work/playgroup-admin---laravel/vendor/laravel/framework/src/Illuminate/Foundation/Http/Middleware/TransformsRequest.php(21): Illuminate\\Pipeline\\Pipeline->Illuminate\\Pipeline\\{closure}()
#18 /home/alejandro/play-work/playgroup-admin---laravel/vendor/laravel/framework/src/Illuminate/Pipeline/Pipeline.php(171): Illuminate\\Foundation\\Http\\Middleware\\TransformsRequest->handle()
#19 /home/alejandro/play-work/playgroup-admin---laravel/vendor/laravel/framework/src/Illuminate/Foundation/Http/Middleware/ValidatePostSize.php(27): Illuminate\\Pipeline\\Pipeline->Illuminate\\Pipeline\\{closure}()
#20 /home/alejandro/play-work/playgroup-admin---laravel/vendor/laravel/framework/src/Illuminate/Pipeline/Pipeline.php(171): Illuminate\\Foundation\\Http\\Middleware\\ValidatePostSize->handle()
#21 /home/alejandro/play-work/playgroup-admin---laravel/vendor/laravel/framework/src/Illuminate/Foundation/Http/Middleware/CheckForMaintenanceMode.php(63): Illuminate\\Pipeline\\Pipeline->Illuminate\\Pipeline\\{closure}()
#22 /home/alejandro/play-work/playgroup-admin---laravel/vendor/laravel/framework/src/Illuminate/Pipeline/Pipeline.php(171): Illuminate\\Foundation\\Http\\Middleware\\CheckForMaintenanceMode->handle()
#23 /home/alejandro/play-work/playgroup-admin---laravel/vendor/fideloper/proxy/src/TrustProxies.php(57): Illuminate\\Pipeline\\Pipeline->Illuminate\\Pipeline\\{closure}()
#24 /home/alejandro/play-work/playgroup-admin---laravel/vendor/laravel/framework/src/Illuminate/Pipeline/Pipeline.php(171): Fideloper\\Proxy\\TrustProxies->handle()
#25 /home/alejandro/play-work/playgroup-admin---laravel/vendor/laravel/framework/src/Illuminate/Pipeline/Pipeline.php(105): Illuminate\\Pipeline\\Pipeline->Illuminate\\Pipeline\\{closure}()
#26 /home/alejandro/play-work/playgroup-admin---laravel/vendor/laravel/framework/src/Illuminate/Foundation/Http/Kernel.php(145): Illuminate\\Pipeline\\Pipeline->then()
#27 /home/alejandro/play-work/playgroup-admin---laravel/vendor/laravel/framework/src/Illuminate/Foundation/Http/Kernel.php(110): Illuminate\\Foundation\\Http\\Kernel->sendRequestThroughRouter()
#28 /home/alejandro/play-work/playgroup-admin---laravel/public/index.php(55): Illuminate\\Foundation\\Http\\Kernel->handle()
#29 /home/alejandro/play-work/playgroup-admin---laravel/server.php(21): require_once('/home/alejandro...')
#30 {main}
"} 
[2025-05-17 22:38:38] local.ERROR: Trying to get property 'content' of non-object {"exception":"[object] (ErrorException(code: 0): Trying to get property 'content' of non-object at /home/alejandro/play-work/playgroup-admin---laravel/app/Http/Controllers/Api/ApiController.php:80)
[stacktrace]
#0 /home/alejandro/play-work/playgroup-admin---laravel/app/Http/Controllers/Api/ApiController.php(80): Illuminate\\Foundation\\Bootstrap\\HandleExceptions->handleError()
#1 /home/alejandro/play-work/playgroup-admin---laravel/vendor/laravel/framework/src/Illuminate/Routing/Controller.php(54): App\\Http\\Controllers\\Api\\ApiController->qualityProcessData()
#2 /home/alejandro/play-work/playgroup-admin---laravel/vendor/laravel/framework/src/Illuminate/Routing/ControllerDispatcher.php(45): Illuminate\\Routing\\Controller->callAction()
#3 /home/alejandro/play-work/playgroup-admin---laravel/vendor/laravel/framework/src/Illuminate/Routing/Route.php(219): Illuminate\\Routing\\ControllerDispatcher->dispatch()
#4 /home/alejandro/play-work/playgroup-admin---laravel/vendor/laravel/framework/src/Illuminate/Routing/Route.php(176): Illuminate\\Routing\\Route->runController()
#5 /home/alejandro/play-work/playgroup-admin---laravel/vendor/laravel/framework/src/Illuminate/Routing/Router.php(681): Illuminate\\Routing\\Route->run()
#6 /home/alejandro/play-work/playgroup-admin---laravel/vendor/laravel/framework/src/Illuminate/Pipeline/Pipeline.php(130): Illuminate\\Routing\\Router->Illuminate\\Routing\\{closure}()
#7 /home/alejandro/play-work/playgroup-admin---laravel/vendor/laravel/framework/src/Illuminate/Routing/Middleware/SubstituteBindings.php(41): Illuminate\\Pipeline\\Pipeline->Illuminate\\Pipeline\\{closure}()
#8 /home/alejandro/play-work/playgroup-admin---laravel/vendor/laravel/framework/src/Illuminate/Pipeline/Pipeline.php(171): Illuminate\\Routing\\Middleware\\SubstituteBindings->handle()
#9 /home/alejandro/play-work/playgroup-admin---laravel/vendor/laravel/framework/src/Illuminate/Pipeline/Pipeline.php(105): Illuminate\\Pipeline\\Pipeline->Illuminate\\Pipeline\\{closure}()
#10 /home/alejandro/play-work/playgroup-admin---laravel/vendor/laravel/framework/src/Illuminate/Routing/Router.php(683): Illuminate\\Pipeline\\Pipeline->then()
#11 /home/alejandro/play-work/playgroup-admin---laravel/vendor/laravel/framework/src/Illuminate/Routing/Router.php(658): Illuminate\\Routing\\Router->runRouteWithinStack()
#12 /home/alejandro/play-work/playgroup-admin---laravel/vendor/laravel/framework/src/Illuminate/Routing/Router.php(624): Illuminate\\Routing\\Router->runRoute()
#13 /home/alejandro/play-work/playgroup-admin---laravel/vendor/laravel/framework/src/Illuminate/Routing/Router.php(613): Illuminate\\Routing\\Router->dispatchToRoute()
#14 /home/alejandro/play-work/playgroup-admin---laravel/vendor/laravel/framework/src/Illuminate/Foundation/Http/Kernel.php(170): Illuminate\\Routing\\Router->dispatch()
#15 /home/alejandro/play-work/playgroup-admin---laravel/vendor/laravel/framework/src/Illuminate/Pipeline/Pipeline.php(130): Illuminate\\Foundation\\Http\\Kernel->Illuminate\\Foundation\\Http\\{closure}()
#16 /home/alejandro/play-work/playgroup-admin---laravel/vendor/laravel/framework/src/Illuminate/Foundation/Http/Middleware/TransformsRequest.php(21): Illuminate\\Pipeline\\Pipeline->Illuminate\\Pipeline\\{closure}()
#17 /home/alejandro/play-work/playgroup-admin---laravel/vendor/laravel/framework/src/Illuminate/Pipeline/Pipeline.php(171): Illuminate\\Foundation\\Http\\Middleware\\TransformsRequest->handle()
#18 /home/alejandro/play-work/playgroup-admin---laravel/vendor/laravel/framework/src/Illuminate/Foundation/Http/Middleware/TransformsRequest.php(21): Illuminate\\Pipeline\\Pipeline->Illuminate\\Pipeline\\{closure}()
#19 /home/alejandro/play-work/playgroup-admin---laravel/vendor/laravel/framework/src/Illuminate/Pipeline/Pipeline.php(171): Illuminate\\Foundation\\Http\\Middleware\\TransformsRequest->handle()
#20 /home/alejandro/play-work/playgroup-admin---laravel/vendor/laravel/framework/src/Illuminate/Foundation/Http/Middleware/ValidatePostSize.php(27): Illuminate\\Pipeline\\Pipeline->Illuminate\\Pipeline\\{closure}()
#21 /home/alejandro/play-work/playgroup-admin---laravel/vendor/laravel/framework/src/Illuminate/Pipeline/Pipeline.php(171): Illuminate\\Foundation\\Http\\Middleware\\ValidatePostSize->handle()
#22 /home/alejandro/play-work/playgroup-admin---laravel/vendor/laravel/framework/src/Illuminate/Foundation/Http/Middleware/CheckForMaintenanceMode.php(63): Illuminate\\Pipeline\\Pipeline->Illuminate\\Pipeline\\{closure}()
#23 /home/alejandro/play-work/playgroup-admin---laravel/vendor/laravel/framework/src/Illuminate/Pipeline/Pipeline.php(171): Illuminate\\Foundation\\Http\\Middleware\\CheckForMaintenanceMode->handle()
#24 /home/alejandro/play-work/playgroup-admin---laravel/vendor/fideloper/proxy/src/TrustProxies.php(57): Illuminate\\Pipeline\\Pipeline->Illuminate\\Pipeline\\{closure}()
#25 /home/alejandro/play-work/playgroup-admin---laravel/vendor/laravel/framework/src/Illuminate/Pipeline/Pipeline.php(171): Fideloper\\Proxy\\TrustProxies->handle()
#26 /home/alejandro/play-work/playgroup-admin---laravel/vendor/laravel/framework/src/Illuminate/Pipeline/Pipeline.php(105): Illuminate\\Pipeline\\Pipeline->Illuminate\\Pipeline\\{closure}()
#27 /home/alejandro/play-work/playgroup-admin---laravel/vendor/laravel/framework/src/Illuminate/Foundation/Http/Kernel.php(145): Illuminate\\Pipeline\\Pipeline->then()
#28 /home/alejandro/play-work/playgroup-admin---laravel/vendor/laravel/framework/src/Illuminate/Foundation/Http/Kernel.php(110): Illuminate\\Foundation\\Http\\Kernel->sendRequestThroughRouter()
#29 /home/alejandro/play-work/playgroup-admin---laravel/public/index.php(55): Illuminate\\Foundation\\Http\\Kernel->handle()
#30 /home/alejandro/play-work/playgroup-admin---laravel/server.php(21): require_once('/home/alejandro...')
#31 {main}
"} 
[2025-05-17 22:38:38] local.ERROR: Call to a member function unsetRelation() on null {"exception":"[object] (Symfony\\Component\\Debug\\Exception\\FatalThrowableError(code: 0): Call to a member function unsetRelation() on null at /home/alejandro/play-work/playgroup-admin---laravel/app/Http/Controllers/Api/PageController.php:45)
[stacktrace]
#0 /home/alejandro/play-work/playgroup-admin---laravel/vendor/laravel/framework/src/Illuminate/Routing/Controller.php(54): App\\Http\\Controllers\\Api\\PageController->getPodcasts()
#1 /home/alejandro/play-work/playgroup-admin---laravel/vendor/laravel/framework/src/Illuminate/Routing/ControllerDispatcher.php(45): Illuminate\\Routing\\Controller->callAction()
#2 /home/alejandro/play-work/playgroup-admin---laravel/vendor/laravel/framework/src/Illuminate/Routing/Route.php(219): Illuminate\\Routing\\ControllerDispatcher->dispatch()
#3 /home/alejandro/play-work/playgroup-admin---laravel/vendor/laravel/framework/src/Illuminate/Routing/Route.php(176): Illuminate\\Routing\\Route->runController()
#4 /home/alejandro/play-work/playgroup-admin---laravel/vendor/laravel/framework/src/Illuminate/Routing/Router.php(681): Illuminate\\Routing\\Route->run()
#5 /home/alejandro/play-work/playgroup-admin---laravel/vendor/laravel/framework/src/Illuminate/Pipeline/Pipeline.php(130): Illuminate\\Routing\\Router->Illuminate\\Routing\\{closure}()
#6 /home/alejandro/play-work/playgroup-admin---laravel/vendor/laravel/framework/src/Illuminate/Routing/Middleware/SubstituteBindings.php(41): Illuminate\\Pipeline\\Pipeline->Illuminate\\Pipeline\\{closure}()
#7 /home/alejandro/play-work/playgroup-admin---laravel/vendor/laravel/framework/src/Illuminate/Pipeline/Pipeline.php(171): Illuminate\\Routing\\Middleware\\SubstituteBindings->handle()
#8 /home/alejandro/play-work/playgroup-admin---laravel/vendor/laravel/framework/src/Illuminate/Pipeline/Pipeline.php(105): Illuminate\\Pipeline\\Pipeline->Illuminate\\Pipeline\\{closure}()
#9 /home/alejandro/play-work/playgroup-admin---laravel/vendor/laravel/framework/src/Illuminate/Routing/Router.php(683): Illuminate\\Pipeline\\Pipeline->then()
#10 /home/alejandro/play-work/playgroup-admin---laravel/vendor/laravel/framework/src/Illuminate/Routing/Router.php(658): Illuminate\\Routing\\Router->runRouteWithinStack()
#11 /home/alejandro/play-work/playgroup-admin---laravel/vendor/laravel/framework/src/Illuminate/Routing/Router.php(624): Illuminate\\Routing\\Router->runRoute()
#12 /home/alejandro/play-work/playgroup-admin---laravel/vendor/laravel/framework/src/Illuminate/Routing/Router.php(613): Illuminate\\Routing\\Router->dispatchToRoute()
#13 /home/alejandro/play-work/playgroup-admin---laravel/vendor/laravel/framework/src/Illuminate/Foundation/Http/Kernel.php(170): Illuminate\\Routing\\Router->dispatch()
#14 /home/alejandro/play-work/playgroup-admin---laravel/vendor/laravel/framework/src/Illuminate/Pipeline/Pipeline.php(130): Illuminate\\Foundation\\Http\\Kernel->Illuminate\\Foundation\\Http\\{closure}()
#15 /home/alejandro/play-work/playgroup-admin---laravel/vendor/laravel/framework/src/Illuminate/Foundation/Http/Middleware/TransformsRequest.php(21): Illuminate\\Pipeline\\Pipeline->Illuminate\\Pipeline\\{closure}()
#16 /home/alejandro/play-work/playgroup-admin---laravel/vendor/laravel/framework/src/Illuminate/Pipeline/Pipeline.php(171): Illuminate\\Foundation\\Http\\Middleware\\TransformsRequest->handle()
#17 /home/alejandro/play-work/playgroup-admin---laravel/vendor/laravel/framework/src/Illuminate/Foundation/Http/Middleware/TransformsRequest.php(21): Illuminate\\Pipeline\\Pipeline->Illuminate\\Pipeline\\{closure}()
#18 /home/alejandro/play-work/playgroup-admin---laravel/vendor/laravel/framework/src/Illuminate/Pipeline/Pipeline.php(171): Illuminate\\Foundation\\Http\\Middleware\\TransformsRequest->handle()
#19 /home/alejandro/play-work/playgroup-admin---laravel/vendor/laravel/framework/src/Illuminate/Foundation/Http/Middleware/ValidatePostSize.php(27): Illuminate\\Pipeline\\Pipeline->Illuminate\\Pipeline\\{closure}()
#20 /home/alejandro/play-work/playgroup-admin---laravel/vendor/laravel/framework/src/Illuminate/Pipeline/Pipeline.php(171): Illuminate\\Foundation\\Http\\Middleware\\ValidatePostSize->handle()
#21 /home/alejandro/play-work/playgroup-admin---laravel/vendor/laravel/framework/src/Illuminate/Foundation/Http/Middleware/CheckForMaintenanceMode.php(63): Illuminate\\Pipeline\\Pipeline->Illuminate\\Pipeline\\{closure}()
#22 /home/alejandro/play-work/playgroup-admin---laravel/vendor/laravel/framework/src/Illuminate/Pipeline/Pipeline.php(171): Illuminate\\Foundation\\Http\\Middleware\\CheckForMaintenanceMode->handle()
#23 /home/alejandro/play-work/playgroup-admin---laravel/vendor/fideloper/proxy/src/TrustProxies.php(57): Illuminate\\Pipeline\\Pipeline->Illuminate\\Pipeline\\{closure}()
#24 /home/alejandro/play-work/playgroup-admin---laravel/vendor/laravel/framework/src/Illuminate/Pipeline/Pipeline.php(171): Fideloper\\Proxy\\TrustProxies->handle()
#25 /home/alejandro/play-work/playgroup-admin---laravel/vendor/laravel/framework/src/Illuminate/Pipeline/Pipeline.php(105): Illuminate\\Pipeline\\Pipeline->Illuminate\\Pipeline\\{closure}()
#26 /home/alejandro/play-work/playgroup-admin---laravel/vendor/laravel/framework/src/Illuminate/Foundation/Http/Kernel.php(145): Illuminate\\Pipeline\\Pipeline->then()
#27 /home/alejandro/play-work/playgroup-admin---laravel/vendor/laravel/framework/src/Illuminate/Foundation/Http/Kernel.php(110): Illuminate\\Foundation\\Http\\Kernel->sendRequestThroughRouter()
#28 /home/alejandro/play-work/playgroup-admin---laravel/public/index.php(55): Illuminate\\Foundation\\Http\\Kernel->handle()
#29 /home/alejandro/play-work/playgroup-admin---laravel/server.php(21): require_once('/home/alejandro...')
#30 {main}
"} 
[2025-05-17 22:38:38] local.ERROR: Trying to get property 'content' of non-object {"exception":"[object] (ErrorException(code: 0): Trying to get property 'content' of non-object at /home/alejandro/play-work/playgroup-admin---laravel/app/Http/Controllers/Api/ApiController.php:80)
[stacktrace]
#0 /home/alejandro/play-work/playgroup-admin---laravel/app/Http/Controllers/Api/ApiController.php(80): Illuminate\\Foundation\\Bootstrap\\HandleExceptions->handleError()
#1 /home/alejandro/play-work/playgroup-admin---laravel/vendor/laravel/framework/src/Illuminate/Routing/Controller.php(54): App\\Http\\Controllers\\Api\\ApiController->qualityProcessData()
#2 /home/alejandro/play-work/playgroup-admin---laravel/vendor/laravel/framework/src/Illuminate/Routing/ControllerDispatcher.php(45): Illuminate\\Routing\\Controller->callAction()
#3 /home/alejandro/play-work/playgroup-admin---laravel/vendor/laravel/framework/src/Illuminate/Routing/Route.php(219): Illuminate\\Routing\\ControllerDispatcher->dispatch()
#4 /home/alejandro/play-work/playgroup-admin---laravel/vendor/laravel/framework/src/Illuminate/Routing/Route.php(176): Illuminate\\Routing\\Route->runController()
#5 /home/alejandro/play-work/playgroup-admin---laravel/vendor/laravel/framework/src/Illuminate/Routing/Router.php(681): Illuminate\\Routing\\Route->run()
#6 /home/alejandro/play-work/playgroup-admin---laravel/vendor/laravel/framework/src/Illuminate/Pipeline/Pipeline.php(130): Illuminate\\Routing\\Router->Illuminate\\Routing\\{closure}()
#7 /home/alejandro/play-work/playgroup-admin---laravel/vendor/laravel/framework/src/Illuminate/Routing/Middleware/SubstituteBindings.php(41): Illuminate\\Pipeline\\Pipeline->Illuminate\\Pipeline\\{closure}()
#8 /home/alejandro/play-work/playgroup-admin---laravel/vendor/laravel/framework/src/Illuminate/Pipeline/Pipeline.php(171): Illuminate\\Routing\\Middleware\\SubstituteBindings->handle()
#9 /home/alejandro/play-work/playgroup-admin---laravel/vendor/laravel/framework/src/Illuminate/Pipeline/Pipeline.php(105): Illuminate\\Pipeline\\Pipeline->Illuminate\\Pipeline\\{closure}()
#10 /home/alejandro/play-work/playgroup-admin---laravel/vendor/laravel/framework/src/Illuminate/Routing/Router.php(683): Illuminate\\Pipeline\\Pipeline->then()
#11 /home/alejandro/play-work/playgroup-admin---laravel/vendor/laravel/framework/src/Illuminate/Routing/Router.php(658): Illuminate\\Routing\\Router->runRouteWithinStack()
#12 /home/alejandro/play-work/playgroup-admin---laravel/vendor/laravel/framework/src/Illuminate/Routing/Router.php(624): Illuminate\\Routing\\Router->runRoute()
#13 /home/alejandro/play-work/playgroup-admin---laravel/vendor/laravel/framework/src/Illuminate/Routing/Router.php(613): Illuminate\\Routing\\Router->dispatchToRoute()
#14 /home/alejandro/play-work/playgroup-admin---laravel/vendor/laravel/framework/src/Illuminate/Foundation/Http/Kernel.php(170): Illuminate\\Routing\\Router->dispatch()
#15 /home/alejandro/play-work/playgroup-admin---laravel/vendor/laravel/framework/src/Illuminate/Pipeline/Pipeline.php(130): Illuminate\\Foundation\\Http\\Kernel->Illuminate\\Foundation\\Http\\{closure}()
#16 /home/alejandro/play-work/playgroup-admin---laravel/vendor/laravel/framework/src/Illuminate/Foundation/Http/Middleware/TransformsRequest.php(21): Illuminate\\Pipeline\\Pipeline->Illuminate\\Pipeline\\{closure}()
#17 /home/alejandro/play-work/playgroup-admin---laravel/vendor/laravel/framework/src/Illuminate/Pipeline/Pipeline.php(171): Illuminate\\Foundation\\Http\\Middleware\\TransformsRequest->handle()
#18 /home/alejandro/play-work/playgroup-admin---laravel/vendor/laravel/framework/src/Illuminate/Foundation/Http/Middleware/TransformsRequest.php(21): Illuminate\\Pipeline\\Pipeline->Illuminate\\Pipeline\\{closure}()
#19 /home/alejandro/play-work/playgroup-admin---laravel/vendor/laravel/framework/src/Illuminate/Pipeline/Pipeline.php(171): Illuminate\\Foundation\\Http\\Middleware\\TransformsRequest->handle()
#20 /home/alejandro/play-work/playgroup-admin---laravel/vendor/laravel/framework/src/Illuminate/Foundation/Http/Middleware/ValidatePostSize.php(27): Illuminate\\Pipeline\\Pipeline->Illuminate\\Pipeline\\{closure}()
#21 /home/alejandro/play-work/playgroup-admin---laravel/vendor/laravel/framework/src/Illuminate/Pipeline/Pipeline.php(171): Illuminate\\Foundation\\Http\\Middleware\\ValidatePostSize->handle()
#22 /home/alejandro/play-work/playgroup-admin---laravel/vendor/laravel/framework/src/Illuminate/Foundation/Http/Middleware/CheckForMaintenanceMode.php(63): Illuminate\\Pipeline\\Pipeline->Illuminate\\Pipeline\\{closure}()
#23 /home/alejandro/play-work/playgroup-admin---laravel/vendor/laravel/framework/src/Illuminate/Pipeline/Pipeline.php(171): Illuminate\\Foundation\\Http\\Middleware\\CheckForMaintenanceMode->handle()
#24 /home/alejandro/play-work/playgroup-admin---laravel/vendor/fideloper/proxy/src/TrustProxies.php(57): Illuminate\\Pipeline\\Pipeline->Illuminate\\Pipeline\\{closure}()
#25 /home/alejandro/play-work/playgroup-admin---laravel/vendor/laravel/framework/src/Illuminate/Pipeline/Pipeline.php(171): Fideloper\\Proxy\\TrustProxies->handle()
#26 /home/alejandro/play-work/playgroup-admin---laravel/vendor/laravel/framework/src/Illuminate/Pipeline/Pipeline.php(105): Illuminate\\Pipeline\\Pipeline->Illuminate\\Pipeline\\{closure}()
#27 /home/alejandro/play-work/playgroup-admin---laravel/vendor/laravel/framework/src/Illuminate/Foundation/Http/Kernel.php(145): Illuminate\\Pipeline\\Pipeline->then()
#28 /home/alejandro/play-work/playgroup-admin---laravel/vendor/laravel/framework/src/Illuminate/Foundation/Http/Kernel.php(110): Illuminate\\Foundation\\Http\\Kernel->sendRequestThroughRouter()
#29 /home/alejandro/play-work/playgroup-admin---laravel/public/index.php(55): Illuminate\\Foundation\\Http\\Kernel->handle()
#30 /home/alejandro/play-work/playgroup-admin---laravel/server.php(21): require_once('/home/alejandro...')
#31 {main}
"} 
[2025-05-17 22:38:39] local.ERROR: Call to a member function unsetRelation() on null {"exception":"[object] (Symfony\\Component\\Debug\\Exception\\FatalThrowableError(code: 0): Call to a member function unsetRelation() on null at /home/alejandro/play-work/playgroup-admin---laravel/app/Http/Controllers/Api/PageController.php:45)
[stacktrace]
#0 /home/alejandro/play-work/playgroup-admin---laravel/vendor/laravel/framework/src/Illuminate/Routing/Controller.php(54): App\\Http\\Controllers\\Api\\PageController->getPodcasts()
#1 /home/alejandro/play-work/playgroup-admin---laravel/vendor/laravel/framework/src/Illuminate/Routing/ControllerDispatcher.php(45): Illuminate\\Routing\\Controller->callAction()
#2 /home/alejandro/play-work/playgroup-admin---laravel/vendor/laravel/framework/src/Illuminate/Routing/Route.php(219): Illuminate\\Routing\\ControllerDispatcher->dispatch()
#3 /home/alejandro/play-work/playgroup-admin---laravel/vendor/laravel/framework/src/Illuminate/Routing/Route.php(176): Illuminate\\Routing\\Route->runController()
#4 /home/alejandro/play-work/playgroup-admin---laravel/vendor/laravel/framework/src/Illuminate/Routing/Router.php(681): Illuminate\\Routing\\Route->run()
#5 /home/alejandro/play-work/playgroup-admin---laravel/vendor/laravel/framework/src/Illuminate/Pipeline/Pipeline.php(130): Illuminate\\Routing\\Router->Illuminate\\Routing\\{closure}()
#6 /home/alejandro/play-work/playgroup-admin---laravel/vendor/laravel/framework/src/Illuminate/Routing/Middleware/SubstituteBindings.php(41): Illuminate\\Pipeline\\Pipeline->Illuminate\\Pipeline\\{closure}()
#7 /home/alejandro/play-work/playgroup-admin---laravel/vendor/laravel/framework/src/Illuminate/Pipeline/Pipeline.php(171): Illuminate\\Routing\\Middleware\\SubstituteBindings->handle()
#8 /home/alejandro/play-work/playgroup-admin---laravel/vendor/laravel/framework/src/Illuminate/Pipeline/Pipeline.php(105): Illuminate\\Pipeline\\Pipeline->Illuminate\\Pipeline\\{closure}()
#9 /home/alejandro/play-work/playgroup-admin---laravel/vendor/laravel/framework/src/Illuminate/Routing/Router.php(683): Illuminate\\Pipeline\\Pipeline->then()
#10 /home/alejandro/play-work/playgroup-admin---laravel/vendor/laravel/framework/src/Illuminate/Routing/Router.php(658): Illuminate\\Routing\\Router->runRouteWithinStack()
#11 /home/alejandro/play-work/playgroup-admin---laravel/vendor/laravel/framework/src/Illuminate/Routing/Router.php(624): Illuminate\\Routing\\Router->runRoute()
#12 /home/alejandro/play-work/playgroup-admin---laravel/vendor/laravel/framework/src/Illuminate/Routing/Router.php(613): Illuminate\\Routing\\Router->dispatchToRoute()
#13 /home/alejandro/play-work/playgroup-admin---laravel/vendor/laravel/framework/src/Illuminate/Foundation/Http/Kernel.php(170): Illuminate\\Routing\\Router->dispatch()
#14 /home/alejandro/play-work/playgroup-admin---laravel/vendor/laravel/framework/src/Illuminate/Pipeline/Pipeline.php(130): Illuminate\\Foundation\\Http\\Kernel->Illuminate\\Foundation\\Http\\{closure}()
#15 /home/alejandro/play-work/playgroup-admin---laravel/vendor/laravel/framework/src/Illuminate/Foundation/Http/Middleware/TransformsRequest.php(21): Illuminate\\Pipeline\\Pipeline->Illuminate\\Pipeline\\{closure}()
#16 /home/alejandro/play-work/playgroup-admin---laravel/vendor/laravel/framework/src/Illuminate/Pipeline/Pipeline.php(171): Illuminate\\Foundation\\Http\\Middleware\\TransformsRequest->handle()
#17 /home/alejandro/play-work/playgroup-admin---laravel/vendor/laravel/framework/src/Illuminate/Foundation/Http/Middleware/TransformsRequest.php(21): Illuminate\\Pipeline\\Pipeline->Illuminate\\Pipeline\\{closure}()
#18 /home/alejandro/play-work/playgroup-admin---laravel/vendor/laravel/framework/src/Illuminate/Pipeline/Pipeline.php(171): Illuminate\\Foundation\\Http\\Middleware\\TransformsRequest->handle()
#19 /home/alejandro/play-work/playgroup-admin---laravel/vendor/laravel/framework/src/Illuminate/Foundation/Http/Middleware/ValidatePostSize.php(27): Illuminate\\Pipeline\\Pipeline->Illuminate\\Pipeline\\{closure}()
#20 /home/alejandro/play-work/playgroup-admin---laravel/vendor/laravel/framework/src/Illuminate/Pipeline/Pipeline.php(171): Illuminate\\Foundation\\Http\\Middleware\\ValidatePostSize->handle()
#21 /home/alejandro/play-work/playgroup-admin---laravel/vendor/laravel/framework/src/Illuminate/Foundation/Http/Middleware/CheckForMaintenanceMode.php(63): Illuminate\\Pipeline\\Pipeline->Illuminate\\Pipeline\\{closure}()
#22 /home/alejandro/play-work/playgroup-admin---laravel/vendor/laravel/framework/src/Illuminate/Pipeline/Pipeline.php(171): Illuminate\\Foundation\\Http\\Middleware\\CheckForMaintenanceMode->handle()
#23 /home/alejandro/play-work/playgroup-admin---laravel/vendor/fideloper/proxy/src/TrustProxies.php(57): Illuminate\\Pipeline\\Pipeline->Illuminate\\Pipeline\\{closure}()
#24 /home/alejandro/play-work/playgroup-admin---laravel/vendor/laravel/framework/src/Illuminate/Pipeline/Pipeline.php(171): Fideloper\\Proxy\\TrustProxies->handle()
#25 /home/alejandro/play-work/playgroup-admin---laravel/vendor/laravel/framework/src/Illuminate/Pipeline/Pipeline.php(105): Illuminate\\Pipeline\\Pipeline->Illuminate\\Pipeline\\{closure}()
#26 /home/alejandro/play-work/playgroup-admin---laravel/vendor/laravel/framework/src/Illuminate/Foundation/Http/Kernel.php(145): Illuminate\\Pipeline\\Pipeline->then()
#27 /home/alejandro/play-work/playgroup-admin---laravel/vendor/laravel/framework/src/Illuminate/Foundation/Http/Kernel.php(110): Illuminate\\Foundation\\Http\\Kernel->sendRequestThroughRouter()
#28 /home/alejandro/play-work/playgroup-admin---laravel/public/index.php(55): Illuminate\\Foundation\\Http\\Kernel->handle()
#29 /home/alejandro/play-work/playgroup-admin---laravel/server.php(21): require_once('/home/alejandro...')
#30 {main}
"} 
[2025-05-17 22:38:39] local.ERROR: Trying to get property 'content' of non-object {"exception":"[object] (ErrorException(code: 0): Trying to get property 'content' of non-object at /home/alejandro/play-work/playgroup-admin---laravel/app/Http/Controllers/Api/ApiController.php:80)
[stacktrace]
#0 /home/alejandro/play-work/playgroup-admin---laravel/app/Http/Controllers/Api/ApiController.php(80): Illuminate\\Foundation\\Bootstrap\\HandleExceptions->handleError()
#1 /home/alejandro/play-work/playgroup-admin---laravel/vendor/laravel/framework/src/Illuminate/Routing/Controller.php(54): App\\Http\\Controllers\\Api\\ApiController->qualityProcessData()
#2 /home/alejandro/play-work/playgroup-admin---laravel/vendor/laravel/framework/src/Illuminate/Routing/ControllerDispatcher.php(45): Illuminate\\Routing\\Controller->callAction()
#3 /home/alejandro/play-work/playgroup-admin---laravel/vendor/laravel/framework/src/Illuminate/Routing/Route.php(219): Illuminate\\Routing\\ControllerDispatcher->dispatch()
#4 /home/alejandro/play-work/playgroup-admin---laravel/vendor/laravel/framework/src/Illuminate/Routing/Route.php(176): Illuminate\\Routing\\Route->runController()
#5 /home/alejandro/play-work/playgroup-admin---laravel/vendor/laravel/framework/src/Illuminate/Routing/Router.php(681): Illuminate\\Routing\\Route->run()
#6 /home/alejandro/play-work/playgroup-admin---laravel/vendor/laravel/framework/src/Illuminate/Pipeline/Pipeline.php(130): Illuminate\\Routing\\Router->Illuminate\\Routing\\{closure}()
#7 /home/alejandro/play-work/playgroup-admin---laravel/vendor/laravel/framework/src/Illuminate/Routing/Middleware/SubstituteBindings.php(41): Illuminate\\Pipeline\\Pipeline->Illuminate\\Pipeline\\{closure}()
#8 /home/alejandro/play-work/playgroup-admin---laravel/vendor/laravel/framework/src/Illuminate/Pipeline/Pipeline.php(171): Illuminate\\Routing\\Middleware\\SubstituteBindings->handle()
#9 /home/alejandro/play-work/playgroup-admin---laravel/vendor/laravel/framework/src/Illuminate/Pipeline/Pipeline.php(105): Illuminate\\Pipeline\\Pipeline->Illuminate\\Pipeline\\{closure}()
#10 /home/alejandro/play-work/playgroup-admin---laravel/vendor/laravel/framework/src/Illuminate/Routing/Router.php(683): Illuminate\\Pipeline\\Pipeline->then()
#11 /home/alejandro/play-work/playgroup-admin---laravel/vendor/laravel/framework/src/Illuminate/Routing/Router.php(658): Illuminate\\Routing\\Router->runRouteWithinStack()
#12 /home/alejandro/play-work/playgroup-admin---laravel/vendor/laravel/framework/src/Illuminate/Routing/Router.php(624): Illuminate\\Routing\\Router->runRoute()
#13 /home/alejandro/play-work/playgroup-admin---laravel/vendor/laravel/framework/src/Illuminate/Routing/Router.php(613): Illuminate\\Routing\\Router->dispatchToRoute()
#14 /home/alejandro/play-work/playgroup-admin---laravel/vendor/laravel/framework/src/Illuminate/Foundation/Http/Kernel.php(170): Illuminate\\Routing\\Router->dispatch()
#15 /home/alejandro/play-work/playgroup-admin---laravel/vendor/laravel/framework/src/Illuminate/Pipeline/Pipeline.php(130): Illuminate\\Foundation\\Http\\Kernel->Illuminate\\Foundation\\Http\\{closure}()
#16 /home/alejandro/play-work/playgroup-admin---laravel/vendor/laravel/framework/src/Illuminate/Foundation/Http/Middleware/TransformsRequest.php(21): Illuminate\\Pipeline\\Pipeline->Illuminate\\Pipeline\\{closure}()
#17 /home/alejandro/play-work/playgroup-admin---laravel/vendor/laravel/framework/src/Illuminate/Pipeline/Pipeline.php(171): Illuminate\\Foundation\\Http\\Middleware\\TransformsRequest->handle()
#18 /home/alejandro/play-work/playgroup-admin---laravel/vendor/laravel/framework/src/Illuminate/Foundation/Http/Middleware/TransformsRequest.php(21): Illuminate\\Pipeline\\Pipeline->Illuminate\\Pipeline\\{closure}()
#19 /home/alejandro/play-work/playgroup-admin---laravel/vendor/laravel/framework/src/Illuminate/Pipeline/Pipeline.php(171): Illuminate\\Foundation\\Http\\Middleware\\TransformsRequest->handle()
#20 /home/alejandro/play-work/playgroup-admin---laravel/vendor/laravel/framework/src/Illuminate/Foundation/Http/Middleware/ValidatePostSize.php(27): Illuminate\\Pipeline\\Pipeline->Illuminate\\Pipeline\\{closure}()
#21 /home/alejandro/play-work/playgroup-admin---laravel/vendor/laravel/framework/src/Illuminate/Pipeline/Pipeline.php(171): Illuminate\\Foundation\\Http\\Middleware\\ValidatePostSize->handle()
#22 /home/alejandro/play-work/playgroup-admin---laravel/vendor/laravel/framework/src/Illuminate/Foundation/Http/Middleware/CheckForMaintenanceMode.php(63): Illuminate\\Pipeline\\Pipeline->Illuminate\\Pipeline\\{closure}()
#23 /home/alejandro/play-work/playgroup-admin---laravel/vendor/laravel/framework/src/Illuminate/Pipeline/Pipeline.php(171): Illuminate\\Foundation\\Http\\Middleware\\CheckForMaintenanceMode->handle()
#24 /home/alejandro/play-work/playgroup-admin---laravel/vendor/fideloper/proxy/src/TrustProxies.php(57): Illuminate\\Pipeline\\Pipeline->Illuminate\\Pipeline\\{closure}()
#25 /home/alejandro/play-work/playgroup-admin---laravel/vendor/laravel/framework/src/Illuminate/Pipeline/Pipeline.php(171): Fideloper\\Proxy\\TrustProxies->handle()
#26 /home/alejandro/play-work/playgroup-admin---laravel/vendor/laravel/framework/src/Illuminate/Pipeline/Pipeline.php(105): Illuminate\\Pipeline\\Pipeline->Illuminate\\Pipeline\\{closure}()
#27 /home/alejandro/play-work/playgroup-admin---laravel/vendor/laravel/framework/src/Illuminate/Foundation/Http/Kernel.php(145): Illuminate\\Pipeline\\Pipeline->then()
#28 /home/alejandro/play-work/playgroup-admin---laravel/vendor/laravel/framework/src/Illuminate/Foundation/Http/Kernel.php(110): Illuminate\\Foundation\\Http\\Kernel->sendRequestThroughRouter()
#29 /home/alejandro/play-work/playgroup-admin---laravel/public/index.php(55): Illuminate\\Foundation\\Http\\Kernel->handle()
#30 /home/alejandro/play-work/playgroup-admin---laravel/server.php(21): require_once('/home/alejandro...')
#31 {main}
"} 
[2025-05-17 22:38:39] local.ERROR: Call to a member function unsetRelation() on null {"exception":"[object] (Symfony\\Component\\Debug\\Exception\\FatalThrowableError(code: 0): Call to a member function unsetRelation() on null at /home/alejandro/play-work/playgroup-admin---laravel/app/Http/Controllers/Api/PageController.php:45)
[stacktrace]
#0 /home/alejandro/play-work/playgroup-admin---laravel/vendor/laravel/framework/src/Illuminate/Routing/Controller.php(54): App\\Http\\Controllers\\Api\\PageController->getPodcasts()
#1 /home/alejandro/play-work/playgroup-admin---laravel/vendor/laravel/framework/src/Illuminate/Routing/ControllerDispatcher.php(45): Illuminate\\Routing\\Controller->callAction()
#2 /home/alejandro/play-work/playgroup-admin---laravel/vendor/laravel/framework/src/Illuminate/Routing/Route.php(219): Illuminate\\Routing\\ControllerDispatcher->dispatch()
#3 /home/alejandro/play-work/playgroup-admin---laravel/vendor/laravel/framework/src/Illuminate/Routing/Route.php(176): Illuminate\\Routing\\Route->runController()
#4 /home/alejandro/play-work/playgroup-admin---laravel/vendor/laravel/framework/src/Illuminate/Routing/Router.php(681): Illuminate\\Routing\\Route->run()
#5 /home/alejandro/play-work/playgroup-admin---laravel/vendor/laravel/framework/src/Illuminate/Pipeline/Pipeline.php(130): Illuminate\\Routing\\Router->Illuminate\\Routing\\{closure}()
#6 /home/alejandro/play-work/playgroup-admin---laravel/vendor/laravel/framework/src/Illuminate/Routing/Middleware/SubstituteBindings.php(41): Illuminate\\Pipeline\\Pipeline->Illuminate\\Pipeline\\{closure}()
#7 /home/alejandro/play-work/playgroup-admin---laravel/vendor/laravel/framework/src/Illuminate/Pipeline/Pipeline.php(171): Illuminate\\Routing\\Middleware\\SubstituteBindings->handle()
#8 /home/alejandro/play-work/playgroup-admin---laravel/vendor/laravel/framework/src/Illuminate/Pipeline/Pipeline.php(105): Illuminate\\Pipeline\\Pipeline->Illuminate\\Pipeline\\{closure}()
#9 /home/alejandro/play-work/playgroup-admin---laravel/vendor/laravel/framework/src/Illuminate/Routing/Router.php(683): Illuminate\\Pipeline\\Pipeline->then()
#10 /home/alejandro/play-work/playgroup-admin---laravel/vendor/laravel/framework/src/Illuminate/Routing/Router.php(658): Illuminate\\Routing\\Router->runRouteWithinStack()
#11 /home/alejandro/play-work/playgroup-admin---laravel/vendor/laravel/framework/src/Illuminate/Routing/Router.php(624): Illuminate\\Routing\\Router->runRoute()
#12 /home/alejandro/play-work/playgroup-admin---laravel/vendor/laravel/framework/src/Illuminate/Routing/Router.php(613): Illuminate\\Routing\\Router->dispatchToRoute()
#13 /home/alejandro/play-work/playgroup-admin---laravel/vendor/laravel/framework/src/Illuminate/Foundation/Http/Kernel.php(170): Illuminate\\Routing\\Router->dispatch()
#14 /home/alejandro/play-work/playgroup-admin---laravel/vendor/laravel/framework/src/Illuminate/Pipeline/Pipeline.php(130): Illuminate\\Foundation\\Http\\Kernel->Illuminate\\Foundation\\Http\\{closure}()
#15 /home/alejandro/play-work/playgroup-admin---laravel/vendor/laravel/framework/src/Illuminate/Foundation/Http/Middleware/TransformsRequest.php(21): Illuminate\\Pipeline\\Pipeline->Illuminate\\Pipeline\\{closure}()
#16 /home/alejandro/play-work/playgroup-admin---laravel/vendor/laravel/framework/src/Illuminate/Pipeline/Pipeline.php(171): Illuminate\\Foundation\\Http\\Middleware\\TransformsRequest->handle()
#17 /home/alejandro/play-work/playgroup-admin---laravel/vendor/laravel/framework/src/Illuminate/Foundation/Http/Middleware/TransformsRequest.php(21): Illuminate\\Pipeline\\Pipeline->Illuminate\\Pipeline\\{closure}()
#18 /home/alejandro/play-work/playgroup-admin---laravel/vendor/laravel/framework/src/Illuminate/Pipeline/Pipeline.php(171): Illuminate\\Foundation\\Http\\Middleware\\TransformsRequest->handle()
#19 /home/alejandro/play-work/playgroup-admin---laravel/vendor/laravel/framework/src/Illuminate/Foundation/Http/Middleware/ValidatePostSize.php(27): Illuminate\\Pipeline\\Pipeline->Illuminate\\Pipeline\\{closure}()
#20 /home/alejandro/play-work/playgroup-admin---laravel/vendor/laravel/framework/src/Illuminate/Pipeline/Pipeline.php(171): Illuminate\\Foundation\\Http\\Middleware\\ValidatePostSize->handle()
#21 /home/alejandro/play-work/playgroup-admin---laravel/vendor/laravel/framework/src/Illuminate/Foundation/Http/Middleware/CheckForMaintenanceMode.php(63): Illuminate\\Pipeline\\Pipeline->Illuminate\\Pipeline\\{closure}()
#22 /home/alejandro/play-work/playgroup-admin---laravel/vendor/laravel/framework/src/Illuminate/Pipeline/Pipeline.php(171): Illuminate\\Foundation\\Http\\Middleware\\CheckForMaintenanceMode->handle()
#23 /home/alejandro/play-work/playgroup-admin---laravel/vendor/fideloper/proxy/src/TrustProxies.php(57): Illuminate\\Pipeline\\Pipeline->Illuminate\\Pipeline\\{closure}()
#24 /home/alejandro/play-work/playgroup-admin---laravel/vendor/laravel/framework/src/Illuminate/Pipeline/Pipeline.php(171): Fideloper\\Proxy\\TrustProxies->handle()
#25 /home/alejandro/play-work/playgroup-admin---laravel/vendor/laravel/framework/src/Illuminate/Pipeline/Pipeline.php(105): Illuminate\\Pipeline\\Pipeline->Illuminate\\Pipeline\\{closure}()
#26 /home/alejandro/play-work/playgroup-admin---laravel/vendor/laravel/framework/src/Illuminate/Foundation/Http/Kernel.php(145): Illuminate\\Pipeline\\Pipeline->then()
#27 /home/alejandro/play-work/playgroup-admin---laravel/vendor/laravel/framework/src/Illuminate/Foundation/Http/Kernel.php(110): Illuminate\\Foundation\\Http\\Kernel->sendRequestThroughRouter()
#28 /home/alejandro/play-work/playgroup-admin---laravel/public/index.php(55): Illuminate\\Foundation\\Http\\Kernel->handle()
#29 /home/alejandro/play-work/playgroup-admin---laravel/server.php(21): require_once('/home/alejandro...')
#30 {main}
"} 
[2025-05-17 22:38:39] local.ERROR: Trying to get property 'content' of non-object {"exception":"[object] (ErrorException(code: 0): Trying to get property 'content' of non-object at /home/alejandro/play-work/playgroup-admin---laravel/app/Http/Controllers/Api/ApiController.php:80)
[stacktrace]
#0 /home/alejandro/play-work/playgroup-admin---laravel/app/Http/Controllers/Api/ApiController.php(80): Illuminate\\Foundation\\Bootstrap\\HandleExceptions->handleError()
#1 /home/alejandro/play-work/playgroup-admin---laravel/vendor/laravel/framework/src/Illuminate/Routing/Controller.php(54): App\\Http\\Controllers\\Api\\ApiController->qualityProcessData()
#2 /home/alejandro/play-work/playgroup-admin---laravel/vendor/laravel/framework/src/Illuminate/Routing/ControllerDispatcher.php(45): Illuminate\\Routing\\Controller->callAction()
#3 /home/alejandro/play-work/playgroup-admin---laravel/vendor/laravel/framework/src/Illuminate/Routing/Route.php(219): Illuminate\\Routing\\ControllerDispatcher->dispatch()
#4 /home/alejandro/play-work/playgroup-admin---laravel/vendor/laravel/framework/src/Illuminate/Routing/Route.php(176): Illuminate\\Routing\\Route->runController()
#5 /home/alejandro/play-work/playgroup-admin---laravel/vendor/laravel/framework/src/Illuminate/Routing/Router.php(681): Illuminate\\Routing\\Route->run()
#6 /home/alejandro/play-work/playgroup-admin---laravel/vendor/laravel/framework/src/Illuminate/Pipeline/Pipeline.php(130): Illuminate\\Routing\\Router->Illuminate\\Routing\\{closure}()
#7 /home/alejandro/play-work/playgroup-admin---laravel/vendor/laravel/framework/src/Illuminate/Routing/Middleware/SubstituteBindings.php(41): Illuminate\\Pipeline\\Pipeline->Illuminate\\Pipeline\\{closure}()
#8 /home/alejandro/play-work/playgroup-admin---laravel/vendor/laravel/framework/src/Illuminate/Pipeline/Pipeline.php(171): Illuminate\\Routing\\Middleware\\SubstituteBindings->handle()
#9 /home/alejandro/play-work/playgroup-admin---laravel/vendor/laravel/framework/src/Illuminate/Pipeline/Pipeline.php(105): Illuminate\\Pipeline\\Pipeline->Illuminate\\Pipeline\\{closure}()
#10 /home/alejandro/play-work/playgroup-admin---laravel/vendor/laravel/framework/src/Illuminate/Routing/Router.php(683): Illuminate\\Pipeline\\Pipeline->then()
#11 /home/alejandro/play-work/playgroup-admin---laravel/vendor/laravel/framework/src/Illuminate/Routing/Router.php(658): Illuminate\\Routing\\Router->runRouteWithinStack()
#12 /home/alejandro/play-work/playgroup-admin---laravel/vendor/laravel/framework/src/Illuminate/Routing/Router.php(624): Illuminate\\Routing\\Router->runRoute()
#13 /home/alejandro/play-work/playgroup-admin---laravel/vendor/laravel/framework/src/Illuminate/Routing/Router.php(613): Illuminate\\Routing\\Router->dispatchToRoute()
#14 /home/alejandro/play-work/playgroup-admin---laravel/vendor/laravel/framework/src/Illuminate/Foundation/Http/Kernel.php(170): Illuminate\\Routing\\Router->dispatch()
#15 /home/alejandro/play-work/playgroup-admin---laravel/vendor/laravel/framework/src/Illuminate/Pipeline/Pipeline.php(130): Illuminate\\Foundation\\Http\\Kernel->Illuminate\\Foundation\\Http\\{closure}()
#16 /home/alejandro/play-work/playgroup-admin---laravel/vendor/laravel/framework/src/Illuminate/Foundation/Http/Middleware/TransformsRequest.php(21): Illuminate\\Pipeline\\Pipeline->Illuminate\\Pipeline\\{closure}()
#17 /home/alejandro/play-work/playgroup-admin---laravel/vendor/laravel/framework/src/Illuminate/Pipeline/Pipeline.php(171): Illuminate\\Foundation\\Http\\Middleware\\TransformsRequest->handle()
#18 /home/alejandro/play-work/playgroup-admin---laravel/vendor/laravel/framework/src/Illuminate/Foundation/Http/Middleware/TransformsRequest.php(21): Illuminate\\Pipeline\\Pipeline->Illuminate\\Pipeline\\{closure}()
#19 /home/alejandro/play-work/playgroup-admin---laravel/vendor/laravel/framework/src/Illuminate/Pipeline/Pipeline.php(171): Illuminate\\Foundation\\Http\\Middleware\\TransformsRequest->handle()
#20 /home/alejandro/play-work/playgroup-admin---laravel/vendor/laravel/framework/src/Illuminate/Foundation/Http/Middleware/ValidatePostSize.php(27): Illuminate\\Pipeline\\Pipeline->Illuminate\\Pipeline\\{closure}()
#21 /home/alejandro/play-work/playgroup-admin---laravel/vendor/laravel/framework/src/Illuminate/Pipeline/Pipeline.php(171): Illuminate\\Foundation\\Http\\Middleware\\ValidatePostSize->handle()
#22 /home/alejandro/play-work/playgroup-admin---laravel/vendor/laravel/framework/src/Illuminate/Foundation/Http/Middleware/CheckForMaintenanceMode.php(63): Illuminate\\Pipeline\\Pipeline->Illuminate\\Pipeline\\{closure}()
#23 /home/alejandro/play-work/playgroup-admin---laravel/vendor/laravel/framework/src/Illuminate/Pipeline/Pipeline.php(171): Illuminate\\Foundation\\Http\\Middleware\\CheckForMaintenanceMode->handle()
#24 /home/alejandro/play-work/playgroup-admin---laravel/vendor/fideloper/proxy/src/TrustProxies.php(57): Illuminate\\Pipeline\\Pipeline->Illuminate\\Pipeline\\{closure}()
#25 /home/alejandro/play-work/playgroup-admin---laravel/vendor/laravel/framework/src/Illuminate/Pipeline/Pipeline.php(171): Fideloper\\Proxy\\TrustProxies->handle()
#26 /home/alejandro/play-work/playgroup-admin---laravel/vendor/laravel/framework/src/Illuminate/Pipeline/Pipeline.php(105): Illuminate\\Pipeline\\Pipeline->Illuminate\\Pipeline\\{closure}()
#27 /home/alejandro/play-work/playgroup-admin---laravel/vendor/laravel/framework/src/Illuminate/Foundation/Http/Kernel.php(145): Illuminate\\Pipeline\\Pipeline->then()
#28 /home/alejandro/play-work/playgroup-admin---laravel/vendor/laravel/framework/src/Illuminate/Foundation/Http/Kernel.php(110): Illuminate\\Foundation\\Http\\Kernel->sendRequestThroughRouter()
#29 /home/alejandro/play-work/playgroup-admin---laravel/public/index.php(55): Illuminate\\Foundation\\Http\\Kernel->handle()
#30 /home/alejandro/play-work/playgroup-admin---laravel/server.php(21): require_once('/home/alejandro...')
#31 {main}
"} 
[2025-05-17 22:49:24] local.ERROR: Call to a member function unsetRelation() on null {"exception":"[object] (Symfony\\Component\\Debug\\Exception\\FatalThrowableError(code: 0): Call to a member function unsetRelation() on null at /home/alejandro/play-work/playgroup-admin---laravel/app/Http/Controllers/Api/PageController.php:45)
[stacktrace]
#0 /home/alejandro/play-work/playgroup-admin---laravel/vendor/laravel/framework/src/Illuminate/Routing/Controller.php(54): App\\Http\\Controllers\\Api\\PageController->getPodcasts()
#1 /home/alejandro/play-work/playgroup-admin---laravel/vendor/laravel/framework/src/Illuminate/Routing/ControllerDispatcher.php(45): Illuminate\\Routing\\Controller->callAction()
#2 /home/alejandro/play-work/playgroup-admin---laravel/vendor/laravel/framework/src/Illuminate/Routing/Route.php(219): Illuminate\\Routing\\ControllerDispatcher->dispatch()
#3 /home/alejandro/play-work/playgroup-admin---laravel/vendor/laravel/framework/src/Illuminate/Routing/Route.php(176): Illuminate\\Routing\\Route->runController()
#4 /home/alejandro/play-work/playgroup-admin---laravel/vendor/laravel/framework/src/Illuminate/Routing/Router.php(681): Illuminate\\Routing\\Route->run()
#5 /home/alejandro/play-work/playgroup-admin---laravel/vendor/laravel/framework/src/Illuminate/Pipeline/Pipeline.php(130): Illuminate\\Routing\\Router->Illuminate\\Routing\\{closure}()
#6 /home/alejandro/play-work/playgroup-admin---laravel/vendor/laravel/framework/src/Illuminate/Routing/Middleware/SubstituteBindings.php(41): Illuminate\\Pipeline\\Pipeline->Illuminate\\Pipeline\\{closure}()
#7 /home/alejandro/play-work/playgroup-admin---laravel/vendor/laravel/framework/src/Illuminate/Pipeline/Pipeline.php(171): Illuminate\\Routing\\Middleware\\SubstituteBindings->handle()
#8 /home/alejandro/play-work/playgroup-admin---laravel/vendor/laravel/framework/src/Illuminate/Pipeline/Pipeline.php(105): Illuminate\\Pipeline\\Pipeline->Illuminate\\Pipeline\\{closure}()
#9 /home/alejandro/play-work/playgroup-admin---laravel/vendor/laravel/framework/src/Illuminate/Routing/Router.php(683): Illuminate\\Pipeline\\Pipeline->then()
#10 /home/alejandro/play-work/playgroup-admin---laravel/vendor/laravel/framework/src/Illuminate/Routing/Router.php(658): Illuminate\\Routing\\Router->runRouteWithinStack()
#11 /home/alejandro/play-work/playgroup-admin---laravel/vendor/laravel/framework/src/Illuminate/Routing/Router.php(624): Illuminate\\Routing\\Router->runRoute()
#12 /home/alejandro/play-work/playgroup-admin---laravel/vendor/laravel/framework/src/Illuminate/Routing/Router.php(613): Illuminate\\Routing\\Router->dispatchToRoute()
#13 /home/alejandro/play-work/playgroup-admin---laravel/vendor/laravel/framework/src/Illuminate/Foundation/Http/Kernel.php(170): Illuminate\\Routing\\Router->dispatch()
#14 /home/alejandro/play-work/playgroup-admin---laravel/vendor/laravel/framework/src/Illuminate/Pipeline/Pipeline.php(130): Illuminate\\Foundation\\Http\\Kernel->Illuminate\\Foundation\\Http\\{closure}()
#15 /home/alejandro/play-work/playgroup-admin---laravel/vendor/laravel/framework/src/Illuminate/Foundation/Http/Middleware/TransformsRequest.php(21): Illuminate\\Pipeline\\Pipeline->Illuminate\\Pipeline\\{closure}()
#16 /home/alejandro/play-work/playgroup-admin---laravel/vendor/laravel/framework/src/Illuminate/Pipeline/Pipeline.php(171): Illuminate\\Foundation\\Http\\Middleware\\TransformsRequest->handle()
#17 /home/alejandro/play-work/playgroup-admin---laravel/vendor/laravel/framework/src/Illuminate/Foundation/Http/Middleware/TransformsRequest.php(21): Illuminate\\Pipeline\\Pipeline->Illuminate\\Pipeline\\{closure}()
#18 /home/alejandro/play-work/playgroup-admin---laravel/vendor/laravel/framework/src/Illuminate/Pipeline/Pipeline.php(171): Illuminate\\Foundation\\Http\\Middleware\\TransformsRequest->handle()
#19 /home/alejandro/play-work/playgroup-admin---laravel/vendor/laravel/framework/src/Illuminate/Foundation/Http/Middleware/ValidatePostSize.php(27): Illuminate\\Pipeline\\Pipeline->Illuminate\\Pipeline\\{closure}()
#20 /home/alejandro/play-work/playgroup-admin---laravel/vendor/laravel/framework/src/Illuminate/Pipeline/Pipeline.php(171): Illuminate\\Foundation\\Http\\Middleware\\ValidatePostSize->handle()
#21 /home/alejandro/play-work/playgroup-admin---laravel/vendor/laravel/framework/src/Illuminate/Foundation/Http/Middleware/CheckForMaintenanceMode.php(63): Illuminate\\Pipeline\\Pipeline->Illuminate\\Pipeline\\{closure}()
#22 /home/alejandro/play-work/playgroup-admin---laravel/vendor/laravel/framework/src/Illuminate/Pipeline/Pipeline.php(171): Illuminate\\Foundation\\Http\\Middleware\\CheckForMaintenanceMode->handle()
#23 /home/alejandro/play-work/playgroup-admin---laravel/vendor/fideloper/proxy/src/TrustProxies.php(57): Illuminate\\Pipeline\\Pipeline->Illuminate\\Pipeline\\{closure}()
#24 /home/alejandro/play-work/playgroup-admin---laravel/vendor/laravel/framework/src/Illuminate/Pipeline/Pipeline.php(171): Fideloper\\Proxy\\TrustProxies->handle()
#25 /home/alejandro/play-work/playgroup-admin---laravel/vendor/laravel/framework/src/Illuminate/Pipeline/Pipeline.php(105): Illuminate\\Pipeline\\Pipeline->Illuminate\\Pipeline\\{closure}()
#26 /home/alejandro/play-work/playgroup-admin---laravel/vendor/laravel/framework/src/Illuminate/Foundation/Http/Kernel.php(145): Illuminate\\Pipeline\\Pipeline->then()
#27 /home/alejandro/play-work/playgroup-admin---laravel/vendor/laravel/framework/src/Illuminate/Foundation/Http/Kernel.php(110): Illuminate\\Foundation\\Http\\Kernel->sendRequestThroughRouter()
#28 /home/alejandro/play-work/playgroup-admin---laravel/public/index.php(55): Illuminate\\Foundation\\Http\\Kernel->handle()
#29 /home/alejandro/play-work/playgroup-admin---laravel/server.php(21): require_once('/home/alejandro...')
#30 {main}
"} 
[2025-05-17 22:49:24] local.ERROR: Trying to get property 'content' of non-object {"exception":"[object] (ErrorException(code: 0): Trying to get property 'content' of non-object at /home/alejandro/play-work/playgroup-admin---laravel/app/Http/Controllers/Api/ApiController.php:80)
[stacktrace]
#0 /home/alejandro/play-work/playgroup-admin---laravel/app/Http/Controllers/Api/ApiController.php(80): Illuminate\\Foundation\\Bootstrap\\HandleExceptions->handleError()
#1 /home/alejandro/play-work/playgroup-admin---laravel/vendor/laravel/framework/src/Illuminate/Routing/Controller.php(54): App\\Http\\Controllers\\Api\\ApiController->qualityProcessData()
#2 /home/alejandro/play-work/playgroup-admin---laravel/vendor/laravel/framework/src/Illuminate/Routing/ControllerDispatcher.php(45): Illuminate\\Routing\\Controller->callAction()
#3 /home/alejandro/play-work/playgroup-admin---laravel/vendor/laravel/framework/src/Illuminate/Routing/Route.php(219): Illuminate\\Routing\\ControllerDispatcher->dispatch()
#4 /home/alejandro/play-work/playgroup-admin---laravel/vendor/laravel/framework/src/Illuminate/Routing/Route.php(176): Illuminate\\Routing\\Route->runController()
#5 /home/alejandro/play-work/playgroup-admin---laravel/vendor/laravel/framework/src/Illuminate/Routing/Router.php(681): Illuminate\\Routing\\Route->run()
#6 /home/alejandro/play-work/playgroup-admin---laravel/vendor/laravel/framework/src/Illuminate/Pipeline/Pipeline.php(130): Illuminate\\Routing\\Router->Illuminate\\Routing\\{closure}()
#7 /home/alejandro/play-work/playgroup-admin---laravel/vendor/laravel/framework/src/Illuminate/Routing/Middleware/SubstituteBindings.php(41): Illuminate\\Pipeline\\Pipeline->Illuminate\\Pipeline\\{closure}()
#8 /home/alejandro/play-work/playgroup-admin---laravel/vendor/laravel/framework/src/Illuminate/Pipeline/Pipeline.php(171): Illuminate\\Routing\\Middleware\\SubstituteBindings->handle()
#9 /home/alejandro/play-work/playgroup-admin---laravel/vendor/laravel/framework/src/Illuminate/Pipeline/Pipeline.php(105): Illuminate\\Pipeline\\Pipeline->Illuminate\\Pipeline\\{closure}()
#10 /home/alejandro/play-work/playgroup-admin---laravel/vendor/laravel/framework/src/Illuminate/Routing/Router.php(683): Illuminate\\Pipeline\\Pipeline->then()
#11 /home/alejandro/play-work/playgroup-admin---laravel/vendor/laravel/framework/src/Illuminate/Routing/Router.php(658): Illuminate\\Routing\\Router->runRouteWithinStack()
#12 /home/alejandro/play-work/playgroup-admin---laravel/vendor/laravel/framework/src/Illuminate/Routing/Router.php(624): Illuminate\\Routing\\Router->runRoute()
#13 /home/alejandro/play-work/playgroup-admin---laravel/vendor/laravel/framework/src/Illuminate/Routing/Router.php(613): Illuminate\\Routing\\Router->dispatchToRoute()
#14 /home/alejandro/play-work/playgroup-admin---laravel/vendor/laravel/framework/src/Illuminate/Foundation/Http/Kernel.php(170): Illuminate\\Routing\\Router->dispatch()
#15 /home/alejandro/play-work/playgroup-admin---laravel/vendor/laravel/framework/src/Illuminate/Pipeline/Pipeline.php(130): Illuminate\\Foundation\\Http\\Kernel->Illuminate\\Foundation\\Http\\{closure}()
#16 /home/alejandro/play-work/playgroup-admin---laravel/vendor/laravel/framework/src/Illuminate/Foundation/Http/Middleware/TransformsRequest.php(21): Illuminate\\Pipeline\\Pipeline->Illuminate\\Pipeline\\{closure}()
#17 /home/alejandro/play-work/playgroup-admin---laravel/vendor/laravel/framework/src/Illuminate/Pipeline/Pipeline.php(171): Illuminate\\Foundation\\Http\\Middleware\\TransformsRequest->handle()
#18 /home/alejandro/play-work/playgroup-admin---laravel/vendor/laravel/framework/src/Illuminate/Foundation/Http/Middleware/TransformsRequest.php(21): Illuminate\\Pipeline\\Pipeline->Illuminate\\Pipeline\\{closure}()
#19 /home/alejandro/play-work/playgroup-admin---laravel/vendor/laravel/framework/src/Illuminate/Pipeline/Pipeline.php(171): Illuminate\\Foundation\\Http\\Middleware\\TransformsRequest->handle()
#20 /home/alejandro/play-work/playgroup-admin---laravel/vendor/laravel/framework/src/Illuminate/Foundation/Http/Middleware/ValidatePostSize.php(27): Illuminate\\Pipeline\\Pipeline->Illuminate\\Pipeline\\{closure}()
#21 /home/alejandro/play-work/playgroup-admin---laravel/vendor/laravel/framework/src/Illuminate/Pipeline/Pipeline.php(171): Illuminate\\Foundation\\Http\\Middleware\\ValidatePostSize->handle()
#22 /home/alejandro/play-work/playgroup-admin---laravel/vendor/laravel/framework/src/Illuminate/Foundation/Http/Middleware/CheckForMaintenanceMode.php(63): Illuminate\\Pipeline\\Pipeline->Illuminate\\Pipeline\\{closure}()
#23 /home/alejandro/play-work/playgroup-admin---laravel/vendor/laravel/framework/src/Illuminate/Pipeline/Pipeline.php(171): Illuminate\\Foundation\\Http\\Middleware\\CheckForMaintenanceMode->handle()
#24 /home/alejandro/play-work/playgroup-admin---laravel/vendor/fideloper/proxy/src/TrustProxies.php(57): Illuminate\\Pipeline\\Pipeline->Illuminate\\Pipeline\\{closure}()
#25 /home/alejandro/play-work/playgroup-admin---laravel/vendor/laravel/framework/src/Illuminate/Pipeline/Pipeline.php(171): Fideloper\\Proxy\\TrustProxies->handle()
#26 /home/alejandro/play-work/playgroup-admin---laravel/vendor/laravel/framework/src/Illuminate/Pipeline/Pipeline.php(105): Illuminate\\Pipeline\\Pipeline->Illuminate\\Pipeline\\{closure}()
#27 /home/alejandro/play-work/playgroup-admin---laravel/vendor/laravel/framework/src/Illuminate/Foundation/Http/Kernel.php(145): Illuminate\\Pipeline\\Pipeline->then()
#28 /home/alejandro/play-work/playgroup-admin---laravel/vendor/laravel/framework/src/Illuminate/Foundation/Http/Kernel.php(110): Illuminate\\Foundation\\Http\\Kernel->sendRequestThroughRouter()
#29 /home/alejandro/play-work/playgroup-admin---laravel/public/index.php(55): Illuminate\\Foundation\\Http\\Kernel->handle()
#30 /home/alejandro/play-work/playgroup-admin---laravel/server.php(21): require_once('/home/alejandro...')
#31 {main}
"} 
[2025-05-17 22:49:25] local.ERROR: Call to a member function unsetRelation() on null {"exception":"[object] (Symfony\\Component\\Debug\\Exception\\FatalThrowableError(code: 0): Call to a member function unsetRelation() on null at /home/alejandro/play-work/playgroup-admin---laravel/app/Http/Controllers/Api/PageController.php:45)
[stacktrace]
#0 /home/alejandro/play-work/playgroup-admin---laravel/vendor/laravel/framework/src/Illuminate/Routing/Controller.php(54): App\\Http\\Controllers\\Api\\PageController->getPodcasts()
#1 /home/alejandro/play-work/playgroup-admin---laravel/vendor/laravel/framework/src/Illuminate/Routing/ControllerDispatcher.php(45): Illuminate\\Routing\\Controller->callAction()
#2 /home/alejandro/play-work/playgroup-admin---laravel/vendor/laravel/framework/src/Illuminate/Routing/Route.php(219): Illuminate\\Routing\\ControllerDispatcher->dispatch()
#3 /home/alejandro/play-work/playgroup-admin---laravel/vendor/laravel/framework/src/Illuminate/Routing/Route.php(176): Illuminate\\Routing\\Route->runController()
#4 /home/alejandro/play-work/playgroup-admin---laravel/vendor/laravel/framework/src/Illuminate/Routing/Router.php(681): Illuminate\\Routing\\Route->run()
#5 /home/alejandro/play-work/playgroup-admin---laravel/vendor/laravel/framework/src/Illuminate/Pipeline/Pipeline.php(130): Illuminate\\Routing\\Router->Illuminate\\Routing\\{closure}()
#6 /home/alejandro/play-work/playgroup-admin---laravel/vendor/laravel/framework/src/Illuminate/Routing/Middleware/SubstituteBindings.php(41): Illuminate\\Pipeline\\Pipeline->Illuminate\\Pipeline\\{closure}()
#7 /home/alejandro/play-work/playgroup-admin---laravel/vendor/laravel/framework/src/Illuminate/Pipeline/Pipeline.php(171): Illuminate\\Routing\\Middleware\\SubstituteBindings->handle()
#8 /home/alejandro/play-work/playgroup-admin---laravel/vendor/laravel/framework/src/Illuminate/Pipeline/Pipeline.php(105): Illuminate\\Pipeline\\Pipeline->Illuminate\\Pipeline\\{closure}()
#9 /home/alejandro/play-work/playgroup-admin---laravel/vendor/laravel/framework/src/Illuminate/Routing/Router.php(683): Illuminate\\Pipeline\\Pipeline->then()
#10 /home/alejandro/play-work/playgroup-admin---laravel/vendor/laravel/framework/src/Illuminate/Routing/Router.php(658): Illuminate\\Routing\\Router->runRouteWithinStack()
#11 /home/alejandro/play-work/playgroup-admin---laravel/vendor/laravel/framework/src/Illuminate/Routing/Router.php(624): Illuminate\\Routing\\Router->runRoute()
#12 /home/alejandro/play-work/playgroup-admin---laravel/vendor/laravel/framework/src/Illuminate/Routing/Router.php(613): Illuminate\\Routing\\Router->dispatchToRoute()
#13 /home/alejandro/play-work/playgroup-admin---laravel/vendor/laravel/framework/src/Illuminate/Foundation/Http/Kernel.php(170): Illuminate\\Routing\\Router->dispatch()
#14 /home/alejandro/play-work/playgroup-admin---laravel/vendor/laravel/framework/src/Illuminate/Pipeline/Pipeline.php(130): Illuminate\\Foundation\\Http\\Kernel->Illuminate\\Foundation\\Http\\{closure}()
#15 /home/alejandro/play-work/playgroup-admin---laravel/vendor/laravel/framework/src/Illuminate/Foundation/Http/Middleware/TransformsRequest.php(21): Illuminate\\Pipeline\\Pipeline->Illuminate\\Pipeline\\{closure}()
#16 /home/alejandro/play-work/playgroup-admin---laravel/vendor/laravel/framework/src/Illuminate/Pipeline/Pipeline.php(171): Illuminate\\Foundation\\Http\\Middleware\\TransformsRequest->handle()
#17 /home/alejandro/play-work/playgroup-admin---laravel/vendor/laravel/framework/src/Illuminate/Foundation/Http/Middleware/TransformsRequest.php(21): Illuminate\\Pipeline\\Pipeline->Illuminate\\Pipeline\\{closure}()
#18 /home/alejandro/play-work/playgroup-admin---laravel/vendor/laravel/framework/src/Illuminate/Pipeline/Pipeline.php(171): Illuminate\\Foundation\\Http\\Middleware\\TransformsRequest->handle()
#19 /home/alejandro/play-work/playgroup-admin---laravel/vendor/laravel/framework/src/Illuminate/Foundation/Http/Middleware/ValidatePostSize.php(27): Illuminate\\Pipeline\\Pipeline->Illuminate\\Pipeline\\{closure}()
#20 /home/alejandro/play-work/playgroup-admin---laravel/vendor/laravel/framework/src/Illuminate/Pipeline/Pipeline.php(171): Illuminate\\Foundation\\Http\\Middleware\\ValidatePostSize->handle()
#21 /home/alejandro/play-work/playgroup-admin---laravel/vendor/laravel/framework/src/Illuminate/Foundation/Http/Middleware/CheckForMaintenanceMode.php(63): Illuminate\\Pipeline\\Pipeline->Illuminate\\Pipeline\\{closure}()
#22 /home/alejandro/play-work/playgroup-admin---laravel/vendor/laravel/framework/src/Illuminate/Pipeline/Pipeline.php(171): Illuminate\\Foundation\\Http\\Middleware\\CheckForMaintenanceMode->handle()
#23 /home/alejandro/play-work/playgroup-admin---laravel/vendor/fideloper/proxy/src/TrustProxies.php(57): Illuminate\\Pipeline\\Pipeline->Illuminate\\Pipeline\\{closure}()
#24 /home/alejandro/play-work/playgroup-admin---laravel/vendor/laravel/framework/src/Illuminate/Pipeline/Pipeline.php(171): Fideloper\\Proxy\\TrustProxies->handle()
#25 /home/alejandro/play-work/playgroup-admin---laravel/vendor/laravel/framework/src/Illuminate/Pipeline/Pipeline.php(105): Illuminate\\Pipeline\\Pipeline->Illuminate\\Pipeline\\{closure}()
#26 /home/alejandro/play-work/playgroup-admin---laravel/vendor/laravel/framework/src/Illuminate/Foundation/Http/Kernel.php(145): Illuminate\\Pipeline\\Pipeline->then()
#27 /home/alejandro/play-work/playgroup-admin---laravel/vendor/laravel/framework/src/Illuminate/Foundation/Http/Kernel.php(110): Illuminate\\Foundation\\Http\\Kernel->sendRequestThroughRouter()
#28 /home/alejandro/play-work/playgroup-admin---laravel/public/index.php(55): Illuminate\\Foundation\\Http\\Kernel->handle()
#29 /home/alejandro/play-work/playgroup-admin---laravel/server.php(21): require_once('/home/alejandro...')
#30 {main}
"} 
[2025-05-17 22:49:25] local.ERROR: Trying to get property 'content' of non-object {"exception":"[object] (ErrorException(code: 0): Trying to get property 'content' of non-object at /home/alejandro/play-work/playgroup-admin---laravel/app/Http/Controllers/Api/ApiController.php:80)
[stacktrace]
#0 /home/alejandro/play-work/playgroup-admin---laravel/app/Http/Controllers/Api/ApiController.php(80): Illuminate\\Foundation\\Bootstrap\\HandleExceptions->handleError()
#1 /home/alejandro/play-work/playgroup-admin---laravel/vendor/laravel/framework/src/Illuminate/Routing/Controller.php(54): App\\Http\\Controllers\\Api\\ApiController->qualityProcessData()
#2 /home/alejandro/play-work/playgroup-admin---laravel/vendor/laravel/framework/src/Illuminate/Routing/ControllerDispatcher.php(45): Illuminate\\Routing\\Controller->callAction()
#3 /home/alejandro/play-work/playgroup-admin---laravel/vendor/laravel/framework/src/Illuminate/Routing/Route.php(219): Illuminate\\Routing\\ControllerDispatcher->dispatch()
#4 /home/alejandro/play-work/playgroup-admin---laravel/vendor/laravel/framework/src/Illuminate/Routing/Route.php(176): Illuminate\\Routing\\Route->runController()
#5 /home/alejandro/play-work/playgroup-admin---laravel/vendor/laravel/framework/src/Illuminate/Routing/Router.php(681): Illuminate\\Routing\\Route->run()
#6 /home/alejandro/play-work/playgroup-admin---laravel/vendor/laravel/framework/src/Illuminate/Pipeline/Pipeline.php(130): Illuminate\\Routing\\Router->Illuminate\\Routing\\{closure}()
#7 /home/alejandro/play-work/playgroup-admin---laravel/vendor/laravel/framework/src/Illuminate/Routing/Middleware/SubstituteBindings.php(41): Illuminate\\Pipeline\\Pipeline->Illuminate\\Pipeline\\{closure}()
#8 /home/alejandro/play-work/playgroup-admin---laravel/vendor/laravel/framework/src/Illuminate/Pipeline/Pipeline.php(171): Illuminate\\Routing\\Middleware\\SubstituteBindings->handle()
#9 /home/alejandro/play-work/playgroup-admin---laravel/vendor/laravel/framework/src/Illuminate/Pipeline/Pipeline.php(105): Illuminate\\Pipeline\\Pipeline->Illuminate\\Pipeline\\{closure}()
#10 /home/alejandro/play-work/playgroup-admin---laravel/vendor/laravel/framework/src/Illuminate/Routing/Router.php(683): Illuminate\\Pipeline\\Pipeline->then()
#11 /home/alejandro/play-work/playgroup-admin---laravel/vendor/laravel/framework/src/Illuminate/Routing/Router.php(658): Illuminate\\Routing\\Router->runRouteWithinStack()
#12 /home/alejandro/play-work/playgroup-admin---laravel/vendor/laravel/framework/src/Illuminate/Routing/Router.php(624): Illuminate\\Routing\\Router->runRoute()
#13 /home/alejandro/play-work/playgroup-admin---laravel/vendor/laravel/framework/src/Illuminate/Routing/Router.php(613): Illuminate\\Routing\\Router->dispatchToRoute()
#14 /home/alejandro/play-work/playgroup-admin---laravel/vendor/laravel/framework/src/Illuminate/Foundation/Http/Kernel.php(170): Illuminate\\Routing\\Router->dispatch()
#15 /home/alejandro/play-work/playgroup-admin---laravel/vendor/laravel/framework/src/Illuminate/Pipeline/Pipeline.php(130): Illuminate\\Foundation\\Http\\Kernel->Illuminate\\Foundation\\Http\\{closure}()
#16 /home/alejandro/play-work/playgroup-admin---laravel/vendor/laravel/framework/src/Illuminate/Foundation/Http/Middleware/TransformsRequest.php(21): Illuminate\\Pipeline\\Pipeline->Illuminate\\Pipeline\\{closure}()
#17 /home/alejandro/play-work/playgroup-admin---laravel/vendor/laravel/framework/src/Illuminate/Pipeline/Pipeline.php(171): Illuminate\\Foundation\\Http\\Middleware\\TransformsRequest->handle()
#18 /home/alejandro/play-work/playgroup-admin---laravel/vendor/laravel/framework/src/Illuminate/Foundation/Http/Middleware/TransformsRequest.php(21): Illuminate\\Pipeline\\Pipeline->Illuminate\\Pipeline\\{closure}()
#19 /home/alejandro/play-work/playgroup-admin---laravel/vendor/laravel/framework/src/Illuminate/Pipeline/Pipeline.php(171): Illuminate\\Foundation\\Http\\Middleware\\TransformsRequest->handle()
#20 /home/alejandro/play-work/playgroup-admin---laravel/vendor/laravel/framework/src/Illuminate/Foundation/Http/Middleware/ValidatePostSize.php(27): Illuminate\\Pipeline\\Pipeline->Illuminate\\Pipeline\\{closure}()
#21 /home/alejandro/play-work/playgroup-admin---laravel/vendor/laravel/framework/src/Illuminate/Pipeline/Pipeline.php(171): Illuminate\\Foundation\\Http\\Middleware\\ValidatePostSize->handle()
#22 /home/alejandro/play-work/playgroup-admin---laravel/vendor/laravel/framework/src/Illuminate/Foundation/Http/Middleware/CheckForMaintenanceMode.php(63): Illuminate\\Pipeline\\Pipeline->Illuminate\\Pipeline\\{closure}()
#23 /home/alejandro/play-work/playgroup-admin---laravel/vendor/laravel/framework/src/Illuminate/Pipeline/Pipeline.php(171): Illuminate\\Foundation\\Http\\Middleware\\CheckForMaintenanceMode->handle()
#24 /home/alejandro/play-work/playgroup-admin---laravel/vendor/fideloper/proxy/src/TrustProxies.php(57): Illuminate\\Pipeline\\Pipeline->Illuminate\\Pipeline\\{closure}()
#25 /home/alejandro/play-work/playgroup-admin---laravel/vendor/laravel/framework/src/Illuminate/Pipeline/Pipeline.php(171): Fideloper\\Proxy\\TrustProxies->handle()
#26 /home/alejandro/play-work/playgroup-admin---laravel/vendor/laravel/framework/src/Illuminate/Pipeline/Pipeline.php(105): Illuminate\\Pipeline\\Pipeline->Illuminate\\Pipeline\\{closure}()
#27 /home/alejandro/play-work/playgroup-admin---laravel/vendor/laravel/framework/src/Illuminate/Foundation/Http/Kernel.php(145): Illuminate\\Pipeline\\Pipeline->then()
#28 /home/alejandro/play-work/playgroup-admin---laravel/vendor/laravel/framework/src/Illuminate/Foundation/Http/Kernel.php(110): Illuminate\\Foundation\\Http\\Kernel->sendRequestThroughRouter()
#29 /home/alejandro/play-work/playgroup-admin---laravel/public/index.php(55): Illuminate\\Foundation\\Http\\Kernel->handle()
#30 /home/alejandro/play-work/playgroup-admin---laravel/server.php(21): require_once('/home/alejandro...')
#31 {main}
"} 
[2025-05-17 22:55:08] local.ERROR: Call to a member function unsetRelation() on null {"exception":"[object] (Symfony\\Component\\Debug\\Exception\\FatalThrowableError(code: 0): Call to a member function unsetRelation() on null at /home/alejandro/play-work/playgroup-admin---laravel/app/Http/Controllers/Api/PageController.php:45)
[stacktrace]
#0 /home/alejandro/play-work/playgroup-admin---laravel/vendor/laravel/framework/src/Illuminate/Routing/Controller.php(54): App\\Http\\Controllers\\Api\\PageController->getPodcasts()
#1 /home/alejandro/play-work/playgroup-admin---laravel/vendor/laravel/framework/src/Illuminate/Routing/ControllerDispatcher.php(45): Illuminate\\Routing\\Controller->callAction()
#2 /home/alejandro/play-work/playgroup-admin---laravel/vendor/laravel/framework/src/Illuminate/Routing/Route.php(219): Illuminate\\Routing\\ControllerDispatcher->dispatch()
#3 /home/alejandro/play-work/playgroup-admin---laravel/vendor/laravel/framework/src/Illuminate/Routing/Route.php(176): Illuminate\\Routing\\Route->runController()
#4 /home/alejandro/play-work/playgroup-admin---laravel/vendor/laravel/framework/src/Illuminate/Routing/Router.php(681): Illuminate\\Routing\\Route->run()
#5 /home/alejandro/play-work/playgroup-admin---laravel/vendor/laravel/framework/src/Illuminate/Pipeline/Pipeline.php(130): Illuminate\\Routing\\Router->Illuminate\\Routing\\{closure}()
#6 /home/alejandro/play-work/playgroup-admin---laravel/vendor/laravel/framework/src/Illuminate/Routing/Middleware/SubstituteBindings.php(41): Illuminate\\Pipeline\\Pipeline->Illuminate\\Pipeline\\{closure}()
#7 /home/alejandro/play-work/playgroup-admin---laravel/vendor/laravel/framework/src/Illuminate/Pipeline/Pipeline.php(171): Illuminate\\Routing\\Middleware\\SubstituteBindings->handle()
#8 /home/alejandro/play-work/playgroup-admin---laravel/vendor/laravel/framework/src/Illuminate/Pipeline/Pipeline.php(105): Illuminate\\Pipeline\\Pipeline->Illuminate\\Pipeline\\{closure}()
#9 /home/alejandro/play-work/playgroup-admin---laravel/vendor/laravel/framework/src/Illuminate/Routing/Router.php(683): Illuminate\\Pipeline\\Pipeline->then()
#10 /home/alejandro/play-work/playgroup-admin---laravel/vendor/laravel/framework/src/Illuminate/Routing/Router.php(658): Illuminate\\Routing\\Router->runRouteWithinStack()
#11 /home/alejandro/play-work/playgroup-admin---laravel/vendor/laravel/framework/src/Illuminate/Routing/Router.php(624): Illuminate\\Routing\\Router->runRoute()
#12 /home/alejandro/play-work/playgroup-admin---laravel/vendor/laravel/framework/src/Illuminate/Routing/Router.php(613): Illuminate\\Routing\\Router->dispatchToRoute()
#13 /home/alejandro/play-work/playgroup-admin---laravel/vendor/laravel/framework/src/Illuminate/Foundation/Http/Kernel.php(170): Illuminate\\Routing\\Router->dispatch()
#14 /home/alejandro/play-work/playgroup-admin---laravel/vendor/laravel/framework/src/Illuminate/Pipeline/Pipeline.php(130): Illuminate\\Foundation\\Http\\Kernel->Illuminate\\Foundation\\Http\\{closure}()
#15 /home/alejandro/play-work/playgroup-admin---laravel/vendor/laravel/framework/src/Illuminate/Foundation/Http/Middleware/TransformsRequest.php(21): Illuminate\\Pipeline\\Pipeline->Illuminate\\Pipeline\\{closure}()
#16 /home/alejandro/play-work/playgroup-admin---laravel/vendor/laravel/framework/src/Illuminate/Pipeline/Pipeline.php(171): Illuminate\\Foundation\\Http\\Middleware\\TransformsRequest->handle()
#17 /home/alejandro/play-work/playgroup-admin---laravel/vendor/laravel/framework/src/Illuminate/Foundation/Http/Middleware/TransformsRequest.php(21): Illuminate\\Pipeline\\Pipeline->Illuminate\\Pipeline\\{closure}()
#18 /home/alejandro/play-work/playgroup-admin---laravel/vendor/laravel/framework/src/Illuminate/Pipeline/Pipeline.php(171): Illuminate\\Foundation\\Http\\Middleware\\TransformsRequest->handle()
#19 /home/alejandro/play-work/playgroup-admin---laravel/vendor/laravel/framework/src/Illuminate/Foundation/Http/Middleware/ValidatePostSize.php(27): Illuminate\\Pipeline\\Pipeline->Illuminate\\Pipeline\\{closure}()
#20 /home/alejandro/play-work/playgroup-admin---laravel/vendor/laravel/framework/src/Illuminate/Pipeline/Pipeline.php(171): Illuminate\\Foundation\\Http\\Middleware\\ValidatePostSize->handle()
#21 /home/alejandro/play-work/playgroup-admin---laravel/vendor/laravel/framework/src/Illuminate/Foundation/Http/Middleware/CheckForMaintenanceMode.php(63): Illuminate\\Pipeline\\Pipeline->Illuminate\\Pipeline\\{closure}()
#22 /home/alejandro/play-work/playgroup-admin---laravel/vendor/laravel/framework/src/Illuminate/Pipeline/Pipeline.php(171): Illuminate\\Foundation\\Http\\Middleware\\CheckForMaintenanceMode->handle()
#23 /home/alejandro/play-work/playgroup-admin---laravel/vendor/fideloper/proxy/src/TrustProxies.php(57): Illuminate\\Pipeline\\Pipeline->Illuminate\\Pipeline\\{closure}()
#24 /home/alejandro/play-work/playgroup-admin---laravel/vendor/laravel/framework/src/Illuminate/Pipeline/Pipeline.php(171): Fideloper\\Proxy\\TrustProxies->handle()
#25 /home/alejandro/play-work/playgroup-admin---laravel/vendor/laravel/framework/src/Illuminate/Pipeline/Pipeline.php(105): Illuminate\\Pipeline\\Pipeline->Illuminate\\Pipeline\\{closure}()
#26 /home/alejandro/play-work/playgroup-admin---laravel/vendor/laravel/framework/src/Illuminate/Foundation/Http/Kernel.php(145): Illuminate\\Pipeline\\Pipeline->then()
#27 /home/alejandro/play-work/playgroup-admin---laravel/vendor/laravel/framework/src/Illuminate/Foundation/Http/Kernel.php(110): Illuminate\\Foundation\\Http\\Kernel->sendRequestThroughRouter()
#28 /home/alejandro/play-work/playgroup-admin---laravel/public/index.php(55): Illuminate\\Foundation\\Http\\Kernel->handle()
#29 /home/alejandro/play-work/playgroup-admin---laravel/server.php(21): require_once('/home/alejandro...')
#30 {main}
"} 
[2025-05-17 22:55:08] local.ERROR: Trying to get property 'content' of non-object {"exception":"[object] (ErrorException(code: 0): Trying to get property 'content' of non-object at /home/alejandro/play-work/playgroup-admin---laravel/app/Http/Controllers/Api/ApiController.php:80)
[stacktrace]
#0 /home/alejandro/play-work/playgroup-admin---laravel/app/Http/Controllers/Api/ApiController.php(80): Illuminate\\Foundation\\Bootstrap\\HandleExceptions->handleError()
#1 /home/alejandro/play-work/playgroup-admin---laravel/vendor/laravel/framework/src/Illuminate/Routing/Controller.php(54): App\\Http\\Controllers\\Api\\ApiController->qualityProcessData()
#2 /home/alejandro/play-work/playgroup-admin---laravel/vendor/laravel/framework/src/Illuminate/Routing/ControllerDispatcher.php(45): Illuminate\\Routing\\Controller->callAction()
#3 /home/alejandro/play-work/playgroup-admin---laravel/vendor/laravel/framework/src/Illuminate/Routing/Route.php(219): Illuminate\\Routing\\ControllerDispatcher->dispatch()
#4 /home/alejandro/play-work/playgroup-admin---laravel/vendor/laravel/framework/src/Illuminate/Routing/Route.php(176): Illuminate\\Routing\\Route->runController()
#5 /home/alejandro/play-work/playgroup-admin---laravel/vendor/laravel/framework/src/Illuminate/Routing/Router.php(681): Illuminate\\Routing\\Route->run()
#6 /home/alejandro/play-work/playgroup-admin---laravel/vendor/laravel/framework/src/Illuminate/Pipeline/Pipeline.php(130): Illuminate\\Routing\\Router->Illuminate\\Routing\\{closure}()
#7 /home/alejandro/play-work/playgroup-admin---laravel/vendor/laravel/framework/src/Illuminate/Routing/Middleware/SubstituteBindings.php(41): Illuminate\\Pipeline\\Pipeline->Illuminate\\Pipeline\\{closure}()
#8 /home/alejandro/play-work/playgroup-admin---laravel/vendor/laravel/framework/src/Illuminate/Pipeline/Pipeline.php(171): Illuminate\\Routing\\Middleware\\SubstituteBindings->handle()
#9 /home/alejandro/play-work/playgroup-admin---laravel/vendor/laravel/framework/src/Illuminate/Pipeline/Pipeline.php(105): Illuminate\\Pipeline\\Pipeline->Illuminate\\Pipeline\\{closure}()
#10 /home/alejandro/play-work/playgroup-admin---laravel/vendor/laravel/framework/src/Illuminate/Routing/Router.php(683): Illuminate\\Pipeline\\Pipeline->then()
#11 /home/alejandro/play-work/playgroup-admin---laravel/vendor/laravel/framework/src/Illuminate/Routing/Router.php(658): Illuminate\\Routing\\Router->runRouteWithinStack()
#12 /home/alejandro/play-work/playgroup-admin---laravel/vendor/laravel/framework/src/Illuminate/Routing/Router.php(624): Illuminate\\Routing\\Router->runRoute()
#13 /home/alejandro/play-work/playgroup-admin---laravel/vendor/laravel/framework/src/Illuminate/Routing/Router.php(613): Illuminate\\Routing\\Router->dispatchToRoute()
#14 /home/alejandro/play-work/playgroup-admin---laravel/vendor/laravel/framework/src/Illuminate/Foundation/Http/Kernel.php(170): Illuminate\\Routing\\Router->dispatch()
#15 /home/alejandro/play-work/playgroup-admin---laravel/vendor/laravel/framework/src/Illuminate/Pipeline/Pipeline.php(130): Illuminate\\Foundation\\Http\\Kernel->Illuminate\\Foundation\\Http\\{closure}()
#16 /home/alejandro/play-work/playgroup-admin---laravel/vendor/laravel/framework/src/Illuminate/Foundation/Http/Middleware/TransformsRequest.php(21): Illuminate\\Pipeline\\Pipeline->Illuminate\\Pipeline\\{closure}()
#17 /home/alejandro/play-work/playgroup-admin---laravel/vendor/laravel/framework/src/Illuminate/Pipeline/Pipeline.php(171): Illuminate\\Foundation\\Http\\Middleware\\TransformsRequest->handle()
#18 /home/alejandro/play-work/playgroup-admin---laravel/vendor/laravel/framework/src/Illuminate/Foundation/Http/Middleware/TransformsRequest.php(21): Illuminate\\Pipeline\\Pipeline->Illuminate\\Pipeline\\{closure}()
#19 /home/alejandro/play-work/playgroup-admin---laravel/vendor/laravel/framework/src/Illuminate/Pipeline/Pipeline.php(171): Illuminate\\Foundation\\Http\\Middleware\\TransformsRequest->handle()
#20 /home/alejandro/play-work/playgroup-admin---laravel/vendor/laravel/framework/src/Illuminate/Foundation/Http/Middleware/ValidatePostSize.php(27): Illuminate\\Pipeline\\Pipeline->Illuminate\\Pipeline\\{closure}()
#21 /home/alejandro/play-work/playgroup-admin---laravel/vendor/laravel/framework/src/Illuminate/Pipeline/Pipeline.php(171): Illuminate\\Foundation\\Http\\Middleware\\ValidatePostSize->handle()
#22 /home/alejandro/play-work/playgroup-admin---laravel/vendor/laravel/framework/src/Illuminate/Foundation/Http/Middleware/CheckForMaintenanceMode.php(63): Illuminate\\Pipeline\\Pipeline->Illuminate\\Pipeline\\{closure}()
#23 /home/alejandro/play-work/playgroup-admin---laravel/vendor/laravel/framework/src/Illuminate/Pipeline/Pipeline.php(171): Illuminate\\Foundation\\Http\\Middleware\\CheckForMaintenanceMode->handle()
#24 /home/alejandro/play-work/playgroup-admin---laravel/vendor/fideloper/proxy/src/TrustProxies.php(57): Illuminate\\Pipeline\\Pipeline->Illuminate\\Pipeline\\{closure}()
#25 /home/alejandro/play-work/playgroup-admin---laravel/vendor/laravel/framework/src/Illuminate/Pipeline/Pipeline.php(171): Fideloper\\Proxy\\TrustProxies->handle()
#26 /home/alejandro/play-work/playgroup-admin---laravel/vendor/laravel/framework/src/Illuminate/Pipeline/Pipeline.php(105): Illuminate\\Pipeline\\Pipeline->Illuminate\\Pipeline\\{closure}()
#27 /home/alejandro/play-work/playgroup-admin---laravel/vendor/laravel/framework/src/Illuminate/Foundation/Http/Kernel.php(145): Illuminate\\Pipeline\\Pipeline->then()
#28 /home/alejandro/play-work/playgroup-admin---laravel/vendor/laravel/framework/src/Illuminate/Foundation/Http/Kernel.php(110): Illuminate\\Foundation\\Http\\Kernel->sendRequestThroughRouter()
#29 /home/alejandro/play-work/playgroup-admin---laravel/public/index.php(55): Illuminate\\Foundation\\Http\\Kernel->handle()
#30 /home/alejandro/play-work/playgroup-admin---laravel/server.php(21): require_once('/home/alejandro...')
#31 {main}
"} 
[2025-05-17 22:55:08] local.ERROR: Call to a member function unsetRelation() on null {"exception":"[object] (Symfony\\Component\\Debug\\Exception\\FatalThrowableError(code: 0): Call to a member function unsetRelation() on null at /home/alejandro/play-work/playgroup-admin---laravel/app/Http/Controllers/Api/PageController.php:45)
[stacktrace]
#0 /home/alejandro/play-work/playgroup-admin---laravel/vendor/laravel/framework/src/Illuminate/Routing/Controller.php(54): App\\Http\\Controllers\\Api\\PageController->getPodcasts()
#1 /home/alejandro/play-work/playgroup-admin---laravel/vendor/laravel/framework/src/Illuminate/Routing/ControllerDispatcher.php(45): Illuminate\\Routing\\Controller->callAction()
#2 /home/alejandro/play-work/playgroup-admin---laravel/vendor/laravel/framework/src/Illuminate/Routing/Route.php(219): Illuminate\\Routing\\ControllerDispatcher->dispatch()
#3 /home/alejandro/play-work/playgroup-admin---laravel/vendor/laravel/framework/src/Illuminate/Routing/Route.php(176): Illuminate\\Routing\\Route->runController()
#4 /home/alejandro/play-work/playgroup-admin---laravel/vendor/laravel/framework/src/Illuminate/Routing/Router.php(681): Illuminate\\Routing\\Route->run()
#5 /home/alejandro/play-work/playgroup-admin---laravel/vendor/laravel/framework/src/Illuminate/Pipeline/Pipeline.php(130): Illuminate\\Routing\\Router->Illuminate\\Routing\\{closure}()
#6 /home/alejandro/play-work/playgroup-admin---laravel/vendor/laravel/framework/src/Illuminate/Routing/Middleware/SubstituteBindings.php(41): Illuminate\\Pipeline\\Pipeline->Illuminate\\Pipeline\\{closure}()
#7 /home/alejandro/play-work/playgroup-admin---laravel/vendor/laravel/framework/src/Illuminate/Pipeline/Pipeline.php(171): Illuminate\\Routing\\Middleware\\SubstituteBindings->handle()
#8 /home/alejandro/play-work/playgroup-admin---laravel/vendor/laravel/framework/src/Illuminate/Pipeline/Pipeline.php(105): Illuminate\\Pipeline\\Pipeline->Illuminate\\Pipeline\\{closure}()
#9 /home/alejandro/play-work/playgroup-admin---laravel/vendor/laravel/framework/src/Illuminate/Routing/Router.php(683): Illuminate\\Pipeline\\Pipeline->then()
#10 /home/alejandro/play-work/playgroup-admin---laravel/vendor/laravel/framework/src/Illuminate/Routing/Router.php(658): Illuminate\\Routing\\Router->runRouteWithinStack()
#11 /home/alejandro/play-work/playgroup-admin---laravel/vendor/laravel/framework/src/Illuminate/Routing/Router.php(624): Illuminate\\Routing\\Router->runRoute()
#12 /home/alejandro/play-work/playgroup-admin---laravel/vendor/laravel/framework/src/Illuminate/Routing/Router.php(613): Illuminate\\Routing\\Router->dispatchToRoute()
#13 /home/alejandro/play-work/playgroup-admin---laravel/vendor/laravel/framework/src/Illuminate/Foundation/Http/Kernel.php(170): Illuminate\\Routing\\Router->dispatch()
#14 /home/alejandro/play-work/playgroup-admin---laravel/vendor/laravel/framework/src/Illuminate/Pipeline/Pipeline.php(130): Illuminate\\Foundation\\Http\\Kernel->Illuminate\\Foundation\\Http\\{closure}()
#15 /home/alejandro/play-work/playgroup-admin---laravel/vendor/laravel/framework/src/Illuminate/Foundation/Http/Middleware/TransformsRequest.php(21): Illuminate\\Pipeline\\Pipeline->Illuminate\\Pipeline\\{closure}()
#16 /home/alejandro/play-work/playgroup-admin---laravel/vendor/laravel/framework/src/Illuminate/Pipeline/Pipeline.php(171): Illuminate\\Foundation\\Http\\Middleware\\TransformsRequest->handle()
#17 /home/alejandro/play-work/playgroup-admin---laravel/vendor/laravel/framework/src/Illuminate/Foundation/Http/Middleware/TransformsRequest.php(21): Illuminate\\Pipeline\\Pipeline->Illuminate\\Pipeline\\{closure}()
#18 /home/alejandro/play-work/playgroup-admin---laravel/vendor/laravel/framework/src/Illuminate/Pipeline/Pipeline.php(171): Illuminate\\Foundation\\Http\\Middleware\\TransformsRequest->handle()
#19 /home/alejandro/play-work/playgroup-admin---laravel/vendor/laravel/framework/src/Illuminate/Foundation/Http/Middleware/ValidatePostSize.php(27): Illuminate\\Pipeline\\Pipeline->Illuminate\\Pipeline\\{closure}()
#20 /home/alejandro/play-work/playgroup-admin---laravel/vendor/laravel/framework/src/Illuminate/Pipeline/Pipeline.php(171): Illuminate\\Foundation\\Http\\Middleware\\ValidatePostSize->handle()
#21 /home/alejandro/play-work/playgroup-admin---laravel/vendor/laravel/framework/src/Illuminate/Foundation/Http/Middleware/CheckForMaintenanceMode.php(63): Illuminate\\Pipeline\\Pipeline->Illuminate\\Pipeline\\{closure}()
#22 /home/alejandro/play-work/playgroup-admin---laravel/vendor/laravel/framework/src/Illuminate/Pipeline/Pipeline.php(171): Illuminate\\Foundation\\Http\\Middleware\\CheckForMaintenanceMode->handle()
#23 /home/alejandro/play-work/playgroup-admin---laravel/vendor/fideloper/proxy/src/TrustProxies.php(57): Illuminate\\Pipeline\\Pipeline->Illuminate\\Pipeline\\{closure}()
#24 /home/alejandro/play-work/playgroup-admin---laravel/vendor/laravel/framework/src/Illuminate/Pipeline/Pipeline.php(171): Fideloper\\Proxy\\TrustProxies->handle()
#25 /home/alejandro/play-work/playgroup-admin---laravel/vendor/laravel/framework/src/Illuminate/Pipeline/Pipeline.php(105): Illuminate\\Pipeline\\Pipeline->Illuminate\\Pipeline\\{closure}()
#26 /home/alejandro/play-work/playgroup-admin---laravel/vendor/laravel/framework/src/Illuminate/Foundation/Http/Kernel.php(145): Illuminate\\Pipeline\\Pipeline->then()
#27 /home/alejandro/play-work/playgroup-admin---laravel/vendor/laravel/framework/src/Illuminate/Foundation/Http/Kernel.php(110): Illuminate\\Foundation\\Http\\Kernel->sendRequestThroughRouter()
#28 /home/alejandro/play-work/playgroup-admin---laravel/public/index.php(55): Illuminate\\Foundation\\Http\\Kernel->handle()
#29 /home/alejandro/play-work/playgroup-admin---laravel/server.php(21): require_once('/home/alejandro...')
#30 {main}
"} 
[2025-05-17 22:55:08] local.ERROR: Trying to get property 'content' of non-object {"exception":"[object] (ErrorException(code: 0): Trying to get property 'content' of non-object at /home/alejandro/play-work/playgroup-admin---laravel/app/Http/Controllers/Api/ApiController.php:80)
[stacktrace]
#0 /home/alejandro/play-work/playgroup-admin---laravel/app/Http/Controllers/Api/ApiController.php(80): Illuminate\\Foundation\\Bootstrap\\HandleExceptions->handleError()
#1 /home/alejandro/play-work/playgroup-admin---laravel/vendor/laravel/framework/src/Illuminate/Routing/Controller.php(54): App\\Http\\Controllers\\Api\\ApiController->qualityProcessData()
#2 /home/alejandro/play-work/playgroup-admin---laravel/vendor/laravel/framework/src/Illuminate/Routing/ControllerDispatcher.php(45): Illuminate\\Routing\\Controller->callAction()
#3 /home/alejandro/play-work/playgroup-admin---laravel/vendor/laravel/framework/src/Illuminate/Routing/Route.php(219): Illuminate\\Routing\\ControllerDispatcher->dispatch()
#4 /home/alejandro/play-work/playgroup-admin---laravel/vendor/laravel/framework/src/Illuminate/Routing/Route.php(176): Illuminate\\Routing\\Route->runController()
#5 /home/alejandro/play-work/playgroup-admin---laravel/vendor/laravel/framework/src/Illuminate/Routing/Router.php(681): Illuminate\\Routing\\Route->run()
#6 /home/alejandro/play-work/playgroup-admin---laravel/vendor/laravel/framework/src/Illuminate/Pipeline/Pipeline.php(130): Illuminate\\Routing\\Router->Illuminate\\Routing\\{closure}()
#7 /home/alejandro/play-work/playgroup-admin---laravel/vendor/laravel/framework/src/Illuminate/Routing/Middleware/SubstituteBindings.php(41): Illuminate\\Pipeline\\Pipeline->Illuminate\\Pipeline\\{closure}()
#8 /home/alejandro/play-work/playgroup-admin---laravel/vendor/laravel/framework/src/Illuminate/Pipeline/Pipeline.php(171): Illuminate\\Routing\\Middleware\\SubstituteBindings->handle()
#9 /home/alejandro/play-work/playgroup-admin---laravel/vendor/laravel/framework/src/Illuminate/Pipeline/Pipeline.php(105): Illuminate\\Pipeline\\Pipeline->Illuminate\\Pipeline\\{closure}()
#10 /home/alejandro/play-work/playgroup-admin---laravel/vendor/laravel/framework/src/Illuminate/Routing/Router.php(683): Illuminate\\Pipeline\\Pipeline->then()
#11 /home/alejandro/play-work/playgroup-admin---laravel/vendor/laravel/framework/src/Illuminate/Routing/Router.php(658): Illuminate\\Routing\\Router->runRouteWithinStack()
#12 /home/alejandro/play-work/playgroup-admin---laravel/vendor/laravel/framework/src/Illuminate/Routing/Router.php(624): Illuminate\\Routing\\Router->runRoute()
#13 /home/alejandro/play-work/playgroup-admin---laravel/vendor/laravel/framework/src/Illuminate/Routing/Router.php(613): Illuminate\\Routing\\Router->dispatchToRoute()
#14 /home/alejandro/play-work/playgroup-admin---laravel/vendor/laravel/framework/src/Illuminate/Foundation/Http/Kernel.php(170): Illuminate\\Routing\\Router->dispatch()
#15 /home/alejandro/play-work/playgroup-admin---laravel/vendor/laravel/framework/src/Illuminate/Pipeline/Pipeline.php(130): Illuminate\\Foundation\\Http\\Kernel->Illuminate\\Foundation\\Http\\{closure}()
#16 /home/alejandro/play-work/playgroup-admin---laravel/vendor/laravel/framework/src/Illuminate/Foundation/Http/Middleware/TransformsRequest.php(21): Illuminate\\Pipeline\\Pipeline->Illuminate\\Pipeline\\{closure}()
#17 /home/alejandro/play-work/playgroup-admin---laravel/vendor/laravel/framework/src/Illuminate/Pipeline/Pipeline.php(171): Illuminate\\Foundation\\Http\\Middleware\\TransformsRequest->handle()
#18 /home/alejandro/play-work/playgroup-admin---laravel/vendor/laravel/framework/src/Illuminate/Foundation/Http/Middleware/TransformsRequest.php(21): Illuminate\\Pipeline\\Pipeline->Illuminate\\Pipeline\\{closure}()
#19 /home/alejandro/play-work/playgroup-admin---laravel/vendor/laravel/framework/src/Illuminate/Pipeline/Pipeline.php(171): Illuminate\\Foundation\\Http\\Middleware\\TransformsRequest->handle()
#20 /home/alejandro/play-work/playgroup-admin---laravel/vendor/laravel/framework/src/Illuminate/Foundation/Http/Middleware/ValidatePostSize.php(27): Illuminate\\Pipeline\\Pipeline->Illuminate\\Pipeline\\{closure}()
#21 /home/alejandro/play-work/playgroup-admin---laravel/vendor/laravel/framework/src/Illuminate/Pipeline/Pipeline.php(171): Illuminate\\Foundation\\Http\\Middleware\\ValidatePostSize->handle()
#22 /home/alejandro/play-work/playgroup-admin---laravel/vendor/laravel/framework/src/Illuminate/Foundation/Http/Middleware/CheckForMaintenanceMode.php(63): Illuminate\\Pipeline\\Pipeline->Illuminate\\Pipeline\\{closure}()
#23 /home/alejandro/play-work/playgroup-admin---laravel/vendor/laravel/framework/src/Illuminate/Pipeline/Pipeline.php(171): Illuminate\\Foundation\\Http\\Middleware\\CheckForMaintenanceMode->handle()
#24 /home/alejandro/play-work/playgroup-admin---laravel/vendor/fideloper/proxy/src/TrustProxies.php(57): Illuminate\\Pipeline\\Pipeline->Illuminate\\Pipeline\\{closure}()
#25 /home/alejandro/play-work/playgroup-admin---laravel/vendor/laravel/framework/src/Illuminate/Pipeline/Pipeline.php(171): Fideloper\\Proxy\\TrustProxies->handle()
#26 /home/alejandro/play-work/playgroup-admin---laravel/vendor/laravel/framework/src/Illuminate/Pipeline/Pipeline.php(105): Illuminate\\Pipeline\\Pipeline->Illuminate\\Pipeline\\{closure}()
#27 /home/alejandro/play-work/playgroup-admin---laravel/vendor/laravel/framework/src/Illuminate/Foundation/Http/Kernel.php(145): Illuminate\\Pipeline\\Pipeline->then()
#28 /home/alejandro/play-work/playgroup-admin---laravel/vendor/laravel/framework/src/Illuminate/Foundation/Http/Kernel.php(110): Illuminate\\Foundation\\Http\\Kernel->sendRequestThroughRouter()
#29 /home/alejandro/play-work/playgroup-admin---laravel/public/index.php(55): Illuminate\\Foundation\\Http\\Kernel->handle()
#30 /home/alejandro/play-work/playgroup-admin---laravel/server.php(21): require_once('/home/alejandro...')
#31 {main}
"} 
[2025-05-17 23:03:20] local.ERROR: Call to a member function unsetRelation() on null {"exception":"[object] (Symfony\\Component\\Debug\\Exception\\FatalThrowableError(code: 0): Call to a member function unsetRelation() on null at /home/alejandro/play-work/playgroup-admin---laravel/app/Http/Controllers/Api/PageController.php:45)
[stacktrace]
#0 /home/alejandro/play-work/playgroup-admin---laravel/vendor/laravel/framework/src/Illuminate/Routing/Controller.php(54): App\\Http\\Controllers\\Api\\PageController->getPodcasts()
#1 /home/alejandro/play-work/playgroup-admin---laravel/vendor/laravel/framework/src/Illuminate/Routing/ControllerDispatcher.php(45): Illuminate\\Routing\\Controller->callAction()
#2 /home/alejandro/play-work/playgroup-admin---laravel/vendor/laravel/framework/src/Illuminate/Routing/Route.php(219): Illuminate\\Routing\\ControllerDispatcher->dispatch()
#3 /home/alejandro/play-work/playgroup-admin---laravel/vendor/laravel/framework/src/Illuminate/Routing/Route.php(176): Illuminate\\Routing\\Route->runController()
#4 /home/alejandro/play-work/playgroup-admin---laravel/vendor/laravel/framework/src/Illuminate/Routing/Router.php(681): Illuminate\\Routing\\Route->run()
#5 /home/alejandro/play-work/playgroup-admin---laravel/vendor/laravel/framework/src/Illuminate/Pipeline/Pipeline.php(130): Illuminate\\Routing\\Router->Illuminate\\Routing\\{closure}()
#6 /home/alejandro/play-work/playgroup-admin---laravel/vendor/laravel/framework/src/Illuminate/Routing/Middleware/SubstituteBindings.php(41): Illuminate\\Pipeline\\Pipeline->Illuminate\\Pipeline\\{closure}()
#7 /home/alejandro/play-work/playgroup-admin---laravel/vendor/laravel/framework/src/Illuminate/Pipeline/Pipeline.php(171): Illuminate\\Routing\\Middleware\\SubstituteBindings->handle()
#8 /home/alejandro/play-work/playgroup-admin---laravel/vendor/laravel/framework/src/Illuminate/Pipeline/Pipeline.php(105): Illuminate\\Pipeline\\Pipeline->Illuminate\\Pipeline\\{closure}()
#9 /home/alejandro/play-work/playgroup-admin---laravel/vendor/laravel/framework/src/Illuminate/Routing/Router.php(683): Illuminate\\Pipeline\\Pipeline->then()
#10 /home/alejandro/play-work/playgroup-admin---laravel/vendor/laravel/framework/src/Illuminate/Routing/Router.php(658): Illuminate\\Routing\\Router->runRouteWithinStack()
#11 /home/alejandro/play-work/playgroup-admin---laravel/vendor/laravel/framework/src/Illuminate/Routing/Router.php(624): Illuminate\\Routing\\Router->runRoute()
#12 /home/alejandro/play-work/playgroup-admin---laravel/vendor/laravel/framework/src/Illuminate/Routing/Router.php(613): Illuminate\\Routing\\Router->dispatchToRoute()
#13 /home/alejandro/play-work/playgroup-admin---laravel/vendor/laravel/framework/src/Illuminate/Foundation/Http/Kernel.php(170): Illuminate\\Routing\\Router->dispatch()
#14 /home/alejandro/play-work/playgroup-admin---laravel/vendor/laravel/framework/src/Illuminate/Pipeline/Pipeline.php(130): Illuminate\\Foundation\\Http\\Kernel->Illuminate\\Foundation\\Http\\{closure}()
#15 /home/alejandro/play-work/playgroup-admin---laravel/vendor/laravel/framework/src/Illuminate/Foundation/Http/Middleware/TransformsRequest.php(21): Illuminate\\Pipeline\\Pipeline->Illuminate\\Pipeline\\{closure}()
#16 /home/alejandro/play-work/playgroup-admin---laravel/vendor/laravel/framework/src/Illuminate/Pipeline/Pipeline.php(171): Illuminate\\Foundation\\Http\\Middleware\\TransformsRequest->handle()
#17 /home/alejandro/play-work/playgroup-admin---laravel/vendor/laravel/framework/src/Illuminate/Foundation/Http/Middleware/TransformsRequest.php(21): Illuminate\\Pipeline\\Pipeline->Illuminate\\Pipeline\\{closure}()
#18 /home/alejandro/play-work/playgroup-admin---laravel/vendor/laravel/framework/src/Illuminate/Pipeline/Pipeline.php(171): Illuminate\\Foundation\\Http\\Middleware\\TransformsRequest->handle()
#19 /home/alejandro/play-work/playgroup-admin---laravel/vendor/laravel/framework/src/Illuminate/Foundation/Http/Middleware/ValidatePostSize.php(27): Illuminate\\Pipeline\\Pipeline->Illuminate\\Pipeline\\{closure}()
#20 /home/alejandro/play-work/playgroup-admin---laravel/vendor/laravel/framework/src/Illuminate/Pipeline/Pipeline.php(171): Illuminate\\Foundation\\Http\\Middleware\\ValidatePostSize->handle()
#21 /home/alejandro/play-work/playgroup-admin---laravel/vendor/laravel/framework/src/Illuminate/Foundation/Http/Middleware/CheckForMaintenanceMode.php(63): Illuminate\\Pipeline\\Pipeline->Illuminate\\Pipeline\\{closure}()
#22 /home/alejandro/play-work/playgroup-admin---laravel/vendor/laravel/framework/src/Illuminate/Pipeline/Pipeline.php(171): Illuminate\\Foundation\\Http\\Middleware\\CheckForMaintenanceMode->handle()
#23 /home/alejandro/play-work/playgroup-admin---laravel/vendor/fideloper/proxy/src/TrustProxies.php(57): Illuminate\\Pipeline\\Pipeline->Illuminate\\Pipeline\\{closure}()
#24 /home/alejandro/play-work/playgroup-admin---laravel/vendor/laravel/framework/src/Illuminate/Pipeline/Pipeline.php(171): Fideloper\\Proxy\\TrustProxies->handle()
#25 /home/alejandro/play-work/playgroup-admin---laravel/vendor/laravel/framework/src/Illuminate/Pipeline/Pipeline.php(105): Illuminate\\Pipeline\\Pipeline->Illuminate\\Pipeline\\{closure}()
#26 /home/alejandro/play-work/playgroup-admin---laravel/vendor/laravel/framework/src/Illuminate/Foundation/Http/Kernel.php(145): Illuminate\\Pipeline\\Pipeline->then()
#27 /home/alejandro/play-work/playgroup-admin---laravel/vendor/laravel/framework/src/Illuminate/Foundation/Http/Kernel.php(110): Illuminate\\Foundation\\Http\\Kernel->sendRequestThroughRouter()
#28 /home/alejandro/play-work/playgroup-admin---laravel/public/index.php(55): Illuminate\\Foundation\\Http\\Kernel->handle()
#29 /home/alejandro/play-work/playgroup-admin---laravel/server.php(21): require_once('/home/alejandro...')
#30 {main}
"} 
[2025-05-17 23:03:20] local.ERROR: Trying to get property 'content' of non-object {"exception":"[object] (ErrorException(code: 0): Trying to get property 'content' of non-object at /home/alejandro/play-work/playgroup-admin---laravel/app/Http/Controllers/Api/ApiController.php:80)
[stacktrace]
#0 /home/alejandro/play-work/playgroup-admin---laravel/app/Http/Controllers/Api/ApiController.php(80): Illuminate\\Foundation\\Bootstrap\\HandleExceptions->handleError()
#1 /home/alejandro/play-work/playgroup-admin---laravel/vendor/laravel/framework/src/Illuminate/Routing/Controller.php(54): App\\Http\\Controllers\\Api\\ApiController->qualityProcessData()
#2 /home/alejandro/play-work/playgroup-admin---laravel/vendor/laravel/framework/src/Illuminate/Routing/ControllerDispatcher.php(45): Illuminate\\Routing\\Controller->callAction()
#3 /home/alejandro/play-work/playgroup-admin---laravel/vendor/laravel/framework/src/Illuminate/Routing/Route.php(219): Illuminate\\Routing\\ControllerDispatcher->dispatch()
#4 /home/alejandro/play-work/playgroup-admin---laravel/vendor/laravel/framework/src/Illuminate/Routing/Route.php(176): Illuminate\\Routing\\Route->runController()
#5 /home/alejandro/play-work/playgroup-admin---laravel/vendor/laravel/framework/src/Illuminate/Routing/Router.php(681): Illuminate\\Routing\\Route->run()
#6 /home/alejandro/play-work/playgroup-admin---laravel/vendor/laravel/framework/src/Illuminate/Pipeline/Pipeline.php(130): Illuminate\\Routing\\Router->Illuminate\\Routing\\{closure}()
#7 /home/alejandro/play-work/playgroup-admin---laravel/vendor/laravel/framework/src/Illuminate/Routing/Middleware/SubstituteBindings.php(41): Illuminate\\Pipeline\\Pipeline->Illuminate\\Pipeline\\{closure}()
#8 /home/alejandro/play-work/playgroup-admin---laravel/vendor/laravel/framework/src/Illuminate/Pipeline/Pipeline.php(171): Illuminate\\Routing\\Middleware\\SubstituteBindings->handle()
#9 /home/alejandro/play-work/playgroup-admin---laravel/vendor/laravel/framework/src/Illuminate/Pipeline/Pipeline.php(105): Illuminate\\Pipeline\\Pipeline->Illuminate\\Pipeline\\{closure}()
#10 /home/alejandro/play-work/playgroup-admin---laravel/vendor/laravel/framework/src/Illuminate/Routing/Router.php(683): Illuminate\\Pipeline\\Pipeline->then()
#11 /home/alejandro/play-work/playgroup-admin---laravel/vendor/laravel/framework/src/Illuminate/Routing/Router.php(658): Illuminate\\Routing\\Router->runRouteWithinStack()
#12 /home/alejandro/play-work/playgroup-admin---laravel/vendor/laravel/framework/src/Illuminate/Routing/Router.php(624): Illuminate\\Routing\\Router->runRoute()
#13 /home/alejandro/play-work/playgroup-admin---laravel/vendor/laravel/framework/src/Illuminate/Routing/Router.php(613): Illuminate\\Routing\\Router->dispatchToRoute()
#14 /home/alejandro/play-work/playgroup-admin---laravel/vendor/laravel/framework/src/Illuminate/Foundation/Http/Kernel.php(170): Illuminate\\Routing\\Router->dispatch()
#15 /home/alejandro/play-work/playgroup-admin---laravel/vendor/laravel/framework/src/Illuminate/Pipeline/Pipeline.php(130): Illuminate\\Foundation\\Http\\Kernel->Illuminate\\Foundation\\Http\\{closure}()
#16 /home/alejandro/play-work/playgroup-admin---laravel/vendor/laravel/framework/src/Illuminate/Foundation/Http/Middleware/TransformsRequest.php(21): Illuminate\\Pipeline\\Pipeline->Illuminate\\Pipeline\\{closure}()
#17 /home/alejandro/play-work/playgroup-admin---laravel/vendor/laravel/framework/src/Illuminate/Pipeline/Pipeline.php(171): Illuminate\\Foundation\\Http\\Middleware\\TransformsRequest->handle()
#18 /home/alejandro/play-work/playgroup-admin---laravel/vendor/laravel/framework/src/Illuminate/Foundation/Http/Middleware/TransformsRequest.php(21): Illuminate\\Pipeline\\Pipeline->Illuminate\\Pipeline\\{closure}()
#19 /home/alejandro/play-work/playgroup-admin---laravel/vendor/laravel/framework/src/Illuminate/Pipeline/Pipeline.php(171): Illuminate\\Foundation\\Http\\Middleware\\TransformsRequest->handle()
#20 /home/alejandro/play-work/playgroup-admin---laravel/vendor/laravel/framework/src/Illuminate/Foundation/Http/Middleware/ValidatePostSize.php(27): Illuminate\\Pipeline\\Pipeline->Illuminate\\Pipeline\\{closure}()
#21 /home/alejandro/play-work/playgroup-admin---laravel/vendor/laravel/framework/src/Illuminate/Pipeline/Pipeline.php(171): Illuminate\\Foundation\\Http\\Middleware\\ValidatePostSize->handle()
#22 /home/alejandro/play-work/playgroup-admin---laravel/vendor/laravel/framework/src/Illuminate/Foundation/Http/Middleware/CheckForMaintenanceMode.php(63): Illuminate\\Pipeline\\Pipeline->Illuminate\\Pipeline\\{closure}()
#23 /home/alejandro/play-work/playgroup-admin---laravel/vendor/laravel/framework/src/Illuminate/Pipeline/Pipeline.php(171): Illuminate\\Foundation\\Http\\Middleware\\CheckForMaintenanceMode->handle()
#24 /home/alejandro/play-work/playgroup-admin---laravel/vendor/fideloper/proxy/src/TrustProxies.php(57): Illuminate\\Pipeline\\Pipeline->Illuminate\\Pipeline\\{closure}()
#25 /home/alejandro/play-work/playgroup-admin---laravel/vendor/laravel/framework/src/Illuminate/Pipeline/Pipeline.php(171): Fideloper\\Proxy\\TrustProxies->handle()
#26 /home/alejandro/play-work/playgroup-admin---laravel/vendor/laravel/framework/src/Illuminate/Pipeline/Pipeline.php(105): Illuminate\\Pipeline\\Pipeline->Illuminate\\Pipeline\\{closure}()
#27 /home/alejandro/play-work/playgroup-admin---laravel/vendor/laravel/framework/src/Illuminate/Foundation/Http/Kernel.php(145): Illuminate\\Pipeline\\Pipeline->then()
#28 /home/alejandro/play-work/playgroup-admin---laravel/vendor/laravel/framework/src/Illuminate/Foundation/Http/Kernel.php(110): Illuminate\\Foundation\\Http\\Kernel->sendRequestThroughRouter()
#29 /home/alejandro/play-work/playgroup-admin---laravel/public/index.php(55): Illuminate\\Foundation\\Http\\Kernel->handle()
#30 /home/alejandro/play-work/playgroup-admin---laravel/server.php(21): require_once('/home/alejandro...')
#31 {main}
"} 
[2025-05-17 23:03:20] local.ERROR: Call to a member function unsetRelation() on null {"exception":"[object] (Symfony\\Component\\Debug\\Exception\\FatalThrowableError(code: 0): Call to a member function unsetRelation() on null at /home/alejandro/play-work/playgroup-admin---laravel/app/Http/Controllers/Api/PageController.php:45)
[stacktrace]
#0 /home/alejandro/play-work/playgroup-admin---laravel/vendor/laravel/framework/src/Illuminate/Routing/Controller.php(54): App\\Http\\Controllers\\Api\\PageController->getPodcasts()
#1 /home/alejandro/play-work/playgroup-admin---laravel/vendor/laravel/framework/src/Illuminate/Routing/ControllerDispatcher.php(45): Illuminate\\Routing\\Controller->callAction()
#2 /home/alejandro/play-work/playgroup-admin---laravel/vendor/laravel/framework/src/Illuminate/Routing/Route.php(219): Illuminate\\Routing\\ControllerDispatcher->dispatch()
#3 /home/alejandro/play-work/playgroup-admin---laravel/vendor/laravel/framework/src/Illuminate/Routing/Route.php(176): Illuminate\\Routing\\Route->runController()
#4 /home/alejandro/play-work/playgroup-admin---laravel/vendor/laravel/framework/src/Illuminate/Routing/Router.php(681): Illuminate\\Routing\\Route->run()
#5 /home/alejandro/play-work/playgroup-admin---laravel/vendor/laravel/framework/src/Illuminate/Pipeline/Pipeline.php(130): Illuminate\\Routing\\Router->Illuminate\\Routing\\{closure}()
#6 /home/alejandro/play-work/playgroup-admin---laravel/vendor/laravel/framework/src/Illuminate/Routing/Middleware/SubstituteBindings.php(41): Illuminate\\Pipeline\\Pipeline->Illuminate\\Pipeline\\{closure}()
#7 /home/alejandro/play-work/playgroup-admin---laravel/vendor/laravel/framework/src/Illuminate/Pipeline/Pipeline.php(171): Illuminate\\Routing\\Middleware\\SubstituteBindings->handle()
#8 /home/alejandro/play-work/playgroup-admin---laravel/vendor/laravel/framework/src/Illuminate/Pipeline/Pipeline.php(105): Illuminate\\Pipeline\\Pipeline->Illuminate\\Pipeline\\{closure}()
#9 /home/alejandro/play-work/playgroup-admin---laravel/vendor/laravel/framework/src/Illuminate/Routing/Router.php(683): Illuminate\\Pipeline\\Pipeline->then()
#10 /home/alejandro/play-work/playgroup-admin---laravel/vendor/laravel/framework/src/Illuminate/Routing/Router.php(658): Illuminate\\Routing\\Router->runRouteWithinStack()
#11 /home/alejandro/play-work/playgroup-admin---laravel/vendor/laravel/framework/src/Illuminate/Routing/Router.php(624): Illuminate\\Routing\\Router->runRoute()
#12 /home/alejandro/play-work/playgroup-admin---laravel/vendor/laravel/framework/src/Illuminate/Routing/Router.php(613): Illuminate\\Routing\\Router->dispatchToRoute()
#13 /home/alejandro/play-work/playgroup-admin---laravel/vendor/laravel/framework/src/Illuminate/Foundation/Http/Kernel.php(170): Illuminate\\Routing\\Router->dispatch()
#14 /home/alejandro/play-work/playgroup-admin---laravel/vendor/laravel/framework/src/Illuminate/Pipeline/Pipeline.php(130): Illuminate\\Foundation\\Http\\Kernel->Illuminate\\Foundation\\Http\\{closure}()
#15 /home/alejandro/play-work/playgroup-admin---laravel/vendor/laravel/framework/src/Illuminate/Foundation/Http/Middleware/TransformsRequest.php(21): Illuminate\\Pipeline\\Pipeline->Illuminate\\Pipeline\\{closure}()
#16 /home/alejandro/play-work/playgroup-admin---laravel/vendor/laravel/framework/src/Illuminate/Pipeline/Pipeline.php(171): Illuminate\\Foundation\\Http\\Middleware\\TransformsRequest->handle()
#17 /home/alejandro/play-work/playgroup-admin---laravel/vendor/laravel/framework/src/Illuminate/Foundation/Http/Middleware/TransformsRequest.php(21): Illuminate\\Pipeline\\Pipeline->Illuminate\\Pipeline\\{closure}()
#18 /home/alejandro/play-work/playgroup-admin---laravel/vendor/laravel/framework/src/Illuminate/Pipeline/Pipeline.php(171): Illuminate\\Foundation\\Http\\Middleware\\TransformsRequest->handle()
#19 /home/alejandro/play-work/playgroup-admin---laravel/vendor/laravel/framework/src/Illuminate/Foundation/Http/Middleware/ValidatePostSize.php(27): Illuminate\\Pipeline\\Pipeline->Illuminate\\Pipeline\\{closure}()
#20 /home/alejandro/play-work/playgroup-admin---laravel/vendor/laravel/framework/src/Illuminate/Pipeline/Pipeline.php(171): Illuminate\\Foundation\\Http\\Middleware\\ValidatePostSize->handle()
#21 /home/alejandro/play-work/playgroup-admin---laravel/vendor/laravel/framework/src/Illuminate/Foundation/Http/Middleware/CheckForMaintenanceMode.php(63): Illuminate\\Pipeline\\Pipeline->Illuminate\\Pipeline\\{closure}()
#22 /home/alejandro/play-work/playgroup-admin---laravel/vendor/laravel/framework/src/Illuminate/Pipeline/Pipeline.php(171): Illuminate\\Foundation\\Http\\Middleware\\CheckForMaintenanceMode->handle()
#23 /home/alejandro/play-work/playgroup-admin---laravel/vendor/fideloper/proxy/src/TrustProxies.php(57): Illuminate\\Pipeline\\Pipeline->Illuminate\\Pipeline\\{closure}()
#24 /home/alejandro/play-work/playgroup-admin---laravel/vendor/laravel/framework/src/Illuminate/Pipeline/Pipeline.php(171): Fideloper\\Proxy\\TrustProxies->handle()
#25 /home/alejandro/play-work/playgroup-admin---laravel/vendor/laravel/framework/src/Illuminate/Pipeline/Pipeline.php(105): Illuminate\\Pipeline\\Pipeline->Illuminate\\Pipeline\\{closure}()
#26 /home/alejandro/play-work/playgroup-admin---laravel/vendor/laravel/framework/src/Illuminate/Foundation/Http/Kernel.php(145): Illuminate\\Pipeline\\Pipeline->then()
#27 /home/alejandro/play-work/playgroup-admin---laravel/vendor/laravel/framework/src/Illuminate/Foundation/Http/Kernel.php(110): Illuminate\\Foundation\\Http\\Kernel->sendRequestThroughRouter()
#28 /home/alejandro/play-work/playgroup-admin---laravel/public/index.php(55): Illuminate\\Foundation\\Http\\Kernel->handle()
#29 /home/alejandro/play-work/playgroup-admin---laravel/server.php(21): require_once('/home/alejandro...')
#30 {main}
"} 
[2025-05-17 23:03:20] local.ERROR: Trying to get property 'content' of non-object {"exception":"[object] (ErrorException(code: 0): Trying to get property 'content' of non-object at /home/alejandro/play-work/playgroup-admin---laravel/app/Http/Controllers/Api/ApiController.php:80)
[stacktrace]
#0 /home/alejandro/play-work/playgroup-admin---laravel/app/Http/Controllers/Api/ApiController.php(80): Illuminate\\Foundation\\Bootstrap\\HandleExceptions->handleError()
#1 /home/alejandro/play-work/playgroup-admin---laravel/vendor/laravel/framework/src/Illuminate/Routing/Controller.php(54): App\\Http\\Controllers\\Api\\ApiController->qualityProcessData()
#2 /home/alejandro/play-work/playgroup-admin---laravel/vendor/laravel/framework/src/Illuminate/Routing/ControllerDispatcher.php(45): Illuminate\\Routing\\Controller->callAction()
#3 /home/alejandro/play-work/playgroup-admin---laravel/vendor/laravel/framework/src/Illuminate/Routing/Route.php(219): Illuminate\\Routing\\ControllerDispatcher->dispatch()
#4 /home/alejandro/play-work/playgroup-admin---laravel/vendor/laravel/framework/src/Illuminate/Routing/Route.php(176): Illuminate\\Routing\\Route->runController()
#5 /home/alejandro/play-work/playgroup-admin---laravel/vendor/laravel/framework/src/Illuminate/Routing/Router.php(681): Illuminate\\Routing\\Route->run()
#6 /home/alejandro/play-work/playgroup-admin---laravel/vendor/laravel/framework/src/Illuminate/Pipeline/Pipeline.php(130): Illuminate\\Routing\\Router->Illuminate\\Routing\\{closure}()
#7 /home/alejandro/play-work/playgroup-admin---laravel/vendor/laravel/framework/src/Illuminate/Routing/Middleware/SubstituteBindings.php(41): Illuminate\\Pipeline\\Pipeline->Illuminate\\Pipeline\\{closure}()
#8 /home/alejandro/play-work/playgroup-admin---laravel/vendor/laravel/framework/src/Illuminate/Pipeline/Pipeline.php(171): Illuminate\\Routing\\Middleware\\SubstituteBindings->handle()
#9 /home/alejandro/play-work/playgroup-admin---laravel/vendor/laravel/framework/src/Illuminate/Pipeline/Pipeline.php(105): Illuminate\\Pipeline\\Pipeline->Illuminate\\Pipeline\\{closure}()
#10 /home/alejandro/play-work/playgroup-admin---laravel/vendor/laravel/framework/src/Illuminate/Routing/Router.php(683): Illuminate\\Pipeline\\Pipeline->then()
#11 /home/alejandro/play-work/playgroup-admin---laravel/vendor/laravel/framework/src/Illuminate/Routing/Router.php(658): Illuminate\\Routing\\Router->runRouteWithinStack()
#12 /home/alejandro/play-work/playgroup-admin---laravel/vendor/laravel/framework/src/Illuminate/Routing/Router.php(624): Illuminate\\Routing\\Router->runRoute()
#13 /home/alejandro/play-work/playgroup-admin---laravel/vendor/laravel/framework/src/Illuminate/Routing/Router.php(613): Illuminate\\Routing\\Router->dispatchToRoute()
#14 /home/alejandro/play-work/playgroup-admin---laravel/vendor/laravel/framework/src/Illuminate/Foundation/Http/Kernel.php(170): Illuminate\\Routing\\Router->dispatch()
#15 /home/alejandro/play-work/playgroup-admin---laravel/vendor/laravel/framework/src/Illuminate/Pipeline/Pipeline.php(130): Illuminate\\Foundation\\Http\\Kernel->Illuminate\\Foundation\\Http\\{closure}()
#16 /home/alejandro/play-work/playgroup-admin---laravel/vendor/laravel/framework/src/Illuminate/Foundation/Http/Middleware/TransformsRequest.php(21): Illuminate\\Pipeline\\Pipeline->Illuminate\\Pipeline\\{closure}()
#17 /home/alejandro/play-work/playgroup-admin---laravel/vendor/laravel/framework/src/Illuminate/Pipeline/Pipeline.php(171): Illuminate\\Foundation\\Http\\Middleware\\TransformsRequest->handle()
#18 /home/alejandro/play-work/playgroup-admin---laravel/vendor/laravel/framework/src/Illuminate/Foundation/Http/Middleware/TransformsRequest.php(21): Illuminate\\Pipeline\\Pipeline->Illuminate\\Pipeline\\{closure}()
#19 /home/alejandro/play-work/playgroup-admin---laravel/vendor/laravel/framework/src/Illuminate/Pipeline/Pipeline.php(171): Illuminate\\Foundation\\Http\\Middleware\\TransformsRequest->handle()
#20 /home/alejandro/play-work/playgroup-admin---laravel/vendor/laravel/framework/src/Illuminate/Foundation/Http/Middleware/ValidatePostSize.php(27): Illuminate\\Pipeline\\Pipeline->Illuminate\\Pipeline\\{closure}()
#21 /home/alejandro/play-work/playgroup-admin---laravel/vendor/laravel/framework/src/Illuminate/Pipeline/Pipeline.php(171): Illuminate\\Foundation\\Http\\Middleware\\ValidatePostSize->handle()
#22 /home/alejandro/play-work/playgroup-admin---laravel/vendor/laravel/framework/src/Illuminate/Foundation/Http/Middleware/CheckForMaintenanceMode.php(63): Illuminate\\Pipeline\\Pipeline->Illuminate\\Pipeline\\{closure}()
#23 /home/alejandro/play-work/playgroup-admin---laravel/vendor/laravel/framework/src/Illuminate/Pipeline/Pipeline.php(171): Illuminate\\Foundation\\Http\\Middleware\\CheckForMaintenanceMode->handle()
#24 /home/alejandro/play-work/playgroup-admin---laravel/vendor/fideloper/proxy/src/TrustProxies.php(57): Illuminate\\Pipeline\\Pipeline->Illuminate\\Pipeline\\{closure}()
#25 /home/alejandro/play-work/playgroup-admin---laravel/vendor/laravel/framework/src/Illuminate/Pipeline/Pipeline.php(171): Fideloper\\Proxy\\TrustProxies->handle()
#26 /home/alejandro/play-work/playgroup-admin---laravel/vendor/laravel/framework/src/Illuminate/Pipeline/Pipeline.php(105): Illuminate\\Pipeline\\Pipeline->Illuminate\\Pipeline\\{closure}()
#27 /home/alejandro/play-work/playgroup-admin---laravel/vendor/laravel/framework/src/Illuminate/Foundation/Http/Kernel.php(145): Illuminate\\Pipeline\\Pipeline->then()
#28 /home/alejandro/play-work/playgroup-admin---laravel/vendor/laravel/framework/src/Illuminate/Foundation/Http/Kernel.php(110): Illuminate\\Foundation\\Http\\Kernel->sendRequestThroughRouter()
#29 /home/alejandro/play-work/playgroup-admin---laravel/public/index.php(55): Illuminate\\Foundation\\Http\\Kernel->handle()
#30 /home/alejandro/play-work/playgroup-admin---laravel/server.php(21): require_once('/home/alejandro...')
#31 {main}
"} 
[2025-05-17 23:04:03] local.ERROR: Call to a member function unsetRelation() on null {"exception":"[object] (Symfony\\Component\\Debug\\Exception\\FatalThrowableError(code: 0): Call to a member function unsetRelation() on null at /home/alejandro/play-work/playgroup-admin---laravel/app/Http/Controllers/Api/PageController.php:45)
[stacktrace]
#0 /home/alejandro/play-work/playgroup-admin---laravel/vendor/laravel/framework/src/Illuminate/Routing/Controller.php(54): App\\Http\\Controllers\\Api\\PageController->getPodcasts()
#1 /home/alejandro/play-work/playgroup-admin---laravel/vendor/laravel/framework/src/Illuminate/Routing/ControllerDispatcher.php(45): Illuminate\\Routing\\Controller->callAction()
#2 /home/alejandro/play-work/playgroup-admin---laravel/vendor/laravel/framework/src/Illuminate/Routing/Route.php(219): Illuminate\\Routing\\ControllerDispatcher->dispatch()
#3 /home/alejandro/play-work/playgroup-admin---laravel/vendor/laravel/framework/src/Illuminate/Routing/Route.php(176): Illuminate\\Routing\\Route->runController()
#4 /home/alejandro/play-work/playgroup-admin---laravel/vendor/laravel/framework/src/Illuminate/Routing/Router.php(681): Illuminate\\Routing\\Route->run()
#5 /home/alejandro/play-work/playgroup-admin---laravel/vendor/laravel/framework/src/Illuminate/Pipeline/Pipeline.php(130): Illuminate\\Routing\\Router->Illuminate\\Routing\\{closure}()
#6 /home/alejandro/play-work/playgroup-admin---laravel/vendor/laravel/framework/src/Illuminate/Routing/Middleware/SubstituteBindings.php(41): Illuminate\\Pipeline\\Pipeline->Illuminate\\Pipeline\\{closure}()
#7 /home/alejandro/play-work/playgroup-admin---laravel/vendor/laravel/framework/src/Illuminate/Pipeline/Pipeline.php(171): Illuminate\\Routing\\Middleware\\SubstituteBindings->handle()
#8 /home/alejandro/play-work/playgroup-admin---laravel/vendor/laravel/framework/src/Illuminate/Pipeline/Pipeline.php(105): Illuminate\\Pipeline\\Pipeline->Illuminate\\Pipeline\\{closure}()
#9 /home/alejandro/play-work/playgroup-admin---laravel/vendor/laravel/framework/src/Illuminate/Routing/Router.php(683): Illuminate\\Pipeline\\Pipeline->then()
#10 /home/alejandro/play-work/playgroup-admin---laravel/vendor/laravel/framework/src/Illuminate/Routing/Router.php(658): Illuminate\\Routing\\Router->runRouteWithinStack()
#11 /home/alejandro/play-work/playgroup-admin---laravel/vendor/laravel/framework/src/Illuminate/Routing/Router.php(624): Illuminate\\Routing\\Router->runRoute()
#12 /home/alejandro/play-work/playgroup-admin---laravel/vendor/laravel/framework/src/Illuminate/Routing/Router.php(613): Illuminate\\Routing\\Router->dispatchToRoute()
#13 /home/alejandro/play-work/playgroup-admin---laravel/vendor/laravel/framework/src/Illuminate/Foundation/Http/Kernel.php(170): Illuminate\\Routing\\Router->dispatch()
#14 /home/alejandro/play-work/playgroup-admin---laravel/vendor/laravel/framework/src/Illuminate/Pipeline/Pipeline.php(130): Illuminate\\Foundation\\Http\\Kernel->Illuminate\\Foundation\\Http\\{closure}()
#15 /home/alejandro/play-work/playgroup-admin---laravel/vendor/laravel/framework/src/Illuminate/Foundation/Http/Middleware/TransformsRequest.php(21): Illuminate\\Pipeline\\Pipeline->Illuminate\\Pipeline\\{closure}()
#16 /home/alejandro/play-work/playgroup-admin---laravel/vendor/laravel/framework/src/Illuminate/Pipeline/Pipeline.php(171): Illuminate\\Foundation\\Http\\Middleware\\TransformsRequest->handle()
#17 /home/alejandro/play-work/playgroup-admin---laravel/vendor/laravel/framework/src/Illuminate/Foundation/Http/Middleware/TransformsRequest.php(21): Illuminate\\Pipeline\\Pipeline->Illuminate\\Pipeline\\{closure}()
#18 /home/alejandro/play-work/playgroup-admin---laravel/vendor/laravel/framework/src/Illuminate/Pipeline/Pipeline.php(171): Illuminate\\Foundation\\Http\\Middleware\\TransformsRequest->handle()
#19 /home/alejandro/play-work/playgroup-admin---laravel/vendor/laravel/framework/src/Illuminate/Foundation/Http/Middleware/ValidatePostSize.php(27): Illuminate\\Pipeline\\Pipeline->Illuminate\\Pipeline\\{closure}()
#20 /home/alejandro/play-work/playgroup-admin---laravel/vendor/laravel/framework/src/Illuminate/Pipeline/Pipeline.php(171): Illuminate\\Foundation\\Http\\Middleware\\ValidatePostSize->handle()
#21 /home/alejandro/play-work/playgroup-admin---laravel/vendor/laravel/framework/src/Illuminate/Foundation/Http/Middleware/CheckForMaintenanceMode.php(63): Illuminate\\Pipeline\\Pipeline->Illuminate\\Pipeline\\{closure}()
#22 /home/alejandro/play-work/playgroup-admin---laravel/vendor/laravel/framework/src/Illuminate/Pipeline/Pipeline.php(171): Illuminate\\Foundation\\Http\\Middleware\\CheckForMaintenanceMode->handle()
#23 /home/alejandro/play-work/playgroup-admin---laravel/vendor/fideloper/proxy/src/TrustProxies.php(57): Illuminate\\Pipeline\\Pipeline->Illuminate\\Pipeline\\{closure}()
#24 /home/alejandro/play-work/playgroup-admin---laravel/vendor/laravel/framework/src/Illuminate/Pipeline/Pipeline.php(171): Fideloper\\Proxy\\TrustProxies->handle()
#25 /home/alejandro/play-work/playgroup-admin---laravel/vendor/laravel/framework/src/Illuminate/Pipeline/Pipeline.php(105): Illuminate\\Pipeline\\Pipeline->Illuminate\\Pipeline\\{closure}()
#26 /home/alejandro/play-work/playgroup-admin---laravel/vendor/laravel/framework/src/Illuminate/Foundation/Http/Kernel.php(145): Illuminate\\Pipeline\\Pipeline->then()
#27 /home/alejandro/play-work/playgroup-admin---laravel/vendor/laravel/framework/src/Illuminate/Foundation/Http/Kernel.php(110): Illuminate\\Foundation\\Http\\Kernel->sendRequestThroughRouter()
#28 /home/alejandro/play-work/playgroup-admin---laravel/public/index.php(55): Illuminate\\Foundation\\Http\\Kernel->handle()
#29 /home/alejandro/play-work/playgroup-admin---laravel/server.php(21): require_once('/home/alejandro...')
#30 {main}
"} 
[2025-05-17 23:04:03] local.ERROR: Trying to get property 'content' of non-object {"exception":"[object] (ErrorException(code: 0): Trying to get property 'content' of non-object at /home/alejandro/play-work/playgroup-admin---laravel/app/Http/Controllers/Api/ApiController.php:80)
[stacktrace]
#0 /home/alejandro/play-work/playgroup-admin---laravel/app/Http/Controllers/Api/ApiController.php(80): Illuminate\\Foundation\\Bootstrap\\HandleExceptions->handleError()
#1 /home/alejandro/play-work/playgroup-admin---laravel/vendor/laravel/framework/src/Illuminate/Routing/Controller.php(54): App\\Http\\Controllers\\Api\\ApiController->qualityProcessData()
#2 /home/alejandro/play-work/playgroup-admin---laravel/vendor/laravel/framework/src/Illuminate/Routing/ControllerDispatcher.php(45): Illuminate\\Routing\\Controller->callAction()
#3 /home/alejandro/play-work/playgroup-admin---laravel/vendor/laravel/framework/src/Illuminate/Routing/Route.php(219): Illuminate\\Routing\\ControllerDispatcher->dispatch()
#4 /home/alejandro/play-work/playgroup-admin---laravel/vendor/laravel/framework/src/Illuminate/Routing/Route.php(176): Illuminate\\Routing\\Route->runController()
#5 /home/alejandro/play-work/playgroup-admin---laravel/vendor/laravel/framework/src/Illuminate/Routing/Router.php(681): Illuminate\\Routing\\Route->run()
#6 /home/alejandro/play-work/playgroup-admin---laravel/vendor/laravel/framework/src/Illuminate/Pipeline/Pipeline.php(130): Illuminate\\Routing\\Router->Illuminate\\Routing\\{closure}()
#7 /home/alejandro/play-work/playgroup-admin---laravel/vendor/laravel/framework/src/Illuminate/Routing/Middleware/SubstituteBindings.php(41): Illuminate\\Pipeline\\Pipeline->Illuminate\\Pipeline\\{closure}()
#8 /home/alejandro/play-work/playgroup-admin---laravel/vendor/laravel/framework/src/Illuminate/Pipeline/Pipeline.php(171): Illuminate\\Routing\\Middleware\\SubstituteBindings->handle()
#9 /home/alejandro/play-work/playgroup-admin---laravel/vendor/laravel/framework/src/Illuminate/Pipeline/Pipeline.php(105): Illuminate\\Pipeline\\Pipeline->Illuminate\\Pipeline\\{closure}()
#10 /home/alejandro/play-work/playgroup-admin---laravel/vendor/laravel/framework/src/Illuminate/Routing/Router.php(683): Illuminate\\Pipeline\\Pipeline->then()
#11 /home/alejandro/play-work/playgroup-admin---laravel/vendor/laravel/framework/src/Illuminate/Routing/Router.php(658): Illuminate\\Routing\\Router->runRouteWithinStack()
#12 /home/alejandro/play-work/playgroup-admin---laravel/vendor/laravel/framework/src/Illuminate/Routing/Router.php(624): Illuminate\\Routing\\Router->runRoute()
#13 /home/alejandro/play-work/playgroup-admin---laravel/vendor/laravel/framework/src/Illuminate/Routing/Router.php(613): Illuminate\\Routing\\Router->dispatchToRoute()
#14 /home/alejandro/play-work/playgroup-admin---laravel/vendor/laravel/framework/src/Illuminate/Foundation/Http/Kernel.php(170): Illuminate\\Routing\\Router->dispatch()
#15 /home/alejandro/play-work/playgroup-admin---laravel/vendor/laravel/framework/src/Illuminate/Pipeline/Pipeline.php(130): Illuminate\\Foundation\\Http\\Kernel->Illuminate\\Foundation\\Http\\{closure}()
#16 /home/alejandro/play-work/playgroup-admin---laravel/vendor/laravel/framework/src/Illuminate/Foundation/Http/Middleware/TransformsRequest.php(21): Illuminate\\Pipeline\\Pipeline->Illuminate\\Pipeline\\{closure}()
#17 /home/alejandro/play-work/playgroup-admin---laravel/vendor/laravel/framework/src/Illuminate/Pipeline/Pipeline.php(171): Illuminate\\Foundation\\Http\\Middleware\\TransformsRequest->handle()
#18 /home/alejandro/play-work/playgroup-admin---laravel/vendor/laravel/framework/src/Illuminate/Foundation/Http/Middleware/TransformsRequest.php(21): Illuminate\\Pipeline\\Pipeline->Illuminate\\Pipeline\\{closure}()
#19 /home/alejandro/play-work/playgroup-admin---laravel/vendor/laravel/framework/src/Illuminate/Pipeline/Pipeline.php(171): Illuminate\\Foundation\\Http\\Middleware\\TransformsRequest->handle()
#20 /home/alejandro/play-work/playgroup-admin---laravel/vendor/laravel/framework/src/Illuminate/Foundation/Http/Middleware/ValidatePostSize.php(27): Illuminate\\Pipeline\\Pipeline->Illuminate\\Pipeline\\{closure}()
#21 /home/alejandro/play-work/playgroup-admin---laravel/vendor/laravel/framework/src/Illuminate/Pipeline/Pipeline.php(171): Illuminate\\Foundation\\Http\\Middleware\\ValidatePostSize->handle()
#22 /home/alejandro/play-work/playgroup-admin---laravel/vendor/laravel/framework/src/Illuminate/Foundation/Http/Middleware/CheckForMaintenanceMode.php(63): Illuminate\\Pipeline\\Pipeline->Illuminate\\Pipeline\\{closure}()
#23 /home/alejandro/play-work/playgroup-admin---laravel/vendor/laravel/framework/src/Illuminate/Pipeline/Pipeline.php(171): Illuminate\\Foundation\\Http\\Middleware\\CheckForMaintenanceMode->handle()
#24 /home/alejandro/play-work/playgroup-admin---laravel/vendor/fideloper/proxy/src/TrustProxies.php(57): Illuminate\\Pipeline\\Pipeline->Illuminate\\Pipeline\\{closure}()
#25 /home/alejandro/play-work/playgroup-admin---laravel/vendor/laravel/framework/src/Illuminate/Pipeline/Pipeline.php(171): Fideloper\\Proxy\\TrustProxies->handle()
#26 /home/alejandro/play-work/playgroup-admin---laravel/vendor/laravel/framework/src/Illuminate/Pipeline/Pipeline.php(105): Illuminate\\Pipeline\\Pipeline->Illuminate\\Pipeline\\{closure}()
#27 /home/alejandro/play-work/playgroup-admin---laravel/vendor/laravel/framework/src/Illuminate/Foundation/Http/Kernel.php(145): Illuminate\\Pipeline\\Pipeline->then()
#28 /home/alejandro/play-work/playgroup-admin---laravel/vendor/laravel/framework/src/Illuminate/Foundation/Http/Kernel.php(110): Illuminate\\Foundation\\Http\\Kernel->sendRequestThroughRouter()
#29 /home/alejandro/play-work/playgroup-admin---laravel/public/index.php(55): Illuminate\\Foundation\\Http\\Kernel->handle()
#30 /home/alejandro/play-work/playgroup-admin---laravel/server.php(21): require_once('/home/alejandro...')
#31 {main}
"} 
[2025-05-17 23:04:03] local.ERROR: Call to a member function unsetRelation() on null {"exception":"[object] (Symfony\\Component\\Debug\\Exception\\FatalThrowableError(code: 0): Call to a member function unsetRelation() on null at /home/alejandro/play-work/playgroup-admin---laravel/app/Http/Controllers/Api/PageController.php:45)
[stacktrace]
#0 /home/alejandro/play-work/playgroup-admin---laravel/vendor/laravel/framework/src/Illuminate/Routing/Controller.php(54): App\\Http\\Controllers\\Api\\PageController->getPodcasts()
#1 /home/alejandro/play-work/playgroup-admin---laravel/vendor/laravel/framework/src/Illuminate/Routing/ControllerDispatcher.php(45): Illuminate\\Routing\\Controller->callAction()
#2 /home/alejandro/play-work/playgroup-admin---laravel/vendor/laravel/framework/src/Illuminate/Routing/Route.php(219): Illuminate\\Routing\\ControllerDispatcher->dispatch()
#3 /home/alejandro/play-work/playgroup-admin---laravel/vendor/laravel/framework/src/Illuminate/Routing/Route.php(176): Illuminate\\Routing\\Route->runController()
#4 /home/alejandro/play-work/playgroup-admin---laravel/vendor/laravel/framework/src/Illuminate/Routing/Router.php(681): Illuminate\\Routing\\Route->run()
#5 /home/alejandro/play-work/playgroup-admin---laravel/vendor/laravel/framework/src/Illuminate/Pipeline/Pipeline.php(130): Illuminate\\Routing\\Router->Illuminate\\Routing\\{closure}()
#6 /home/alejandro/play-work/playgroup-admin---laravel/vendor/laravel/framework/src/Illuminate/Routing/Middleware/SubstituteBindings.php(41): Illuminate\\Pipeline\\Pipeline->Illuminate\\Pipeline\\{closure}()
#7 /home/alejandro/play-work/playgroup-admin---laravel/vendor/laravel/framework/src/Illuminate/Pipeline/Pipeline.php(171): Illuminate\\Routing\\Middleware\\SubstituteBindings->handle()
#8 /home/alejandro/play-work/playgroup-admin---laravel/vendor/laravel/framework/src/Illuminate/Pipeline/Pipeline.php(105): Illuminate\\Pipeline\\Pipeline->Illuminate\\Pipeline\\{closure}()
#9 /home/alejandro/play-work/playgroup-admin---laravel/vendor/laravel/framework/src/Illuminate/Routing/Router.php(683): Illuminate\\Pipeline\\Pipeline->then()
#10 /home/alejandro/play-work/playgroup-admin---laravel/vendor/laravel/framework/src/Illuminate/Routing/Router.php(658): Illuminate\\Routing\\Router->runRouteWithinStack()
#11 /home/alejandro/play-work/playgroup-admin---laravel/vendor/laravel/framework/src/Illuminate/Routing/Router.php(624): Illuminate\\Routing\\Router->runRoute()
#12 /home/alejandro/play-work/playgroup-admin---laravel/vendor/laravel/framework/src/Illuminate/Routing/Router.php(613): Illuminate\\Routing\\Router->dispatchToRoute()
#13 /home/alejandro/play-work/playgroup-admin---laravel/vendor/laravel/framework/src/Illuminate/Foundation/Http/Kernel.php(170): Illuminate\\Routing\\Router->dispatch()
#14 /home/alejandro/play-work/playgroup-admin---laravel/vendor/laravel/framework/src/Illuminate/Pipeline/Pipeline.php(130): Illuminate\\Foundation\\Http\\Kernel->Illuminate\\Foundation\\Http\\{closure}()
#15 /home/alejandro/play-work/playgroup-admin---laravel/vendor/laravel/framework/src/Illuminate/Foundation/Http/Middleware/TransformsRequest.php(21): Illuminate\\Pipeline\\Pipeline->Illuminate\\Pipeline\\{closure}()
#16 /home/alejandro/play-work/playgroup-admin---laravel/vendor/laravel/framework/src/Illuminate/Pipeline/Pipeline.php(171): Illuminate\\Foundation\\Http\\Middleware\\TransformsRequest->handle()
#17 /home/alejandro/play-work/playgroup-admin---laravel/vendor/laravel/framework/src/Illuminate/Foundation/Http/Middleware/TransformsRequest.php(21): Illuminate\\Pipeline\\Pipeline->Illuminate\\Pipeline\\{closure}()
#18 /home/alejandro/play-work/playgroup-admin---laravel/vendor/laravel/framework/src/Illuminate/Pipeline/Pipeline.php(171): Illuminate\\Foundation\\Http\\Middleware\\TransformsRequest->handle()
#19 /home/alejandro/play-work/playgroup-admin---laravel/vendor/laravel/framework/src/Illuminate/Foundation/Http/Middleware/ValidatePostSize.php(27): Illuminate\\Pipeline\\Pipeline->Illuminate\\Pipeline\\{closure}()
#20 /home/alejandro/play-work/playgroup-admin---laravel/vendor/laravel/framework/src/Illuminate/Pipeline/Pipeline.php(171): Illuminate\\Foundation\\Http\\Middleware\\ValidatePostSize->handle()
#21 /home/alejandro/play-work/playgroup-admin---laravel/vendor/laravel/framework/src/Illuminate/Foundation/Http/Middleware/CheckForMaintenanceMode.php(63): Illuminate\\Pipeline\\Pipeline->Illuminate\\Pipeline\\{closure}()
#22 /home/alejandro/play-work/playgroup-admin---laravel/vendor/laravel/framework/src/Illuminate/Pipeline/Pipeline.php(171): Illuminate\\Foundation\\Http\\Middleware\\CheckForMaintenanceMode->handle()
#23 /home/alejandro/play-work/playgroup-admin---laravel/vendor/fideloper/proxy/src/TrustProxies.php(57): Illuminate\\Pipeline\\Pipeline->Illuminate\\Pipeline\\{closure}()
#24 /home/alejandro/play-work/playgroup-admin---laravel/vendor/laravel/framework/src/Illuminate/Pipeline/Pipeline.php(171): Fideloper\\Proxy\\TrustProxies->handle()
#25 /home/alejandro/play-work/playgroup-admin---laravel/vendor/laravel/framework/src/Illuminate/Pipeline/Pipeline.php(105): Illuminate\\Pipeline\\Pipeline->Illuminate\\Pipeline\\{closure}()
#26 /home/alejandro/play-work/playgroup-admin---laravel/vendor/laravel/framework/src/Illuminate/Foundation/Http/Kernel.php(145): Illuminate\\Pipeline\\Pipeline->then()
#27 /home/alejandro/play-work/playgroup-admin---laravel/vendor/laravel/framework/src/Illuminate/Foundation/Http/Kernel.php(110): Illuminate\\Foundation\\Http\\Kernel->sendRequestThroughRouter()
#28 /home/alejandro/play-work/playgroup-admin---laravel/public/index.php(55): Illuminate\\Foundation\\Http\\Kernel->handle()
#29 /home/alejandro/play-work/playgroup-admin---laravel/server.php(21): require_once('/home/alejandro...')
#30 {main}
"} 
[2025-05-17 23:04:03] local.ERROR: Trying to get property 'content' of non-object {"exception":"[object] (ErrorException(code: 0): Trying to get property 'content' of non-object at /home/alejandro/play-work/playgroup-admin---laravel/app/Http/Controllers/Api/ApiController.php:80)
[stacktrace]
#0 /home/alejandro/play-work/playgroup-admin---laravel/app/Http/Controllers/Api/ApiController.php(80): Illuminate\\Foundation\\Bootstrap\\HandleExceptions->handleError()
#1 /home/alejandro/play-work/playgroup-admin---laravel/vendor/laravel/framework/src/Illuminate/Routing/Controller.php(54): App\\Http\\Controllers\\Api\\ApiController->qualityProcessData()
#2 /home/alejandro/play-work/playgroup-admin---laravel/vendor/laravel/framework/src/Illuminate/Routing/ControllerDispatcher.php(45): Illuminate\\Routing\\Controller->callAction()
#3 /home/alejandro/play-work/playgroup-admin---laravel/vendor/laravel/framework/src/Illuminate/Routing/Route.php(219): Illuminate\\Routing\\ControllerDispatcher->dispatch()
#4 /home/alejandro/play-work/playgroup-admin---laravel/vendor/laravel/framework/src/Illuminate/Routing/Route.php(176): Illuminate\\Routing\\Route->runController()
#5 /home/alejandro/play-work/playgroup-admin---laravel/vendor/laravel/framework/src/Illuminate/Routing/Router.php(681): Illuminate\\Routing\\Route->run()
#6 /home/alejandro/play-work/playgroup-admin---laravel/vendor/laravel/framework/src/Illuminate/Pipeline/Pipeline.php(130): Illuminate\\Routing\\Router->Illuminate\\Routing\\{closure}()
#7 /home/alejandro/play-work/playgroup-admin---laravel/vendor/laravel/framework/src/Illuminate/Routing/Middleware/SubstituteBindings.php(41): Illuminate\\Pipeline\\Pipeline->Illuminate\\Pipeline\\{closure}()
#8 /home/alejandro/play-work/playgroup-admin---laravel/vendor/laravel/framework/src/Illuminate/Pipeline/Pipeline.php(171): Illuminate\\Routing\\Middleware\\SubstituteBindings->handle()
#9 /home/alejandro/play-work/playgroup-admin---laravel/vendor/laravel/framework/src/Illuminate/Pipeline/Pipeline.php(105): Illuminate\\Pipeline\\Pipeline->Illuminate\\Pipeline\\{closure}()
#10 /home/alejandro/play-work/playgroup-admin---laravel/vendor/laravel/framework/src/Illuminate/Routing/Router.php(683): Illuminate\\Pipeline\\Pipeline->then()
#11 /home/alejandro/play-work/playgroup-admin---laravel/vendor/laravel/framework/src/Illuminate/Routing/Router.php(658): Illuminate\\Routing\\Router->runRouteWithinStack()
#12 /home/alejandro/play-work/playgroup-admin---laravel/vendor/laravel/framework/src/Illuminate/Routing/Router.php(624): Illuminate\\Routing\\Router->runRoute()
#13 /home/alejandro/play-work/playgroup-admin---laravel/vendor/laravel/framework/src/Illuminate/Routing/Router.php(613): Illuminate\\Routing\\Router->dispatchToRoute()
#14 /home/alejandro/play-work/playgroup-admin---laravel/vendor/laravel/framework/src/Illuminate/Foundation/Http/Kernel.php(170): Illuminate\\Routing\\Router->dispatch()
#15 /home/alejandro/play-work/playgroup-admin---laravel/vendor/laravel/framework/src/Illuminate/Pipeline/Pipeline.php(130): Illuminate\\Foundation\\Http\\Kernel->Illuminate\\Foundation\\Http\\{closure}()
#16 /home/alejandro/play-work/playgroup-admin---laravel/vendor/laravel/framework/src/Illuminate/Foundation/Http/Middleware/TransformsRequest.php(21): Illuminate\\Pipeline\\Pipeline->Illuminate\\Pipeline\\{closure}()
#17 /home/alejandro/play-work/playgroup-admin---laravel/vendor/laravel/framework/src/Illuminate/Pipeline/Pipeline.php(171): Illuminate\\Foundation\\Http\\Middleware\\TransformsRequest->handle()
#18 /home/alejandro/play-work/playgroup-admin---laravel/vendor/laravel/framework/src/Illuminate/Foundation/Http/Middleware/TransformsRequest.php(21): Illuminate\\Pipeline\\Pipeline->Illuminate\\Pipeline\\{closure}()
#19 /home/alejandro/play-work/playgroup-admin---laravel/vendor/laravel/framework/src/Illuminate/Pipeline/Pipeline.php(171): Illuminate\\Foundation\\Http\\Middleware\\TransformsRequest->handle()
#20 /home/alejandro/play-work/playgroup-admin---laravel/vendor/laravel/framework/src/Illuminate/Foundation/Http/Middleware/ValidatePostSize.php(27): Illuminate\\Pipeline\\Pipeline->Illuminate\\Pipeline\\{closure}()
#21 /home/alejandro/play-work/playgroup-admin---laravel/vendor/laravel/framework/src/Illuminate/Pipeline/Pipeline.php(171): Illuminate\\Foundation\\Http\\Middleware\\ValidatePostSize->handle()
#22 /home/alejandro/play-work/playgroup-admin---laravel/vendor/laravel/framework/src/Illuminate/Foundation/Http/Middleware/CheckForMaintenanceMode.php(63): Illuminate\\Pipeline\\Pipeline->Illuminate\\Pipeline\\{closure}()
#23 /home/alejandro/play-work/playgroup-admin---laravel/vendor/laravel/framework/src/Illuminate/Pipeline/Pipeline.php(171): Illuminate\\Foundation\\Http\\Middleware\\CheckForMaintenanceMode->handle()
#24 /home/alejandro/play-work/playgroup-admin---laravel/vendor/fideloper/proxy/src/TrustProxies.php(57): Illuminate\\Pipeline\\Pipeline->Illuminate\\Pipeline\\{closure}()
#25 /home/alejandro/play-work/playgroup-admin---laravel/vendor/laravel/framework/src/Illuminate/Pipeline/Pipeline.php(171): Fideloper\\Proxy\\TrustProxies->handle()
#26 /home/alejandro/play-work/playgroup-admin---laravel/vendor/laravel/framework/src/Illuminate/Pipeline/Pipeline.php(105): Illuminate\\Pipeline\\Pipeline->Illuminate\\Pipeline\\{closure}()
#27 /home/alejandro/play-work/playgroup-admin---laravel/vendor/laravel/framework/src/Illuminate/Foundation/Http/Kernel.php(145): Illuminate\\Pipeline\\Pipeline->then()
#28 /home/alejandro/play-work/playgroup-admin---laravel/vendor/laravel/framework/src/Illuminate/Foundation/Http/Kernel.php(110): Illuminate\\Foundation\\Http\\Kernel->sendRequestThroughRouter()
#29 /home/alejandro/play-work/playgroup-admin---laravel/public/index.php(55): Illuminate\\Foundation\\Http\\Kernel->handle()
#30 /home/alejandro/play-work/playgroup-admin---laravel/server.php(21): require_once('/home/alejandro...')
#31 {main}
"} 
